Tetramer,Info,Buckle,Shift,Propeller,Slide,Opening,Rise,Shear,Roll,Stretch,Twist,Stagger,Tilt,Buckle_2,Shift_2,Propeller_2,Slide_2,Opening_2,Rise_2
AAAA,Shape,0.12329892,0.10336711,-3.65897262,-0.18655863,0.72694252,3.41871767,-0.11341518,-0.47567810,-0.35285074,34.15610784,0.09583265,2.50232522,0.24696099,-0.12668354,-9.93320374,-0.27735547,0.77580245,3.40251888
AAAC,Shape,0.12193716,0.01924354,-7.18013349,-0.33981299,0.63434630,3.40273799,-0.17157024,-0.18199840,-0.22888437,35.12957246,0.23542490,3.28791344,0.28233381,-0.10911558,-9.54312514,-0.31069292,0.65156035,3.38387750
AAAG,Shape,0.12745767,0.01218354,-8.07552038,-0.31372659,0.92918461,3.41513129,-0.02531496,0.05335908,-0.16208323,35.85316903,0.23426810,2.44426263,0.11980709,-0.21844323,-10.50039629,-0.38547939,0.35494541,3.36710483
AAAT,Shape,0.30167552,0.06688490,-6.31697404,-0.13816489,1.38594445,3.42060718,-0.11425459,-0.63894118,-0.21574142,35.68677335,0.18444834,1.06633882,-0.09996705,-0.22451022,-9.89700653,-0.34023766,0.42821903,3.38153773
AACA,Shape,0.49725415,0.04614159,-6.33300104,-0.22231348,1.03081996,3.40424140,-0.31178380,-1.40177706,-0.22400590,35.64254705,0.18760417,1.30651441,-0.01771742,-0.10298271,-7.82449953,-0.27770191,0.50375483,3.38780861
AACC,Shape,0.39646618,-0.05627269,-8.98740099,-0.35212266,0.96628623,3.37803453,-0.33172431,-1.02508754,-0.14734719,36.63252155,0.22840253,1.69444017,0.11586507,-0.09105828,-7.26511257,-0.35628904,0.34611271,3.38040585
AACG,Shape,0.17616992,-0.17745791,-9.37468369,-0.20278504,1.09445540,3.39715498,-0.25350875,0.26521277,0.04578535,37.21814405,0.20288593,0.94781553,-0.05564145,-0.14336238,-10.27027416,-0.51086905,0.13249161,3.38129934
AACT,Shape,0.34418895,-0.10251848,-7.64126223,-0.08567586,1.17728742,3.40276503,-0.28025280,-0.01802134,0.01213141,36.84189844,0.11598303,0.21602778,-0.07003036,-0.16143214,-9.72663845,-0.51495168,0.24181656,3.40187277
AAGA,Shape,0.37638386,-0.06174592,-6.44757663,-0.09544024,1.10811070,3.38303859,-0.48687999,-0.29075861,0.00389246,36.30612361,0.06541962,-0.01688371,0.05427657,-0.08836187,-8.89917346,-0.41449110,0.46916694,3.40999599
AAGC,Shape,0.21066169,-0.20557593,-8.33774888,-0.27286304,0.69699278,3.37012122,-0.40444564,0.97606120,0.12322831,36.83123660,0.12292903,0.67228486,0.12970254,-0.02753555,-10.17155904,-0.55239512,0.42277919,3.40635527
AAGG,Shape,-0.01097239,-0.14320353,-8.46231884,-0.16536242,0.70819832,3.38396187,-0.23771340,2.98357106,0.20132005,36.68240363,0.09664860,0.66497825,0.09980184,-0.16633522,-12.96241624,-0.64539410,0.36154034,3.41859523
AAGT,Shape,0.17101135,-0.05940143,-4.66943326,-0.08221502,0.71086749,3.36154280,-0.18443311,2.54578267,0.13675125,36.05655150,0.01233496,0.12551309,0.06096583,-0.14747808,-13.28134805,-0.56650425,0.71518168,3.42183367
AATA,Shape,0.25935352,0.05003584,-4.27527855,-0.16986330,0.51030716,3.37544897,-0.29593608,2.21607376,0.05347879,35.41031078,0.02302789,1.44607108,0.14807635,-0.16616158,-12.30880627,-0.41723380,1.09598736,3.42992894
AATC,Shape,0.14735589,-0.08437144,-7.44776259,-0.38965874,0.01722911,3.36954012,-0.16620770,2.73880880,0.04511826,35.99834411,0.11163351,1.69594016,0.16331115,-0.19217921,-12.70378594,-0.44997316,0.90759160,3.41124563
AATG,Shape,-0.01999639,-0.08601626,-6.95894114,-0.38561362,0.28122968,3.37562101,-0.00512446,3.54206749,0.15470231,36.26958553,0.14262624,1.65598176,-0.03893037,-0.29025993,-14.82988220,-0.50123692,0.87192746,3.42509538
AATT,Shape,0.37206612,0.07915583,-5.76791467,-0.31679609,0.39402105,3.37979642,0.08300709,3.31378394,0.07334215,35.71197032,0.06706916,0.82459845,-0.24171663,-0.35131882,-14.12739916,-0.35805142,1.17577539,3.42540757
ACAA,Shape,0.47476778,0.09009999,-7.57452945,-0.48094808,0.25094679,3.38879108,-0.02325866,1.55951659,-0.05760606,35.31115328,0.11224405,1.15949180,-0.16101568,-0.30704765,-12.12237998,-0.16040134,1.32815643,3.42637665
ACAC,Shape,0.49496239,0.07573388,-10.87793827,-0.68833076,-0.00977531,3.39649594,0.01400106,2.38526222,0.05183583,36.42996191,0.19868038,1.79747115,-0.14026395,-0.27803881,-10.85339064,-0.26261482,1.14781548,3.41248311
ACAG,Shape,0.35091382,-0.09033440,-12.45293283,-0.69493601,0.47010291,3.40473046,0.14735493,2.91799206,0.10598883,36.57871790,0.23656510,0.50050197,-0.34300643,-0.35886597,-11.48098992,-0.24800052,0.92745455,3.40661640
ACAT,Shape,0.54652613,-0.00134903,-11.40140920,-0.52487847,0.62255390,3.41276203,0.08800941,2.26041241,0.03682076,36.52921204,0.11136229,-0.47580454,-0.49269401,-0.35510348,-10.52645913,-0.20127432,1.06301341,3.41925396
ACCA,Shape,0.72551870,0.02598241,-12.35768214,-0.57661139,0.69963561,3.39379689,-0.05625279,1.49629053,0.02098800,36.07577771,0.10188741,-0.47118412,-0.45349228,-0.23725140,-7.49727622,-0.12720598,1.18596290,3.41042026
ACCC,Shape,0.52372831,-0.20902268,-14.62818207,-0.62773095,0.53866157,3.39601857,-0.09028629,1.88752843,0.12782613,37.11224483,0.13660646,-0.46022630,-0.30970158,-0.19091709,-7.84472761,-0.16054349,0.91315501,3.41660212
ACCG,Shape,0.36129027,-0.30577950,-15.02158691,-0.56504465,0.75049909,3.40708358,0.00143920,2.87074467,0.27538281,37.65752400,0.11722454,-0.89095573,-0.44840353,-0.22754967,-8.67795715,-0.32662933,0.69482199,3.40560486
ACCT,Shape,0.39808858,-0.25351095,-13.11742742,-0.40268681,0.87344446,3.40680347,-0.00158560,3.11256713,0.20562127,36.91841600,-0.03128823,-2.74552623,-0.51436974,-0.23794786,-8.72203950,-0.28790118,0.88076819,3.41620867
ACGA,Shape,0.40145506,-0.22268360,-12.57791220,-0.42905673,0.79020356,3.39693369,-0.08960351,2.71981095,0.16644508,36.18533562,-0.07903478,-2.31882180,-0.29696812,-0.13330974,-6.92494919,-0.18850195,1.20590769,3.44432734
ACGC,Shape,0.03420723,-0.37186896,-14.07570632,-0.48355281,0.51984699,3.37976307,-0.11736245,3.62346034,0.25993153,36.55069451,-0.02527698,-1.28385753,-0.16015573,-0.09556277,-7.02861708,-0.28298188,0.96939787,3.42560256
ACGG,Shape,-0.13726008,-0.39125434,-12.96818722,-0.43070867,0.58950907,3.39462560,0.06603937,5.05927427,0.38247639,36.43439608,-0.07126164,-1.72261026,-0.23151547,-0.13646663,-10.36837070,-0.36798306,1.06305471,3.41748361
ACGT,Shape,-0.09330873,-0.30763349,-10.92050514,-0.29761253,0.86667337,3.40189660,0.11891761,5.28510804,0.23804831,35.31712435,-0.15192180,-2.36030904,-0.34709244,-0.22132135,-10.52403684,-0.30324325,1.19624036,3.44677441
ACTA,Shape,0.08224293,-0.24665720,-10.38441466,-0.44040851,0.45285278,3.39502427,0.15393214,4.28926237,0.12454250,34.67530019,-0.17145901,-1.54840671,-0.14467554,-0.12126194,-8.92314968,-0.13142944,1.54885541,3.44584917
ACTC,Shape,-0.19273741,-0.28582345,-12.66484530,-0.58480194,0.27993712,3.38939764,0.17511361,5.19136020,0.14936157,35.35204429,-0.08598301,-0.35185946,-0.03793230,-0.11769176,-8.37020278,-0.17181535,1.44897940,3.42690113
ACTG,Shape,-0.23753469,-0.35015359,-13.02291978,-0.52510942,0.47999882,3.40773973,0.31008103,5.97293541,0.20543648,35.17320652,-0.07795071,-0.35310007,-0.17319548,-0.21058053,-10.68936110,-0.16840429,1.44445958,3.43305576
ACTT,Shape,-0.09651426,-0.21628409,-10.79180001,-0.50189843,0.51216719,3.43612219,0.38811060,5.70994622,0.04679761,34.37605660,-0.13648234,-0.95788428,-0.36207244,-0.29357951,-10.03493148,-0.09472971,1.60444468,3.42320966
AGAA,Shape,0.07490190,-0.19481390,-11.31324807,-0.56527904,0.57087242,3.41946957,0.27185446,3.68960737,-0.07253568,34.36537864,-0.07970535,-0.94587611,-0.24205788,-0.19163631,-6.97271750,0.05183488,1.76374686,3.42049347
AGAC,Shape,0.11069572,-0.28967805,-15.58288113,-0.72470843,0.53747331,3.41161911,0.25649293,2.97656343,0.00069768,34.96218603,-0.01761965,0.13296940,-0.18675732,-0.14944819,-6.40709161,0.07078388,1.34511019,3.40569495
AGAG,Shape,-0.07274735,-0.34580918,-15.29074188,-0.71985397,0.87066398,3.43164716,0.38873166,4.04338767,0.00744001,35.35629816,0.00392776,-0.47087669,-0.37729657,-0.21976250,-7.00410494,-0.03980520,1.19979713,3.40047125
AGAT,Shape,0.12862929,-0.25282891,-14.97968867,-0.55665741,1.14399254,3.47119707,0.32869798,3.61657900,-0.05517250,34.76709942,-0.08342971,-2.33028935,-0.56002323,-0.19923008,-5.70961784,0.03936014,1.21101046,3.42240622
AGCA,Shape,0.24335055,-0.23761185,-14.87029486,-0.50079835,1.06690149,3.43689798,0.20000821,1.69651972,-0.13647683,34.83465535,-0.09911044,-2.00246768,-0.38098108,-0.08328698,-2.52053177,0.15114067,1.20282599,3.39968456
AGCC,Shape,-0.06363214,-0.41407002,-16.89744784,-0.55112953,1.10832159,3.43509355,0.19509463,2.83849211,-0.07089418,35.48759167,-0.04539176,-1.63558288,-0.18282327,-0.01798476,-2.44480178,0.02145893,0.92813622,3.39295545
AGCG,Shape,-0.25933719,-0.52133205,-17.79812635,-0.48056826,1.37780846,3.45133350,0.18023204,3.32909009,0.07939625,35.69525055,-0.06506879,-2.31593980,-0.29511509,-0.07741750,-4.33963550,-0.15121269,0.58503365,3.37910230
AGCT,Shape,-0.19127250,-0.48109133,-14.59419605,-0.24243251,1.56167664,3.44263427,0.15995726,2.68402172,0.03859907,34.61518227,-0.21735622,-3.03610510,-0.31630722,-0.05116690,-4.88556493,-0.09297129,0.97322409,3.40042109
AGGA,Shape,-0.15507531,-0.48004548,-13.52775327,-0.21846056,1.52524753,3.42444948,-0.00961369,1.86187690,-0.04440927,34.33282209,-0.19196139,-2.87918180,-0.09647506,0.09788271,-2.37656944,-0.06814649,1.04060427,3.41196915
AGGC,Shape,-0.41442909,-0.56141244,-15.08626370,-0.28431914,1.35768355,3.41671030,0.04384322,2.68814647,0.04130890,34.67265775,-0.16856255,-1.58180000,0.07075348,0.11487105,-3.17823074,-0.18694374,0.78467400,3.38789674
AGGG,Shape,-0.71564348,-0.61731848,-13.41697019,-0.22090020,1.35673736,3.42741107,0.12266097,4.14851719,0.09224958,34.58193280,-0.19180565,-1.67027141,0.09243910,0.03494826,-5.68470365,-0.23916378,0.70598786,3.40939043
AGGT,Shape,-0.64165234,-0.43426074,-9.59803293,-0.06107774,1.46448678,3.41198747,0.17773394,4.02321953,0.01453784,33.98434879,-0.28817259,-1.68155075,-0.01176377,-0.02089226,-5.98248227,-0.26567560,0.94516242,3.40498556
AGTA,Shape,-0.49984985,-0.39193702,-8.79848398,-0.13122436,1.23959636,3.41690468,0.15914473,2.75467440,-0.15754208,33.42156625,-0.27890583,-0.94743988,0.27573190,0.07266107,-4.80652880,-0.11221227,1.16210110,3.42719477
AGTC,Shape,-0.64506442,-0.44435057,-11.12736620,-0.25183106,0.93360389,3.41930209,0.20287372,3.15676225,-0.13344135,33.78877085,-0.16526023,0.30875593,0.35887137,0.06341448,-5.62357314,-0.16174259,1.06504446,3.39704254
AGTG,Shape,-0.75602527,-0.42522295,-9.89885755,-0.26819982,1.22170783,3.43034276,0.30695824,3.81345029,-0.06455055,33.57851048,-0.12487430,0.34854757,0.27043748,-0.03169832,-7.46348246,-0.20339244,0.86976568,3.39244157
AGTT,Shape,-0.53411331,-0.25167846,-7.93559463,-0.12283037,1.35886623,3.44418652,0.40715839,2.80786793,-0.25631984,33.32783764,-0.11823956,0.06238648,0.07050360,-0.08340978,-7.19736295,-0.20462881,1.05752886,3.40452393
ATAA,Shape,-0.18524001,-0.15618563,-9.36187203,-0.23559078,1.22482712,3.43800894,0.22332766,1.16565277,-0.39243431,33.09000741,-0.07485235,0.37998871,0.17184727,-0.03038265,-4.50348170,0.00003954,1.21949805,3.39665035
ATAC,Shape,-0.32437386,-0.28217305,-11.27160848,-0.39163085,0.99331622,3.43402987,0.15492631,1.03576879,-0.31191156,34.00963618,0.00587198,1.36923085,0.25903222,-0.01931146,-4.70587161,-0.05426743,0.85669163,3.37387566
ATAG,Shape,-0.41012638,-0.28407604,-10.89390514,-0.36520879,1.27247266,3.44395896,0.24977267,1.35987511,-0.23088937,34.21156929,0.05224038,0.83129406,0.03579161,-0.05434495,-6.35985209,-0.10979450,0.51447267,3.36534324
ATAT,Shape,-0.19230470,-0.22406994,-9.13708126,-0.16864455,1.74425386,3.46087844,0.19436889,-0.04092654,-0.33117609,34.16063585,-0.01507285,-0.47122275,-0.02078557,-0.06975011,-4.91417310,-0.16800616,0.54502271,3.36719021
ATCA,Shape,-0.00595325,-0.21974215,-10.22141389,-0.18393979,1.52635377,3.42729052,0.00953639,-1.02716614,-0.35472038,34.30906841,-0.02314651,-0.08834638,0.08469535,0.01535167,-2.47091069,-0.05327527,0.69692859,3.38061257
ATCC,Shape,-0.17914729,-0.32202828,-12.92510035,-0.21721307,1.50389301,3.42198335,-0.17778392,-1.32604572,-0.21143291,35.32870022,0.05458708,0.81021468,0.14084497,0.07209580,-2.95903313,-0.18734804,0.29904593,3.37965730
ATCG,Shape,-0.32523975,-0.41268867,-12.07367769,-0.11285359,1.77264963,3.42520093,0.00189687,0.01994551,-0.10741633,35.53606973,0.00632996,0.04426287,0.12931656,0.06919989,-4.65586793,-0.38198641,0.11628067,3.37212688
ATCT,Shape,-0.24415789,-0.32862105,-8.13116493,0.10822664,2.02127373,3.42160425,-0.15563372,-0.44056889,-0.13879161,34.82121054,-0.06999910,-0.30496913,0.02684813,0.02464618,-5.48106875,-0.35533891,0.20335226,3.39248793
ATGA,Shape,-0.16651670,-0.26569306,-7.73677704,0.08818667,1.64518574,3.41231453,-0.28769792,-0.58732406,-0.19646389,34.62210152,-0.08084675,-0.26156205,0.28661928,0.13692995,-4.47713474,-0.29793448,0.34780262,3.37433772
ATGC,Shape,-0.32546574,-0.41106159,-9.55087121,-0.00111279,1.38610355,3.40986270,-0.27250065,-0.03773954,-0.13166415,35.21353036,-0.01630771,1.07603769,0.46525208,0.16364996,-5.06679489,-0.42351557,0.21237040,3.38020972
ATGG,Shape,-0.62080995,-0.37694635,-7.87200414,0.04545784,1.49674048,3.40696701,-0.16027589,1.05957257,-0.02915035,34.84987224,-0.03867762,1.08154717,0.40029086,0.06175154,-8.52899116,-0.58874865,0.12985438,3.38925908
ATGT,Shape,-0.44003001,-0.24177119,-3.58933837,0.18139969,1.48684187,3.41053318,-0.07410081,1.43586372,-0.15835759,34.12160034,-0.10853124,0.45968665,0.27346442,0.00600916,-9.25340887,-0.48784509,0.37486321,3.39636848
ATTA,Shape,-0.22801083,-0.14996270,-3.36709778,0.12126995,1.23092065,3.40348177,-0.22396438,0.27793300,-0.15896218,33.88780822,-0.02344715,1.58504016,0.48289844,0.05026117,-8.17585605,-0.38867381,0.68307905,3.40274705
ATTC,Shape,-0.33139979,-0.16949121,-4.93524035,-0.09130972,0.81443606,3.38037081,-0.18254691,1.47458298,-0.15602091,34.53747090,0.02938146,2.73567357,0.54414182,0.01437672,-9.30682053,-0.41718381,0.62028353,3.38971074
ATTG,Shape,-0.42189348,-0.14710092,-4.94184990,-0.09706497,0.97215518,3.40221441,0.02277676,1.87155678,-0.10003651,34.69109865,0.11383991,2.74681722,0.41315066,-0.08735506,-12.60816856,-0.50774769,0.42767496,3.37670106
ATTT,Shape,-0.17790792,0.02048281,-3.07103236,-0.06245357,1.12379549,3.40883176,0.00215695,0.80887579,-0.21996380,34.35482674,0.05616129,2.25803320,0.15878781,-0.19670102,-11.64443103,-0.44723932,0.56962998,3.38307845
CAAA,Shape,0.13983289,0.10028677,-4.13380968,-0.13898760,0.80971125,3.39628459,-0.13187287,-0.39889906,-0.30543414,34.26728859,0.11748592,2.62789598,0.26997257,-0.11274602,-8.99387516,-0.27086013,0.86504725,3.39679573
CAAC,Shape,0.10595569,0.03619808,-7.10812596,-0.29375642,0.65578574,3.40234532,-0.14520621,0.03249995,-0.31083984,35.49194008,0.20790087,3.22260200,0.29491798,-0.07551468,-8.56967912,-0.30371309,0.53774372,3.36990180
CAAG,Shape,0.03741413,-0.05601444,-8.38844317,-0.29093649,0.92598069,3.40350515,-0.06983636,0.80872107,-0.20220621,35.74665193,0.26155465,2.18533597,0.16944602,-0.20194029,-10.73659082,-0.37989036,0.33830922,3.38745735
CAAT,Shape,0.37082925,0.05092397,-5.94768178,-0.22240607,1.19930017,3.40858177,-0.16509928,-0.33225343,-0.23208278,35.60065879,0.17801145,1.53340436,-0.10885169,-0.20043369,-10.04590898,-0.33261731,0.48935109,3.37334649
CACA,Shape,0.46274116,0.07751162,-6.66067431,-0.20869642,1.07505253,3.40151490,-0.29856423,-1.33548049,-0.22658374,35.91267067,0.17025107,1.71256628,-0.01765348,-0.11384722,-7.46156363,-0.26430683,0.62338476,3.39130519
CACC,Shape,0.35240691,-0.10425572,-9.89796597,-0.35009594,0.92869427,3.39041710,-0.33959000,-1.45959826,-0.09411245,36.54678175,0.24666163,1.70789068,0.08780672,-0.07134750,-7.64532060,-0.37573952,0.35593950,3.38011232
CACG,Shape,0.30508460,-0.16144899,-10.40199041,-0.23990935,1.04803257,3.39238499,-0.31482257,0.60029993,0.05389250,37.28873223,0.22004946,1.09417477,-0.04838743,-0.13518440,-9.96261451,-0.53092778,0.04270418,3.38961341
CACT,Shape,0.31070051,-0.09999974,-7.60864633,-0.06243131,1.16784551,3.40170456,-0.27600347,0.54289093,0.03876816,36.48451865,0.11714081,-0.63357028,-0.11206682,-0.12093061,-9.98312977,-0.50969332,0.32503474,3.40853346
CAGA,Shape,0.36279598,-0.05350743,-7.07240006,-0.11221864,1.04863582,3.37778117,-0.43699176,-0.19439525,0.03102618,36.22557268,0.06080861,0.03830395,0.11012924,-0.06522021,-8.59997832,-0.40649375,0.49442307,3.41022877
CAGC,Shape,0.26996957,-0.15247732,-7.63316354,-0.24287797,0.77978997,3.36899630,-0.38544557,0.86606703,0.15221288,36.73837608,0.11954961,1.31720913,0.19920216,-0.05106833,-9.85940524,-0.55186241,0.29620574,3.38360001
CAGG,Shape,-0.02593828,-0.19950836,-7.91087956,-0.14137988,0.76102645,3.37076273,-0.26780358,2.59533007,0.24698686,36.76317152,0.09351162,0.77850648,0.08539453,-0.11580484,-12.49220647,-0.65083563,0.41045984,3.41236953
CAGT,Shape,0.16352523,-0.03646573,-5.45638561,-0.05116810,0.68646853,3.38928824,-0.19870415,2.36558444,0.12357714,35.87324512,0.00463366,0.10896019,0.02435553,-0.18659213,-13.46252380,-0.54467111,0.66428320,3.41898020
CATA,Shape,0.23214762,0.02137609,-4.72464579,-0.14090539,0.48795427,3.36174441,-0.27407841,1.94374812,0.05400634,35.42549909,0.00876653,0.85077060,0.08044144,-0.16806673,-11.91889385,-0.43249527,1.02378921,3.44154205
CATC,Shape,0.09385319,-0.07556048,-6.58922150,-0.31721721,0.14327984,3.35530184,-0.22178720,2.33666601,0.05973667,35.83727069,0.10070160,2.20191463,0.27355017,-0.16061783,-13.20270800,-0.40817490,0.82293893,3.42312375
CATG,Shape,-0.01586380,-0.06505968,-8.54443812,-0.40983819,0.08485155,3.38936768,-0.02306565,4.12425722,0.12966456,36.16917712,0.11387671,1.70557348,0.03197496,-0.28462941,-14.77646050,-0.50100694,0.93360750,3.42232461
CATT,Shape,0.20794967,0.06445120,-6.27601686,-0.39567636,0.38139730,3.40228992,0.05143959,3.03336275,0.02465913,35.17204904,0.08564593,0.36445549,-0.17203047,-0.37254645,-13.85807257,-0.32205086,1.07533538,3.41021941
CCAA,Shape,0.52246282,0.13548485,-7.53497476,-0.48212244,0.22022144,3.38984889,-0.06490543,1.85086054,-0.04751199,35.44108954,0.10887791,1.18722591,-0.19554312,-0.32013050,-12.01129695,-0.18665122,1.43727279,3.42900916
CCAC,Shape,0.46832852,0.03873104,-11.06470498,-0.68222024,0.00885786,3.40367381,-0.03778676,2.48126537,0.00528599,36.46090917,0.20867159,1.81107157,-0.12898563,-0.33079480,-10.07571832,-0.20342086,1.19779781,3.39764970
CCAG,Shape,0.36150224,-0.07436460,-12.42638084,-0.66053118,0.56082539,3.40347208,0.11696780,2.98081855,0.04204880,36.86268793,0.20095913,0.69615587,-0.37705740,-0.34791915,-11.81427500,-0.26544144,0.89232714,3.39926912
CCAT,Shape,0.63157300,-0.02294995,-10.94594930,-0.51877818,0.72180992,3.41102295,0.08482397,2.55086782,0.04879660,36.53388374,0.11590386,-0.71451140,-0.49672582,-0.38616146,-10.67705373,-0.18404436,0.96900410,3.39927356
CCCA,Shape,0.73695300,-0.04280894,-12.41286505,-0.53139281,0.59798701,3.39981466,-0.09248644,0.87190611,-0.01100655,36.41686118,0.13360219,-0.75633798,-0.42673817,-0.25180006,-7.47950906,-0.08724614,1.21716244,3.43535864
CCCC,Shape,0.60078358,-0.15834492,-14.56573166,-0.65676351,0.53248171,3.38988653,-0.09625178,1.96642672,0.12657673,37.27852341,0.13766978,-0.26676608,-0.35014677,-0.22202231,-6.95463373,-0.19874253,0.88271972,3.40727252
CCCG,Shape,0.28469230,-0.31304561,-15.39987575,-0.56114407,0.94656153,3.40778752,0.01432719,3.34999364,0.26057306,37.29139358,0.10382985,-1.41884890,-0.43485378,-0.26117129,-9.48283904,-0.34391841,0.79366899,3.40293121
CCCT,Shape,0.37146296,-0.24355458,-12.60102424,-0.35729117,0.97419445,3.40322257,-0.03377515,2.80932784,0.22855138,36.87047305,-0.00915014,-2.66590218,-0.51209066,-0.21914358,-8.62498551,-0.29219650,0.95787609,3.44325276
CCGA,Shape,0.38327401,-0.20885663,-12.91305201,-0.40203757,0.80009385,3.37113744,-0.07708411,2.94321609,0.15931604,36.06523892,-0.05469770,-1.98186199,-0.32248953,-0.15929362,-7.06968778,-0.21711439,1.20778986,3.42262101
CCGC,Shape,0.10172961,-0.35780126,-13.24151906,-0.46476184,0.56150904,3.38570070,-0.11213148,3.36622665,0.27855302,36.71108432,-0.02089824,-1.39143080,-0.09012904,-0.07914721,-7.59605015,-0.23862521,1.08793008,3.42689316
CCGG,Shape,-0.13629248,-0.41205979,-12.56819020,-0.41090170,0.70360145,3.40759385,0.09692710,5.20183686,0.36191852,36.38147103,-0.08656397,-1.96235313,-0.23869546,-0.15744913,-11.03416307,-0.35026871,0.96744442,3.41608506
CCGT,Shape,-0.09078904,-0.31787832,-10.96151899,-0.35231494,0.75709596,3.38832214,0.16383460,5.19250012,0.22620555,35.76145288,-0.14967356,-2.02154287,-0.30064855,-0.18928877,-10.84111544,-0.30119333,1.23495336,3.44839023
CCTA,Shape,0.04797981,-0.21098198,-9.90397699,-0.35225347,0.47544202,3.39451601,0.14373277,4.37028834,0.14397082,34.99602148,-0.18308601,-1.39930147,-0.16184753,-0.12353652,-8.84132533,-0.19818551,1.42908838,3.44635092
CCTC,Shape,-0.15763205,-0.28161110,-11.81130322,-0.57123211,0.31340499,3.38082794,0.18626833,4.86542611,0.17398748,35.11124880,-0.05852989,-0.22567856,-0.00658073,-0.12513877,-9.26925030,-0.18787547,1.42045488,3.41487956
CCTG,Shape,-0.20848357,-0.34657395,-13.14712691,-0.57592461,0.50724191,3.40801332,0.32906155,5.93518569,0.19148373,34.94333794,-0.07969739,-0.58448107,-0.11171874,-0.23862022,-10.44112813,-0.16637757,1.34552631,3.42368811
CCTT,Shape,-0.12756418,-0.22145468,-10.77167935,-0.47249771,0.74360486,3.42481621,0.41362891,5.18866478,0.02334967,34.66584128,-0.14990234,-1.19065834,-0.32413574,-0.30469218,-9.60510279,-0.07823924,1.58208488,3.42784420
CGAA,Shape,0.14081686,-0.16580985,-12.08255016,-0.55759687,0.53180859,3.41167469,0.27809821,3.39002017,-0.06358171,34.16973199,-0.10248604,-0.97181331,-0.22815866,-0.21486329,-6.45697394,0.08854187,1.80999923,3.42892213
CGAC,Shape,0.06624537,-0.24742383,-14.91442261,-0.70917864,0.50358033,3.41138490,0.30869869,3.50882396,-0.03954311,34.95826348,-0.01239875,0.05241420,-0.15706777,-0.17550349,-7.05413537,0.06079476,1.35969774,3.40124401
CGAG,Shape,-0.11085616,-0.31995957,-15.56788293,-0.67157464,0.79914098,3.44019813,0.40534737,3.96456265,0.06101538,35.50465874,0.00831749,-1.06062313,-0.40672328,-0.22861143,-6.99438091,0.01607093,1.17399129,3.39890004
CGAT,Shape,0.09003106,-0.28965495,-14.77078396,-0.49614543,1.23569823,3.43341319,0.38675417,3.15570815,-0.06595615,34.83254096,-0.10111216,-2.11834520,-0.55122157,-0.23173367,-5.65376602,0.03250594,1.34954347,3.40174743
CGCA,Shape,0.20594181,-0.28690183,-14.86544560,-0.52280587,1.05751003,3.44096419,0.22007616,1.60679801,-0.11160693,34.56661646,-0.09843492,-1.83086822,-0.39419968,-0.07108603,-3.00606085,0.08870961,1.38995909,3.40292099
CGCC,Shape,0.02885008,-0.50453633,-17.89267780,-0.56291944,1.11332794,3.44147678,0.10219131,2.01868741,-0.01866166,35.56253609,-0.02274087,-1.05620283,-0.24493605,-0.03703984,-2.70689118,0.00546977,1.00152466,3.37394315
CGCG,Shape,-0.20645928,-0.52667785,-17.41799826,-0.43665064,1.45348620,3.43843996,0.16530157,3.35012849,0.08285807,35.75456465,-0.07068730,-2.27966042,-0.39565707,-0.05731837,-4.04004604,-0.16801806,0.73811123,3.39144207
CGCT,Shape,-0.14392109,-0.49269961,-14.22132176,-0.23365855,1.67619279,3.43461730,0.15940809,2.86531137,0.02212055,34.63803728,-0.18315350,-3.60188226,-0.38781923,-0.04706825,-3.97310519,-0.09454471,0.81522295,3.40074629
CGGA,Shape,-0.10120708,-0.46038437,-13.88792230,-0.27636381,1.43802143,3.41888649,0.00403113,2.45803469,-0.06548454,34.60717897,-0.21165467,-2.51869654,-0.15800975,0.07396407,-2.57293405,-0.05645207,1.00545584,3.40285662
CGGC,Shape,-0.39104236,-0.54503532,-14.37789015,-0.30538215,1.23783142,3.41732147,0.05228469,2.38638714,0.04530889,35.21853497,-0.18005270,-1.42615396,0.09980615,0.08574130,-3.25987362,-0.17269612,0.83804349,3.41066405
CGGG,Shape,-0.72935325,-0.62715845,-14.06185651,-0.23083199,1.33628307,3.43223390,0.13911169,4.26229714,0.12559860,34.68596222,-0.18197984,-1.59068953,0.07650367,0.01987052,-6.43631542,-0.22114908,0.75386503,3.39548009
CGGT,Shape,-0.62146863,-0.47404870,-9.36841768,-0.07236072,1.51463111,3.42326220,0.23655772,4.04806360,-0.02580610,33.41365415,-0.26315958,-1.77786312,0.07344211,0.03179520,-6.68960550,-0.25371681,0.95104423,3.40179096
CGTA,Shape,-0.47788646,-0.38409951,-8.60777241,-0.10481377,1.20878527,3.40926959,0.13317305,2.54904889,-0.12229719,33.24195811,-0.25684340,-0.65451008,0.23910920,0.05232306,-5.29885444,-0.13272532,1.20890225,3.41419846
CGTC,Shape,-0.58827693,-0.43088730,-10.33210489,-0.29173667,0.84380761,3.42164100,0.16814872,3.02685371,-0.14659401,33.49933289,-0.14601860,0.57312397,0.33957703,0.05641243,-5.87058836,-0.17937900,1.09577751,3.38745812
CGTG,Shape,-0.76156610,-0.35622560,-10.13462607,-0.21837567,1.22317999,3.43942134,0.38650291,4.41128400,-0.06589727,33.67391439,-0.12226493,0.28256986,0.15705017,-0.08042719,-7.68582565,-0.20309621,0.84637359,3.38860854
CGTT,Shape,-0.50385112,-0.27957411,-8.63436796,-0.15657197,1.27465723,3.43453900,0.34029242,2.93893941,-0.21283245,33.25915337,-0.16879132,0.11361905,0.04192681,-0.06512496,-6.80087651,-0.13797032,1.07281288,3.39292022
CTAA,Shape,-0.25181916,-0.18297837,-7.88048872,-0.26743111,1.32162681,3.42295419,0.19464840,1.67376456,-0.37472065,32.93641506,-0.09240665,0.68382176,0.17907206,-0.02557901,-4.91342022,-0.00305538,1.22957444,3.38521710
CTAC,Shape,-0.30888561,-0.24299605,-11.42286938,-0.39682860,1.07389789,3.42894354,0.21411568,0.62873202,-0.30714572,34.21555417,-0.00394129,1.38154758,0.24377827,-0.00166105,-4.50933324,-0.04943401,0.83289986,3.37449296
CTAG,Shape,-0.41376786,-0.34407626,-11.64655920,-0.31547282,1.48235114,3.45168087,0.27276738,1.65613745,-0.24626918,34.21851229,0.05358372,1.04508314,0.08431296,-0.05623494,-5.52788325,-0.09460521,0.65897108,3.36902468
CTAT,Shape,-0.14419540,-0.24931147,-9.10461462,-0.17599673,1.77343274,3.44776531,0.20795886,0.10274149,-0.29656329,33.91931785,-0.01749974,-0.26878112,-0.04693137,-0.06507463,-5.38926593,-0.15590222,0.69158230,3.38318678
CTCA,Shape,-0.00465830,-0.21242050,-9.29974047,-0.18789164,1.61352273,3.43065814,-0.04415411,-1.14499301,-0.34113644,34.19745801,-0.05419217,-0.04116612,0.01041334,0.05514558,-2.78640215,-0.08665260,0.62085497,3.39253095
CTCC,Shape,-0.17531971,-0.34126426,-12.45335077,-0.21516924,1.50063032,3.43671506,-0.15698907,-0.84939991,-0.21746151,35.23891947,0.08819115,0.46901466,0.17297793,0.08457024,-2.84020975,-0.15646159,0.34043777,3.36852420
CTCG,Shape,-0.35828092,-0.42068710,-12.47653290,-0.07882705,1.68629358,3.44907882,-0.07079214,0.18116345,-0.14702071,35.38909639,0.00793232,-0.18163055,0.11978670,0.07196720,-5.68639586,-0.30564848,-0.03414112,3.37904779
CTCT,Shape,-0.28029668,-0.37957609,-8.37725755,0.08848770,1.94429057,3.43427178,-0.14912112,-0.10333775,-0.15706854,34.76229651,-0.04218185,-0.68572994,0.00238009,0.07027658,-5.20188061,-0.35008469,0.20635691,3.38610004
CTGA,Shape,-0.05433295,-0.27125895,-9.20116641,0.06379340,1.66947932,3.40835692,-0.27815517,-0.62699408,-0.24565498,34.29679132,-0.11357481,-0.16069730,0.27861706,0.13792770,-4.37295501,-0.32340084,0.32676006,3.39221354
CTGC,Shape,-0.41391441,-0.33801464,-9.14977575,0.01184186,1.37359349,3.40310227,-0.28496589,0.48603791,-0.09411004,34.67459608,-0.06268396,0.93304909,0.45557658,0.15448046,-5.13525624,-0.39201752,0.22508492,3.38144294
CTGG,Shape,-0.63519506,-0.43206444,-7.65534694,0.04871219,1.35575780,3.40715663,-0.10144901,1.39222052,-0.05100313,35.08583132,-0.03208198,1.45310675,0.37319683,0.05541400,-8.72871926,-0.52950330,0.15491357,3.38365162
CTGT,Shape,-0.34746055,-0.24027094,-4.05347244,0.13552728,1.39485386,3.40545407,-0.14959246,1.65738346,-0.12454281,34.30199598,-0.08843917,0.16408601,0.29266701,0.02406200,-9.47423443,-0.51217033,0.41710602,3.41400587
CTTA,Shape,-0.12423376,-0.11617117,-3.71095558,0.05768894,1.27004927,3.39378055,-0.22757755,0.39705386,-0.20137652,33.91680554,-0.10127161,1.48685079,0.46438252,0.06584015,-8.85227474,-0.39270414,0.70378001,3.41289327
CTTC,Shape,-0.38251513,-0.13420990,-5.49307624,-0.10036740,0.81017628,3.38393485,-0.20850214,0.33199636,-0.15450792,34.43864622,0.05642283,2.37606663,0.58309939,0.01722552,-9.14062974,-0.40225334,0.62065092,3.38524932
CTTG,Shape,-0.44218854,-0.14950210,-5.20711733,-0.10887259,0.92084202,3.40732382,-0.04022800,1.91612558,-0.09547095,34.63051045,0.08813111,2.87039361,0.44760507,-0.07817121,-11.57330871,-0.50057173,0.50279444,3.38452835
CTTT,Shape,-0.10422246,0.04325873,-3.35592927,-0.02387767,1.09567794,3.40195476,-0.02039365,0.74648235,-0.29044347,34.39841179,0.03527597,2.03018249,0.22313833,-0.15607401,-12.05022798,-0.36450678,0.68206287,3.39275880
GAAA,Shape,0.17120887,0.09198031,-3.83621977,-0.16357260,0.76466269,3.42344508,-0.14916256,-0.16504200,-0.33786877,34.38826451,0.10595489,2.24780140,0.24444302,-0.09885159,-9.34412804,-0.26242239,0.78632411,3.40030118
GAAC,Shape,0.08872960,-0.01749829,-6.53543919,-0.38041261,0.61110121,3.39577848,-0.10126599,-0.53647996,-0.24841836,35.62095886,0.23456818,3.12306158,0.28448876,-0.11492511,-8.97742715,-0.35121188,0.56257866,3.36146823
GAAG,Shape,0.05871102,-0.03616797,-8.18886686,-0.30046050,1.08250233,3.41194913,-0.04903862,0.29036412,-0.16967499,36.10542646,0.21973608,2.81934197,0.02143092,-0.19305633,-10.50677973,-0.42207334,0.28651985,3.37841884
GAAT,Shape,0.36852146,0.04828860,-6.16756282,-0.18423282,1.13870715,3.42269239,-0.13889555,-0.44594973,-0.19097846,35.78044965,0.13798686,1.02295871,-0.05363650,-0.19886945,-10.30259668,-0.35686046,0.38732510,3.38777504
GACA,Shape,0.52885213,0.03367853,-7.78498781,-0.23449738,1.13479979,3.39440922,-0.34775777,-1.27360675,-0.23290572,35.80419665,0.17569562,1.10700900,-0.00601474,-0.10363628,-7.61066365,-0.31273399,0.55726306,3.38362731
GACC,Shape,0.41718732,-0.13759483,-10.23684681,-0.30986021,0.85572104,3.40097356,-0.32042084,-1.08567250,-0.09492643,36.89578439,0.23934105,1.50580749,0.04831989,-0.08834659,-7.72087887,-0.37017347,0.31478484,3.38211229
GACG,Shape,0.22264472,-0.13224489,-10.26962638,-0.21294095,1.00939033,3.40389932,-0.26394929,0.00949318,0.07593943,37.26077499,0.21494896,0.78453001,-0.00492502,-0.15732354,-9.95046885,-0.50709444,0.07868032,3.37150180
GACT,Shape,0.26201538,-0.07802787,-8.19141982,-0.01355858,1.17856760,3.40047948,-0.29084310,-0.13549860,-0.01212156,36.72513258,0.06729891,-0.21995010,-0.13651712,-0.12651238,-9.96152867,-0.53836042,0.41517669,3.40248882
GAGA,Shape,0.38561135,-0.02604582,-7.25975530,-0.11137286,0.96938877,3.37131617,-0.46160675,-0.59543334,0.04409546,36.26574315,0.05278905,0.14389843,0.04086824,-0.05939896,-8.78116112,-0.42584002,0.55791654,3.41190785
GAGC,Shape,0.08233103,-0.20448509,-8.28978003,-0.22930939,0.68283614,3.37792313,-0.41633403,0.82826490,0.11182551,36.82085681,0.12443961,0.88072770,0.16278952,-0.05049000,-10.36942282,-0.54403437,0.41661157,3.40518740
GAGG,Shape,-0.02756015,-0.21180425,-7.58224738,-0.19233216,0.69146981,3.37613150,-0.22192849,2.43462466,0.23283686,36.59210601,0.11794604,0.83025890,0.16547469,-0.12723786,-12.69342188,-0.63468394,0.43029298,3.43096136
GAGT,Shape,0.12234983,-0.08550027,-4.87544312,-0.13134373,0.79827858,3.38192429,-0.23500599,2.40786621,0.11140694,35.94669442,0.01791242,0.09001881,-0.01875490,-0.18141512,-13.23449498,-0.57444664,0.69116566,3.43643361
GATA,Shape,0.20052372,0.01250159,-5.05714981,-0.20352187,0.52621033,3.35886910,-0.29791389,2.30612934,0.04213043,35.32261498,0.01885295,0.85913383,0.09070646,-0.16365887,-12.69739040,-0.40065727,0.99216037,3.44792975
GATC,Shape,0.21594871,-0.03783514,-7.50500424,-0.35402354,0.27631036,3.35911273,-0.20102805,3.08867796,0.11877957,35.92948072,0.11219928,2.17925639,0.22886679,-0.17388674,-12.56700735,-0.44462910,0.96898474,3.40979048
GATG,Shape,0.06977058,-0.06924455,-8.07448864,-0.43779113,0.31618493,3.37934148,-0.05027230,3.52633564,0.15195407,36.27800746,0.12116436,1.38446709,0.06406120,-0.31419834,-14.38987544,-0.46854534,1.02258875,3.42319764
GATT,Shape,0.27841781,0.07224537,-5.82303121,-0.34576045,0.43805341,3.39458211,0.06209870,3.20209861,0.07564874,35.62222712,0.07120875,0.67972271,-0.15814099,-0.35525801,-14.17845682,-0.39740199,1.18992823,3.41989242
GCAA,Shape,0.54872547,0.05850376,-6.97306334,-0.46548941,0.28924687,3.38404132,-0.01625290,2.46310607,-0.05362806,35.28906248,0.08786747,1.27634237,-0.19455553,-0.29445719,-11.56853842,-0.15438914,1.37725929,3.42673827
GCAC,Shape,0.46253770,-0.01853434,-10.61802060,-0.67728087,0.16097866,3.38520408,0.00815834,2.31567810,0.02272784,36.36972393,0.22720995,1.31615425,-0.13199662,-0.29712277,-10.59601439,-0.14541684,1.12341684,3.42148341
GCAG,Shape,0.34589960,-0.03759298,-11.15146724,-0.64726309,0.34517815,3.41753375,0.14912527,2.99700911,0.11330932,36.57498905,0.20819753,0.94659811,-0.36577594,-0.36152492,-12.21800174,-0.23665950,1.01241481,3.41938596
GCAT,Shape,0.58538107,0.03929887,-11.55391725,-0.47648405,0.75835062,3.43242428,0.09049913,2.13990606,0.02279395,36.59710692,0.13094391,-0.60676559,-0.47214164,-0.39363082,-10.25599825,-0.23136982,1.13404768,3.40824255
GCCA,Shape,0.75470060,-0.01941644,-12.11671068,-0.57541824,0.51240567,3.40075378,-0.04496159,1.25778886,0.04572778,36.11776491,0.08690832,-0.78636101,-0.36283634,-0.32003262,-8.67651744,-0.11386171,1.17083670,3.42615456
GCCC,Shape,0.54288640,-0.19638425,-14.93725687,-0.67274691,0.53433274,3.39428402,-0.11344888,2.02288323,0.14071568,37.38695506,0.16012070,-0.60610839,-0.34191018,-0.19421553,-7.54074937,-0.20357912,0.91144954,3.41377197
GCCG,Shape,0.36373393,-0.28860978,-15.47881031,-0.60050046,0.82189048,3.40349849,0.02307777,3.06946030,0.28429201,37.47452938,0.10052901,-1.34076124,-0.41967400,-0.23369931,-9.04187996,-0.29267825,0.78058047,3.40629710
GCCT,Shape,0.33937894,-0.25889865,-12.90620282,-0.37348705,1.09574674,3.39289965,-0.00670121,3.21818920,0.23861061,36.68709353,-0.01564052,-2.39079514,-0.49344878,-0.20864379,-8.38054140,-0.27668397,0.81122842,3.41794422
GCGA,Shape,0.42001986,-0.22191331,-12.94726700,-0.39348773,0.73534160,3.39152251,-0.14280129,2.71095204,0.19162118,36.09299213,-0.06720896,-2.42982676,-0.35225364,-0.09994772,-6.49697196,-0.16756742,1.13983677,3.43116404
GCGC,Shape,0.09262607,-0.39021333,-14.18188438,-0.48501571,0.65009119,3.37875885,-0.14502790,3.48023279,0.32072508,36.42443973,-0.02291556,-1.27440573,-0.14360044,-0.06492917,-7.62616853,-0.26938780,1.05969360,3.43013205
GCGG,Shape,-0.14627776,-0.44999158,-12.55307956,-0.39891372,0.65087320,3.39968547,0.08500163,5.08083788,0.38426876,36.48510626,-0.05702036,-1.82306186,-0.18362048,-0.18902618,-10.18968966,-0.37626263,0.98254132,3.42650833
GCGT,Shape,-0.00682884,-0.25956826,-10.93329082,-0.33063213,0.75023468,3.40386149,0.13859801,5.49038680,0.19619961,35.11016897,-0.17614839,-2.34944814,-0.28414026,-0.18820066,-9.76237184,-0.30598610,1.32246804,3.43646282
GCTA,Shape,0.02070334,-0.27454491,-10.16012946,-0.42803387,0.60804034,3.40243075,0.06948704,4.58290349,0.10706001,34.42131256,-0.15300511,-1.77082275,-0.09718978,-0.14577417,-8.70586908,-0.14449041,1.53414803,3.43267619
GCTC,Shape,-0.13006537,-0.31015331,-13.17189464,-0.52080396,0.20048691,3.37985587,0.20963288,5.27136881,0.18425392,34.97005048,-0.07629999,-0.26926841,0.04635070,-0.14126274,-8.55373989,-0.13243307,1.52517386,3.43468785
GCTG,Shape,-0.31844126,-0.37814025,-13.54386709,-0.56176391,0.54382970,3.40205297,0.34608767,5.78095300,0.19239522,35.01684715,-0.08096422,-0.58634846,-0.24515511,-0.20970683,-10.73660968,-0.22204674,1.42988892,3.41842873
GCTT,Shape,-0.09602795,-0.17187949,-10.94230069,-0.48261436,0.52235613,3.42751047,0.36960968,5.20920293,0.03197563,34.57522417,-0.11565280,-0.83491518,-0.32971723,-0.26020392,-9.91964883,-0.11196667,1.55305986,3.41382883
GGAA,Shape,0.13511996,-0.15674125,-11.96347190,-0.59599194,0.51117259,3.42386312,0.22883653,3.16576586,-0.10400492,34.10728191,-0.12346379,-0.52717871,-0.23538089,-0.24348423,-6.51202088,0.04371777,1.76940531,3.41379602
GGAC,Shape,0.01687018,-0.28905990,-15.35643476,-0.72763870,0.40321680,3.40336418,0.27770194,3.70327881,-0.01797297,35.00987747,0.00695055,-0.22995886,-0.19951064,-0.17602881,-5.77902098,0.09666993,1.45973648,3.41269092
GGAG,Shape,-0.07740472,-0.33341457,-15.56215052,-0.66231320,0.87718312,3.43608648,0.41661955,4.50218104,-0.05103948,35.55913570,-0.00573526,-0.86876204,-0.32269334,-0.21293501,-6.32200900,0.02361474,1.11325503,3.39343535
GGAT,Shape,0.08536895,-0.25098606,-14.53048864,-0.49290629,1.06205393,3.45204612,0.36584874,3.06664397,-0.05677321,34.99886188,-0.08467776,-2.16236378,-0.48614778,-0.24613233,-5.94028662,0.05938259,1.28385447,3.38760033
GGCA,Shape,0.30663971,-0.29730124,-15.75388060,-0.54726321,1.13233124,3.43004185,0.20126114,2.15754091,-0.07452888,34.79232802,-0.08364362,-2.08353665,-0.35873828,-0.09135933,-2.35700387,0.09278706,1.31989380,3.40722185
GGCC,Shape,0.03163820,-0.46629719,-17.20138717,-0.55291205,1.12017808,3.42186780,0.07467174,2.03335705,-0.03242044,35.81104179,-0.02265885,-1.45610260,-0.27308330,-0.00738761,-2.36021093,-0.00983881,0.95124950,3.39303328
GGCG,Shape,-0.28442753,-0.57681275,-17.34189244,-0.49209295,1.31218265,3.45095350,0.19701714,3.27384940,0.05110733,35.58593048,-0.07084414,-1.98492961,-0.25869920,-0.05822993,-4.06814712,-0.12243376,0.66957008,3.39962361
GGCT,Shape,-0.19660658,-0.47081309,-14.60559994,-0.26209987,1.58035253,3.42952776,0.16059021,2.44372432,0.05906257,34.80843592,-0.20294833,-3.10832997,-0.30732423,-0.05271314,-3.69507813,-0.12962985,0.90849308,3.39785041
GGGA,Shape,-0.11079495,-0.47820493,-14.04664340,-0.19475338,1.42329958,3.43368260,0.08798584,2.06859924,0.01320136,34.48650546,-0.23499060,-2.63581466,-0.07058814,0.11764279,-2.24042400,-0.04862481,0.96567112,3.41099142
GGGC,Shape,-0.42822060,-0.59236757,-13.98986577,-0.26838499,1.19476766,3.41735958,0.05904530,2.59024182,0.04229549,34.96383861,-0.20328367,-1.49285244,0.07556562,0.10917976,-3.02624513,-0.19725991,0.86241752,3.38391766
GGGG,Shape,-0.70394490,-0.59035759,-13.34911694,-0.20870830,1.46074821,3.42984646,0.21465260,4.04357008,0.12280953,34.89033745,-0.18840484,-1.16730835,0.05429455,0.03494554,-5.53366245,-0.25449616,0.71035814,3.39117151
GGGT,Shape,-0.62245273,-0.45927899,-9.26757553,-0.07534973,1.46203847,3.42310677,0.22717772,3.66076543,0.01133552,33.88362771,-0.26709142,-1.92498931,0.04372634,0.02856684,-5.80993287,-0.19077706,0.90573100,3.40213290
GGTA,Shape,-0.43003846,-0.38172413,-8.78655330,-0.08499851,1.17570638,3.42278070,0.10706541,2.84099649,-0.12608400,33.20703227,-0.28368506,-0.78474381,0.17344240,0.04255800,-4.87439441,-0.13030517,1.18138793,3.41179635
GGTC,Shape,-0.59175451,-0.40517764,-10.30365867,-0.25784796,0.81118337,3.40812769,0.17186995,3.51893851,-0.14361749,33.60177810,-0.12891148,0.49401964,0.34327604,0.06924595,-5.93025738,-0.17143339,1.07304654,3.41293284
GGTG,Shape,-0.76346421,-0.35815765,-10.69487420,-0.28950053,1.00844965,3.41875354,0.32283352,3.64102319,-0.12998837,33.82457771,-0.12740200,0.82623766,0.23121878,-0.03899741,-7.44995042,-0.24551145,0.92958146,3.38816519
GGTT,Shape,-0.47800638,-0.29754366,-8.03023389,-0.12195838,1.27569257,3.43727238,0.35248808,2.72598917,-0.25190139,32.97792870,-0.18335934,-0.04677374,0.10484892,-0.10448843,-7.07999034,-0.12205929,1.11282556,3.38545419
GTAA,Shape,-0.23176737,-0.13151858,-8.29136103,-0.26005900,1.07535065,3.44806041,0.17480632,1.30594164,-0.31719981,32.93502469,-0.10890925,0.69476154,0.10786166,-0.00476855,-5.10858340,-0.00751990,1.22336369,3.39321343
GTAC,Shape,-0.32986537,-0.23039734,-12.04246878,-0.37003998,1.05296068,3.44128188,0.13362208,1.04975801,-0.29190717,33.75667372,0.01202167,1.29226515,0.25464151,0.02741392,-4.44957667,-0.07042071,0.90055849,3.37736596
GTAG,Shape,-0.43237847,-0.33229875,-11.99103041,-0.32866658,1.42321751,3.45212312,0.31363232,1.40931097,-0.20435427,34.48187532,0.03575341,0.98319514,0.03663377,-0.08063035,-6.09201024,-0.15289542,0.52772051,3.35674052
GTAT,Shape,-0.12690795,-0.22291276,-9.66379765,-0.15663793,1.63376109,3.45551110,0.20193393,0.12942782,-0.32023843,34.12175405,-0.02248809,-0.32686404,-0.10763395,-0.07677167,-5.34818024,-0.11635992,0.67953056,3.37390826
GTCA,Shape,0.02554210,-0.22477367,-9.74689555,-0.16669907,1.55990679,3.44352608,-0.08492293,-0.64777991,-0.41791650,34.08658226,-0.03601893,0.21167576,0.05879884,0.04265530,-2.52922899,-0.06921386,0.63464212,3.36777597
GTCC,Shape,-0.15457762,-0.33404595,-12.46610926,-0.23261146,1.38933997,3.42667271,-0.12545133,-0.72336014,-0.24590283,35.06268667,0.07218082,0.75153177,0.21915787,0.07241113,-2.98949490,-0.16765524,0.36108301,3.38625495
GTCG,Shape,-0.34613362,-0.43548241,-11.19946048,-0.17265882,1.78259368,3.42925571,-0.07447528,0.71310034,-0.13905640,35.18517248,0.03257641,0.46442513,0.10191038,0.06998711,-5.44121238,-0.35736208,0.07504697,3.36159521
GTCT,Shape,-0.16881145,-0.33443199,-9.09175222,0.06755197,1.84011440,3.43302023,-0.06899423,0.10291723,-0.13185393,34.97232080,-0.08283166,-1.02110569,0.08416157,0.03503136,-5.68250387,-0.32993898,0.28512394,3.37077940
GTGA,Shape,-0.21915318,-0.30636534,-8.22585595,0.10734868,1.75467392,3.40521630,-0.22213661,-0.79587666,-0.23088728,34.58043651,-0.08652211,-0.44164035,0.27637821,0.14213055,-4.41956147,-0.28861407,0.31498458,3.38672324
GTGC,Shape,-0.34737463,-0.39714740,-9.00319972,-0.01996088,1.49025882,3.39507183,-0.27949525,-0.30392235,-0.09990684,34.84095773,-0.04203702,0.94669087,0.48597964,0.14815005,-5.01670979,-0.42265838,0.20692263,3.39716009
GTGG,Shape,-0.56295753,-0.37407865,-8.42412776,0.07771843,1.43083862,3.40396453,-0.18305519,1.23281213,-0.03217083,35.36835062,-0.00997536,1.29235264,0.31302728,0.03932132,-8.30752637,-0.55624016,0.09522826,3.38183926
GTGT,Shape,-0.43524561,-0.21721068,-4.59934596,0.19560244,1.51785578,3.40308759,-0.12525726,1.26424303,-0.13625684,34.38364572,-0.09069275,0.30275933,0.26703423,-0.00293903,-9.39164519,-0.52412180,0.40907851,3.41570541
GTTA,Shape,-0.30725055,-0.11732547,-3.59614007,0.07177261,1.21348954,3.40415643,-0.20323329,0.67034359,-0.22826479,33.90208868,-0.07850255,1.24889553,0.44856294,0.02827494,-8.58185598,-0.40355558,0.53569936,3.41136206
GTTC,Shape,-0.34927900,-0.15681801,-6.38582368,-0.07116909,0.76817340,3.39105954,-0.19768973,0.88102316,-0.18390550,34.52183027,0.04631192,2.66416923,0.52877636,0.02119549,-9.22398782,-0.38705011,0.60653147,3.39688651
GTTG,Shape,-0.48556938,-0.16727116,-6.18577351,-0.11246470,0.83683019,3.39133861,-0.00246091,1.62299993,-0.10657737,34.67354688,0.08455296,2.93144725,0.34932723,-0.09155024,-11.94546276,-0.49889772,0.42334264,3.38586339
GTTT,Shape,-0.11223442,0.01945353,-3.90630529,-0.01377353,1.03200786,3.40556222,0.03121626,0.93375927,-0.27132512,34.18766321,0.04745512,1.87968513,0.24598470,-0.16968853,-11.11161308,-0.43342063,0.63359351,3.39407657
TAAA,Shape,0.15596739,0.12540237,-4.03322762,-0.12085034,0.90121264,3.39510500,-0.14106111,-0.06324143,-0.31412523,34.32427488,0.08008176,2.56900077,0.29239081,-0.12446572,-9.52254022,-0.31199942,0.78863095,3.39615619
TAAC,Shape,0.02649361,-0.00085178,-6.65825708,-0.30565174,0.82275495,3.38663278,-0.15087248,0.27249231,-0.27281965,35.52572591,0.25351807,3.20816194,0.22912698,-0.13427796,-9.43162301,-0.35477434,0.56402726,3.37416984
TAAG,Shape,0.03547033,-0.01479433,-7.70564181,-0.29721316,0.92234695,3.40891904,-0.10015708,0.11473634,-0.20356434,35.99444866,0.25909867,2.37662369,0.04492495,-0.20520296,-10.57383388,-0.37764951,0.26805124,3.37630990
TAAT,Shape,0.25145611,0.03705313,-6.12267076,-0.19539498,1.29444136,3.42218496,-0.12141832,-0.56282667,-0.21093265,35.74645970,0.17128562,1.37460803,-0.06565354,-0.19469063,-10.08717126,-0.38207982,0.45610111,3.40607568
TACA,Shape,0.59166743,0.04319351,-7.21457143,-0.22810551,1.03631725,3.40062657,-0.31163131,-1.78757094,-0.24296832,36.01976760,0.17586395,1.21289007,0.01192089,-0.11761621,-7.76965375,-0.26086653,0.54043206,3.39312021
TACC,Shape,0.43271085,-0.11379263,-9.00131766,-0.38475782,0.88747872,3.39271095,-0.36471657,-1.19302368,-0.10606282,36.88594336,0.27915706,1.58153389,0.04419420,-0.08668727,-7.77588263,-0.41270016,0.26996069,3.39754403
TACG,Shape,0.23935827,-0.18987648,-10.19382649,-0.20352618,1.15723394,3.39700167,-0.20222262,0.66309902,0.04415857,37.48135516,0.21828320,0.92261922,-0.04663711,-0.16893222,-9.83122340,-0.54254613,0.08667130,3.39239444
TACT,Shape,0.29237045,-0.10463476,-6.64081882,-0.07283032,1.34712762,3.40112161,-0.36813344,0.27757913,0.02854507,36.55573068,0.10497282,0.07086117,-0.14142376,-0.14439945,-10.93922836,-0.50810579,0.26259479,3.41242734
TAGA,Shape,0.43980381,-0.05229808,-6.85304714,-0.14087009,0.95993546,3.36856222,-0.44097660,-0.63377478,0.01760291,36.39408823,0.04247740,-0.08176936,0.06987220,-0.05432131,-8.93444251,-0.40736474,0.53671457,3.40685396
TAGC,Shape,0.26763068,-0.16829598,-8.52842041,-0.21925776,0.73981715,3.38514808,-0.41746415,0.93722456,0.14117251,36.55758574,0.10991349,1.18073721,0.19927730,-0.02597395,-9.65598126,-0.51360929,0.40230294,3.39888685
TAGG,Shape,0.00451004,-0.18137292,-7.56232717,-0.14305675,0.69717486,3.38892430,-0.26795088,2.81293530,0.23201754,36.76506421,0.08789975,0.84369437,0.08856123,-0.15449330,-12.76852124,-0.61986792,0.38232617,3.42078067
TAGT,Shape,0.06491401,-0.06337796,-4.76079437,-0.05925551,0.78889040,3.37550643,-0.17982400,2.58607974,0.13804560,35.63522646,0.02017349,-0.00403066,-0.00869421,-0.17915235,-13.91086574,-0.54290800,0.83490397,3.41926149
TATA,Shape,0.28935898,0.05362820,-5.50816007,-0.19863367,0.48900739,3.36763055,-0.28767899,1.80935947,0.04457582,35.16414312,0.01321430,0.83088482,0.15388148,-0.15097757,-12.73966805,-0.43062363,0.97729552,3.45488903
TATC,Shape,0.06721082,-0.02957580,-7.16621185,-0.39947643,0.18688394,3.37369844,-0.19201634,2.60701252,0.03671328,36.13099135,0.11925466,1.92360156,0.17398466,-0.19352840,-12.07254823,-0.41699115,0.88403134,3.41413583
TATG,Shape,-0.00126235,-0.05926255,-7.12355643,-0.41171120,0.37015233,3.37994565,0.03327166,4.17944164,0.16603536,36.05344693,0.15606220,1.43232362,0.00819162,-0.26436371,-14.77977875,-0.50960815,0.88816651,3.41972195
TATT,Shape,0.34187145,0.10267503,-5.58987563,-0.37090987,0.39958739,3.39766447,0.03708946,3.13569950,0.05362677,35.48282858,0.07564906,1.00176345,-0.17371689,-0.33875303,-13.57275225,-0.30932275,1.16483839,3.41875366
TCAA,Shape,0.46555124,0.16261556,-6.49531206,-0.49402025,0.28044505,3.38910732,-0.04187074,1.87345889,-0.04706166,35.30428052,0.10134828,0.95902582,-0.09673159,-0.28468639,-11.62468098,-0.17247519,1.31864815,3.41652012
TCAC,Shape,0.40643816,0.00497208,-10.75443075,-0.66120985,0.05251559,3.37595187,-0.07142157,2.04274443,0.00068362,36.64946387,0.20963405,1.52539290,-0.15384339,-0.27191088,-10.69463690,-0.26237553,1.05559719,3.41628257
TCAG,Shape,0.39735135,-0.05128645,-12.43234574,-0.61414478,0.31255520,3.40201644,0.05567457,3.21586429,0.12543105,36.52722648,0.18119870,0.58752194,-0.36672275,-0.36014617,-11.37550987,-0.25980069,0.94381178,3.40735604
TCAT,Shape,0.59227927,-0.00902010,-10.74357604,-0.52966375,0.69343608,3.40832957,0.07140946,2.16427907,0.05256709,36.46333958,0.15896473,-0.75760295,-0.53370299,-0.35446411,-10.31260592,-0.19938506,1.09362983,3.41763103
TCCA,Shape,0.72396414,-0.02180583,-12.45887066,-0.54153212,0.64687330,3.40615429,-0.06935206,1.29237487,0.01839774,36.62526377,0.11805616,-0.58509969,-0.31461144,-0.26960081,-8.53219634,-0.12987123,1.19403368,3.41344947
TCCC,Shape,0.57915230,-0.19236911,-15.17953721,-0.66194515,0.54506782,3.40191829,-0.14246666,1.71682923,0.13839617,37.08707417,0.15648355,-0.59132057,-0.31567423,-0.20458913,-7.89855230,-0.17079576,0.97142798,3.40271754
TCCG,Shape,0.29131334,-0.30209186,-15.34749953,-0.52876254,0.89100843,3.39677273,-0.00325767,2.78926481,0.26192623,37.87432535,0.09051802,-1.59523576,-0.46573128,-0.24111760,-9.78420723,-0.30752980,0.74040889,3.41695808
TCCT,Shape,0.40261632,-0.24654102,-13.02544096,-0.38673261,0.97625672,3.41983888,-0.04918371,2.65557431,0.20775009,36.94675258,-0.00526739,-2.96998580,-0.49209557,-0.23627689,-8.72713039,-0.28748489,0.88885282,3.42690945
TCGA,Shape,0.41253124,-0.22735599,-12.37015202,-0.40818537,0.78408591,3.39262312,-0.13519958,2.49751687,0.19347950,36.21520312,-0.08276796,-2.02086034,-0.30443855,-0.10599625,-6.73286402,-0.21426426,1.19007784,3.43274528
TCGC,Shape,0.13965748,-0.39781298,-13.83706784,-0.44022891,0.63757922,3.38091460,-0.08543243,3.74211974,0.29893989,36.62209755,-0.04293883,-1.53765671,-0.15626060,-0.12025967,-7.96815279,-0.23913285,0.99778167,3.42555697
TCGG,Shape,-0.11873998,-0.39014466,-13.00419484,-0.42120668,0.61006379,3.39268251,0.11090319,5.19403693,0.37253442,36.51331229,-0.05507268,-1.78100991,-0.21953874,-0.15138740,-10.17353470,-0.35450347,0.93601871,3.43343232
TCGT,Shape,-0.04545191,-0.27668287,-10.67238269,-0.30439173,0.76790266,3.39903238,0.19025359,4.85919926,0.30203909,35.40582921,-0.13650813,-2.47013273,-0.27145691,-0.24767544,-10.60577787,-0.25507914,1.28392298,3.43726697
TCTA,Shape,0.10102304,-0.22344261,-10.64106087,-0.42169751,0.55719146,3.39730724,0.02864749,4.74879647,0.15902869,34.87679430,-0.16697597,-1.51760376,-0.12939619,-0.15319997,-8.49441614,-0.13514419,1.47954651,3.44644077
TCTC,Shape,-0.03871323,-0.32680602,-12.19107292,-0.56839193,0.23122612,3.39991198,0.17991387,5.28342188,0.18332029,35.52173831,-0.07227323,-0.13158929,-0.04954036,-0.13884550,-9.24241875,-0.12564432,1.54795948,3.42174666
TCTG,Shape,-0.26457233,-0.28481642,-12.85790046,-0.51940681,0.40781847,3.41321910,0.31382614,5.85273043,0.19733957,34.89076794,-0.07220750,-0.39695566,-0.07874485,-0.22903070,-9.84937008,-0.18242252,1.21366407,3.42490034
TCTT,Shape,-0.08409352,-0.19110847,-10.66435470,-0.51544101,0.69468519,3.43456907,0.41460262,5.06023721,0.04761455,34.40865649,-0.13269256,-1.44674262,-0.26499618,-0.29021381,-9.28542480,-0.08525451,1.56744081,3.42900283
TGAA,Shape,0.08107880,-0.20413220,-11.58420506,-0.58460144,0.45442967,3.42784818,0.27510128,3.63351524,-0.09435797,34.32230029,-0.10018863,-0.87630773,-0.30380722,-0.21896972,-6.61175175,0.06408127,1.61398084,3.42224995
TGAC,Shape,-0.01084491,-0.29048387,-15.70250020,-0.73650227,0.47590546,3.41492471,0.32722582,3.82997203,-0.03963700,35.07321225,0.00424266,-0.19576440,-0.16776200,-0.17943069,-6.03719687,0.05742624,1.52840297,3.39428218
TGAG,Shape,-0.12307108,-0.33974734,-15.50864273,-0.66518922,0.82819728,3.43222930,0.42970603,4.01691159,-0.03229810,35.56575227,0.01297725,-0.81116729,-0.40637137,-0.23057412,-7.28839196,-0.01486033,1.27450575,3.40242998
TGAT,Shape,0.09076950,-0.25766941,-15.04994451,-0.49991082,1.17258221,3.45788722,0.40104382,2.85297637,-0.07689064,35.11329620,-0.08613612,-2.43044877,-0.47351896,-0.21825507,-5.60324428,0.05085337,1.19459734,3.40991391
TGCA,Shape,0.19207468,-0.23036315,-15.41538746,-0.53742459,1.27973425,3.45749170,0.17666065,1.66436849,-0.13748404,34.70616617,-0.08167364,-1.94922616,-0.33232537,-0.09970569,-2.88516695,0.08695585,1.29208028,3.40938331
TGCC,Shape,-0.00753605,-0.46191609,-17.22569992,-0.62014800,1.18635658,3.42646379,0.12890680,1.81067420,-0.08302859,35.48834361,-0.02792223,-1.45070494,-0.26388528,-0.03374768,-2.51940010,0.05064065,0.88325607,3.40952587
TGCG,Shape,-0.21096917,-0.52989153,-17.49763587,-0.42941517,1.29200044,3.45789366,0.17429608,3.30594437,0.15050146,35.96635346,-0.08050814,-2.16902147,-0.35004053,-0.03871090,-4.11887318,-0.05434131,0.60791002,3.40730519
TGCT,Shape,-0.22021646,-0.44936171,-14.58306429,-0.27257001,1.58393382,3.42992519,0.21497164,3.28166623,-0.00268180,35.07669891,-0.22712885,-3.36373945,-0.24994362,-0.07975095,-4.30036009,-0.08876133,0.87726550,3.40125162
TGGA,Shape,-0.18874878,-0.49228313,-12.96445208,-0.20701216,1.46989395,3.42760863,-0.01686218,2.10813529,-0.04662738,34.54737891,-0.25440550,-2.74589409,-0.10602540,0.07601094,-2.31223867,-0.07596513,1.00268016,3.40749972
TGGC,Shape,-0.44066674,-0.57519519,-14.00095324,-0.29043933,1.24250321,3.41488667,0.05040160,2.42744149,0.07727275,34.83576657,-0.14734468,-1.39580090,0.08558454,0.10279429,-3.42988718,-0.12599594,0.85507547,3.39734655
TGGG,Shape,-0.65053891,-0.62499097,-13.71848820,-0.22359567,1.35957181,3.41983411,0.18131758,4.08144292,0.14144761,34.69046893,-0.19921339,-1.72132782,0.11953555,0.05623571,-6.31954741,-0.28510816,0.73579703,3.40311624
TGGT,Shape,-0.61152433,-0.45494649,-10.21308992,-0.05918348,1.56366100,3.43445030,0.23265208,4.20114314,-0.02975291,34.03753664,-0.27077330,-1.96296224,0.01750103,-0.01012655,-6.94120533,-0.26411665,1.01106249,3.41993391
TGTA,Shape,-0.46282206,-0.35460941,-9.17159544,-0.18700095,1.31446835,3.41419280,0.10710686,3.26309776,-0.10285065,33.13127813,-0.25977745,-0.72261867,0.21961207,0.06623230,-5.17784966,-0.10379618,1.23885687,3.41627618
TGTC,Shape,-0.63253979,-0.44221711,-10.97929489,-0.28990645,1.02539378,3.41180816,0.21325941,3.37780802,-0.12941181,33.49660599,-0.15787994,0.70199488,0.33153503,0.03739171,-6.35500763,-0.15354467,1.15668987,3.40462400
TGTG,Shape,-0.77275752,-0.42847921,-11.69452063,-0.20460131,1.04610399,3.44744556,0.35612441,3.37509752,-0.07171959,33.62506495,-0.12656268,0.52761374,0.24808270,-0.07122730,-7.74189293,-0.21189513,0.94559089,3.38316414
TGTT,Shape,-0.59828231,-0.26399528,-7.90083237,-0.15940284,1.26131348,3.45182601,0.34306303,2.89879299,-0.23989570,32.97326586,-0.15563024,-0.13027334,0.01100435,-0.09365996,-7.39951509,-0.13734488,1.15789233,3.38168488
TTAA,Shape,-0.23300856,-0.17239626,-8.01849279,-0.24259914,1.16834167,3.44269661,0.17495265,1.83304527,-0.36019664,32.87225439,-0.12329124,0.31455748,0.13565792,0.00898681,-5.00112351,-0.01129223,1.18724224,3.39977422
TTAC,Shape,-0.33722110,-0.30829435,-10.85791518,-0.34808262,1.04211039,3.43739674,0.20509540,1.21220771,-0.32149745,34.15324985,0.02168958,1.56699885,0.22231392,0.01106948,-4.22518392,-0.06217556,0.87937820,3.36264537
TTAG,Shape,-0.36890439,-0.29133242,-11.80202704,-0.32056425,1.46031441,3.43667274,0.22065242,1.33303598,-0.22316820,34.62165103,0.04804341,1.01007398,0.05427710,-0.05803774,-5.81292177,-0.16181238,0.60729618,3.35842852
TTAT,Shape,-0.20062705,-0.22954475,-10.12063597,-0.10983460,1.68908855,3.46233044,0.14654051,0.54164386,-0.29340640,33.95625016,-0.04007452,-0.18128925,-0.10094601,-0.08775677,-5.31615883,-0.13668965,0.55348703,3.36498393
TTCA,Shape,0.05407798,-0.25117793,-10.04266049,-0.18472699,1.51035821,3.44487469,0.02437990,-0.63274125,-0.38836214,34.10891829,-0.01415892,0.34167489,0.08222385,0.05029658,-2.50854278,-0.05344793,0.65443813,3.37178853
TTCC,Shape,-0.16666536,-0.31540968,-12.76249284,-0.28055572,1.54952021,3.43204250,-0.04158832,-0.79321959,-0.21967831,34.90597661,0.06149070,1.09645181,0.15847388,0.09065566,-2.22586449,-0.16377629,0.35848777,3.36045921
TTCG,Shape,-0.34485924,-0.43503915,-12.07937780,-0.14327254,1.75846728,3.43336298,-0.03986123,0.22933627,-0.10752179,35.46587899,0.02599236,-0.06990116,0.11969627,0.04830110,-5.17765451,-0.33279395,0.02814134,3.36130098
TTCT,Shape,-0.23028523,-0.33878079,-8.79153592,0.03852914,2.00886686,3.42667845,-0.07100452,-0.49309167,-0.17138134,34.62422254,-0.11625438,-0.62042231,0.09270536,0.02854907,-5.62926438,-0.37040884,0.27220784,3.38190016
TTGA,Shape,-0.15709257,-0.27436556,-7.92623656,0.06997337,1.75141223,3.39866063,-0.31492709,-0.84074651,-0.19837262,34.79068289,-0.06706564,0.03324146,0.25402861,0.12935063,-4.04913065,-0.33046801,0.43557591,3.39169079
TTGC,Shape,-0.35970844,-0.34378528,-9.39748098,-0.02027309,1.36994753,3.39444396,-0.24875453,0.23121577,-0.13057922,35.02102063,-0.02727316,0.82269601,0.46302475,0.17791935,-5.16860666,-0.37373337,0.25321482,3.37860716
TTGG,Shape,-0.55827951,-0.36926810,-7.35807509,0.07724580,1.44558327,3.40944589,-0.17696097,1.24482857,0.00538140,35.01362113,-0.03816746,0.69809514,0.42164210,0.09250404,-8.65029935,-0.56493570,0.14517909,3.39333689
TTGT,Shape,-0.40631956,-0.19819409,-4.30647474,0.17627583,1.47590119,3.40005376,-0.11520431,1.09904997,-0.12530944,33.97086221,-0.10668348,0.32683139,0.37184534,0.03049591,-9.38714284,-0.49511039,0.48304410,3.39473910
TTTA,Shape,-0.18757176,-0.10855567,-3.42965461,0.12849264,1.20959227,3.38772869,-0.19597437,-0.30066145,-0.21275007,33.95963300,-0.07851195,1.39978208,0.48044130,0.04016407,-7.93668793,-0.41199850,0.66737264,3.38836420
TTTC,Shape,-0.38281386,-0.13166474,-5.97760174,-0.08371564,0.98151025,3.38246860,-0.20276316,0.88926268,-0.18095981,34.51845365,0.01655228,2.68686298,0.52756567,0.02792112,-8.38157157,-0.44115295,0.60363103,3.38503245
TTTG,Shape,-0.37132288,-0.16124436,-5.02629830,-0.11294136,0.89029891,3.40261573,-0.01880859,1.95182776,-0.14140249,34.74458045,0.04236679,2.93788475,0.35633686,-0.11349986,-11.87438091,-0.54306142,0.40038801,3.39407042
TTTT,Shape,-0.18581805,0.01797642,-2.74386865,-0.04049015,1.01035184,3.40202490,-0.00964895,1.17516629,-0.27560033,34.43920647,0.04424987,2.32008764,0.21293358,-0.13041377,-12.10348644,-0.36423963,0.52102881,3.39777078
AAAA,Variance,0.01605789,0.00616119,1.33231398,0.00807006,0.06351014,0.00056090,0.01364950,0.65828649,0.00702933,0.19525835,0.00301690,0.59244532,0.01081054,0.00455082,1.59348973,0.00439823,0.03393804,0.00080736
AAAC,Variance,0.01946961,0.00494083,1.75570147,0.00655727,0.04886164,0.00053601,0.01151260,0.65050295,0.00844402,0.25534129,0.00265269,0.44839958,0.00875779,0.00353366,1.62115163,0.00650707,0.02177489,0.00081120
AAAG,Variance,0.02454605,0.00429144,1.46164691,0.00742244,0.04627374,0.00061940,0.01208868,0.87954623,0.00637049,0.27259050,0.00365649,0.44917345,0.00838451,0.00316827,1.86753945,0.00664989,0.02355396,0.00062242
AAAT,Variance,0.02226007,0.00504040,1.46139857,0.00657363,0.04979578,0.00076054,0.01155147,0.76858313,0.00571351,0.21237895,0.00363277,0.37969947,0.00804220,0.00283281,1.53912513,0.00619143,0.02390202,0.00064538
AACA,Variance,0.02660150,0.00599528,1.55525141,0.00671677,0.06985918,0.00083999,0.01077349,0.82006570,0.00689265,0.23873873,0.00305531,0.31668859,0.01028524,0.00303632,1.08434551,0.00640241,0.02698515,0.00058392
AACC,Variance,0.02346669,0.00600400,1.30837010,0.00613922,0.06670276,0.00087797,0.01093023,0.98594782,0.00713572,0.25848933,0.00226637,0.28305689,0.00882479,0.00325236,1.07847634,0.00576569,0.02803555,0.00050055
AACG,Variance,0.02511983,0.00604801,1.16149120,0.00882394,0.06032858,0.00091478,0.01638965,1.02737472,0.00701636,0.20403778,0.00204368,0.25922731,0.00926110,0.00242031,1.24749714,0.00593778,0.03047348,0.00043114
AACT,Variance,0.01785466,0.00621598,0.95418004,0.00897546,0.05224701,0.00094566,0.01614229,0.86015588,0.00716313,0.17132853,0.00211088,0.35588866,0.01346685,0.00286778,1.47937446,0.00525086,0.03699367,0.00062860
AAGA,Variance,0.01674348,0.00497739,1.43821412,0.00907803,0.05893360,0.00089123,0.01456772,0.75038537,0.00914679,0.19338284,0.00210108,0.37064541,0.01211015,0.00351543,1.23612009,0.00612198,0.03589373,0.00057114
AAGC,Variance,0.02084312,0.00344491,1.67177801,0.00862620,0.04400054,0.00070374,0.01369301,0.69036487,0.00966240,0.24004339,0.00214637,0.39048963,0.00832515,0.00307968,1.47493026,0.00699378,0.02756133,0.00060030
AAGG,Variance,0.02019311,0.00402747,1.54223577,0.00839398,0.03613854,0.00071540,0.01525208,0.63430850,0.00744371,0.23471713,0.00242276,0.39568516,0.00893854,0.00178849,1.34812500,0.00878755,0.02552205,0.00058936
AAGT,Variance,0.01890444,0.00520383,1.64291223,0.00736697,0.04176944,0.00078803,0.01269358,0.66306661,0.00640026,0.28811098,0.00283309,0.36358468,0.00966647,0.00199528,1.19907608,0.00794265,0.02596513,0.00055582
AATA,Variance,0.01732847,0.00511667,1.79772879,0.00733583,0.04980981,0.00091050,0.00994256,0.61174273,0.00732836,0.33655149,0.00223718,0.40379152,0.01170997,0.00197325,0.89718695,0.00768812,0.03775080,0.00068033
AATC,Variance,0.01926771,0.00602328,1.76680599,0.00559192,0.04231173,0.00101924,0.00969413,0.64431079,0.00747287,0.32350013,0.00198123,0.32615088,0.01266923,0.00191827,0.85530936,0.00845060,0.03630177,0.00048181
AATG,Variance,0.01418212,0.00628519,1.44832649,0.00696135,0.03884817,0.00090411,0.01172772,0.73737481,0.00684688,0.26761155,0.00196312,0.39613227,0.01446068,0.00205223,0.99849809,0.00769413,0.03913115,0.00061239
AATT,Variance,0.01112413,0.00666379,1.40726338,0.00832652,0.04313593,0.00117843,0.01340548,0.59135633,0.00683499,0.23763128,0.00193539,0.44285011,0.01382085,0.00209727,1.04635219,0.00614010,0.04455627,0.00075566
ACAA,Variance,0.01295352,0.00614756,2.05773810,0.00659149,0.03879213,0.00084239,0.01029634,0.40007853,0.00854781,0.29613906,0.00181029,0.49032467,0.01523139,0.00280491,0.87051886,0.00622687,0.04421213,0.00086846
ACAC,Variance,0.01536939,0.00499874,2.44498623,0.00703903,0.02932849,0.00060282,0.00891300,0.41818231,0.00764025,0.38614464,0.00202451,0.57787513,0.01161551,0.00241564,1.04137560,0.00763037,0.04092382,0.00081189
ACAG,Variance,0.01700895,0.00688937,2.40543143,0.00554503,0.02973303,0.00068179,0.01012868,0.46305303,0.00619844,0.44518117,0.00304674,0.45825467,0.01145889,0.00188704,1.16161404,0.00874817,0.03898627,0.00073474
ACAT,Variance,0.01576268,0.00709319,2.75516048,0.00615969,0.03630167,0.00073151,0.00945755,0.50374289,0.00469247,0.35732251,0.00257584,0.58635204,0.01564075,0.00237238,0.94827723,0.01013813,0.04243015,0.00084879
ACCA,Variance,0.01353942,0.00780386,2.75792457,0.00511581,0.03691109,0.00070804,0.00853241,0.43385351,0.00569043,0.34235385,0.00275826,0.51061952,0.01589650,0.00224205,0.67789098,0.00720302,0.04602985,0.00083785
ACCC,Variance,0.01514515,0.00757744,2.34822632,0.00413164,0.04422775,0.00063357,0.00844687,0.49279723,0.00514475,0.47813749,0.00279765,0.49930302,0.01666252,0.00206192,0.79855599,0.00753994,0.04045130,0.00066791
ACCG,Variance,0.01354980,0.00795739,1.94769084,0.00498984,0.03934227,0.00059926,0.00946034,0.64110610,0.00454377,0.39667843,0.00292664,0.47845685,0.01355767,0.00263284,0.83230399,0.00619604,0.04397918,0.00078025
ACCT,Variance,0.01199223,0.01008759,2.03298869,0.00700642,0.03902428,0.00077618,0.01186369,0.55568301,0.00592687,0.30884384,0.00301290,0.62230741,0.01675519,0.00312389,0.86981597,0.00431759,0.04173586,0.00086924
ACGA,Variance,0.01252335,0.00880823,2.23160651,0.00529309,0.04109237,0.00060729,0.00925420,0.43262475,0.00533625,0.26387842,0.00328804,0.77470538,0.01479232,0.00393900,0.86666001,0.00513877,0.04495392,0.00112638
ACGC,Variance,0.01329901,0.00592095,2.31281218,0.00518420,0.03554301,0.00042580,0.00793575,0.42152361,0.00586655,0.31027944,0.00291250,0.60190573,0.01182624,0.00314406,1.08788698,0.00593377,0.03691789,0.00099808
ACGG,Variance,0.01911244,0.00579032,2.45968870,0.00506312,0.03241605,0.00050159,0.00921570,0.61762313,0.00448384,0.36291292,0.00404885,0.50627218,0.00910406,0.00287963,1.26168027,0.00648843,0.03143221,0.00086729
ACGT,Variance,0.01615904,0.00862953,2.01162777,0.00570965,0.04573958,0.00056541,0.00877763,0.67798660,0.00413009,0.26641193,0.00453931,0.51730332,0.01045214,0.00298410,1.16832770,0.00534987,0.03003362,0.00084058
ACTA,Variance,0.02050231,0.01007361,2.07590378,0.00420659,0.05089002,0.00056261,0.00788885,0.63406479,0.00417856,0.26771231,0.00398262,0.49341780,0.01257959,0.00331021,0.94379782,0.00512268,0.03226170,0.00089856
ACTC,Variance,0.02436771,0.00715902,1.69467781,0.00466008,0.05110787,0.00056287,0.01024019,0.80156107,0.00515845,0.38330020,0.00325382,0.45197032,0.00969679,0.00301673,0.89621271,0.00535351,0.02949202,0.00064741
ACTG,Variance,0.01832414,0.00766161,1.05269227,0.00540658,0.05285167,0.00054616,0.01464821,0.82851257,0.00458361,0.30603424,0.00370083,0.33819864,0.01054619,0.00303385,1.22171820,0.00403965,0.03479243,0.00063195
ACTT,Variance,0.01275887,0.00727623,1.55539551,0.00767292,0.06345691,0.00078576,0.01480864,0.74049963,0.00624939,0.18290195,0.00417395,0.48179119,0.01173141,0.00460720,1.31562777,0.00334654,0.03063183,0.00079736
AGAA,Variance,0.01899809,0.00579516,1.33000011,0.00798111,0.05733431,0.00068279,0.01265668,0.61902731,0.00745404,0.18418773,0.00296814,0.50879758,0.01051285,0.00417417,1.17430827,0.00450991,0.02937317,0.00091222
AGAC,Variance,0.02153765,0.00440246,1.48589010,0.00651054,0.04227624,0.00056877,0.00997590,0.66929920,0.00679809,0.23920241,0.00327150,0.49957934,0.00631684,0.00376618,1.60881646,0.00624803,0.02439241,0.00076123
AGAG,Variance,0.02447836,0.00508443,1.55245596,0.00657502,0.04118952,0.00055184,0.01362150,0.75964801,0.00617583,0.23966317,0.00324884,0.42190111,0.00642312,0.00295683,1.88189549,0.00617006,0.02024910,0.00057117
AGAT,Variance,0.02142753,0.00652961,1.49708455,0.00808710,0.05905740,0.00063858,0.01323876,0.86646817,0.00555073,0.23570657,0.00431888,0.35266515,0.00751066,0.00283201,1.33651791,0.00587240,0.02255159,0.00053978
AGCA,Variance,0.02340640,0.00632318,1.56940269,0.00635191,0.07410275,0.00068172,0.01121048,0.90619890,0.00634043,0.20940795,0.00271901,0.30856381,0.00773755,0.00323155,1.13117764,0.00628616,0.03023577,0.00057212
AGCC,Variance,0.02558312,0.00545403,1.57426787,0.00664744,0.06686400,0.00066425,0.01147756,0.84541115,0.00680128,0.27101605,0.00300230,0.28963980,0.01004571,0.00293983,1.24006564,0.00672322,0.02461157,0.00048125
AGCG,Variance,0.02483821,0.00679061,1.11151828,0.00695448,0.05531219,0.00093398,0.01784045,1.01244061,0.00758744,0.20454621,0.00250298,0.27626803,0.00873791,0.00261452,1.16789540,0.00606671,0.02972695,0.00044733
AGCT,Variance,0.01737456,0.00680118,1.02446579,0.00948800,0.05835968,0.00102206,0.01831741,0.83151361,0.00726124,0.18178790,0.00282538,0.37133567,0.01117695,0.00290131,1.45349882,0.00523776,0.03095662,0.00055783
AGGA,Variance,0.02212011,0.00411016,1.44722024,0.00908079,0.05342136,0.00091164,0.01492541,0.53529648,0.00975185,0.20043618,0.00201827,0.38506042,0.00987517,0.00417428,1.16974361,0.00539221,0.03365434,0.00064528
AGGC,Variance,0.02039387,0.00438517,1.67039524,0.00808622,0.04152885,0.00071160,0.01291476,0.65323358,0.01002511,0.25052252,0.00217084,0.39886768,0.00789270,0.00302635,1.46948036,0.00804832,0.03411661,0.00066632
AGGG,Variance,0.02156680,0.00384296,1.36561134,0.00762807,0.03537361,0.00077347,0.01420725,0.63640129,0.00771219,0.25323090,0.00308766,0.35289060,0.00923861,0.00203132,1.67595935,0.00943098,0.02918626,0.00067243
AGGT,Variance,0.01862826,0.00564981,1.50009984,0.00859293,0.04272324,0.00079323,0.01313728,0.68522620,0.00686476,0.29250249,0.00287665,0.31810972,0.00931801,0.00225404,1.37251076,0.00698191,0.03169912,0.00050252
AGTA,Variance,0.02045319,0.00532138,2.00400408,0.00611789,0.04558739,0.00091195,0.00881457,0.65196511,0.00777662,0.29783372,0.00200645,0.38376232,0.01258323,0.00238342,1.08312965,0.00837118,0.04004188,0.00049523
AGTC,Variance,0.02142922,0.00569281,1.86832105,0.00494437,0.04120793,0.00087122,0.01012971,0.64378920,0.00808215,0.33507913,0.00219173,0.30460115,0.01357464,0.00191813,0.92672056,0.00941451,0.03991628,0.00051914
AGTG,Variance,0.01541894,0.00694607,1.58565290,0.00683859,0.03838623,0.00099468,0.01503946,0.58143793,0.00729645,0.34581204,0.00215091,0.37258188,0.01307078,0.00207688,1.02394544,0.00665601,0.04129636,0.00048185
AGTT,Variance,0.01142888,0.00650750,1.69633993,0.00718122,0.03940734,0.00098714,0.01243703,0.61572512,0.00868000,0.22685419,0.00224948,0.42711837,0.01723229,0.00249040,0.95494556,0.00592696,0.05052176,0.00077834
ATAA,Variance,0.01248964,0.00641887,2.07934510,0.00734886,0.04425642,0.00074957,0.00932213,0.43376442,0.00869571,0.28058484,0.00182508,0.43818325,0.01541599,0.00268891,0.78796766,0.00661810,0.04584311,0.00096969
ATAC,Variance,0.01473735,0.00489448,2.64568649,0.00693321,0.03268013,0.00063492,0.00905576,0.43313812,0.00855087,0.29846487,0.00230131,0.43018598,0.01407793,0.00272107,1.02177004,0.00939994,0.04533069,0.00080572
ATAG,Variance,0.01575798,0.00601501,2.11913380,0.00603720,0.02428470,0.00057612,0.00780924,0.51251613,0.00625970,0.33157024,0.00281975,0.48708359,0.01175708,0.00180582,1.23652247,0.00909607,0.03855053,0.00076038
ATAT,Variance,0.01317124,0.00793249,2.28564009,0.00551927,0.03597682,0.00066505,0.00788574,0.56228356,0.00652719,0.42796071,0.00331465,0.41939457,0.01490164,0.00206517,0.99698265,0.00705599,0.03940309,0.00082447
ATCA,Variance,0.01478301,0.00851999,2.38332534,0.00507731,0.03915933,0.00070329,0.00756251,0.40298624,0.00560943,0.35671702,0.00291099,0.55057581,0.01470123,0.00214497,0.64255931,0.00664892,0.04224439,0.00078042
ATCC,Variance,0.01653725,0.00785644,2.25111661,0.00392759,0.04217537,0.00070849,0.00807177,0.53531687,0.00520064,0.41098267,0.00264890,0.48648771,0.01340048,0.00222684,0.67273256,0.00782857,0.04399887,0.00079219
ATCG,Variance,0.01324162,0.00847834,1.86544207,0.00439697,0.04741315,0.00057635,0.00872676,0.57891111,0.00493387,0.33292974,0.00320850,0.40275112,0.01441142,0.00234565,0.88522692,0.00627057,0.04386075,0.00075100
ATCT,Variance,0.01165574,0.01016427,1.72822424,0.00588280,0.04381217,0.00076750,0.01158718,0.62669482,0.00479270,0.26914261,0.00287292,0.55476338,0.01657947,0.00297238,0.87549918,0.00517021,0.05324841,0.00093230
ATGA,Variance,0.01182871,0.00713474,2.11841961,0.00562831,0.03937758,0.00056385,0.00906429,0.44486445,0.00620025,0.26594964,0.00288915,0.72843522,0.01283544,0.00432017,1.00100350,0.00493904,0.04881289,0.00124896
ATGC,Variance,0.01602474,0.00690726,2.28104756,0.00528497,0.03187412,0.00043920,0.00842882,0.41099100,0.00583450,0.32939569,0.00358832,0.66420974,0.00961385,0.00343605,1.01118729,0.00690328,0.03650106,0.00099314
ATGG,Variance,0.01800379,0.00607296,2.34990041,0.00581302,0.03325759,0.00043631,0.00948814,0.57174015,0.00439146,0.36493322,0.00391063,0.47483190,0.01006913,0.00283165,1.34051340,0.00593138,0.02655946,0.00087846
ATGT,Variance,0.01749152,0.00823010,2.21656700,0.00567394,0.04414871,0.00059641,0.00832593,0.54631245,0.00458386,0.28504652,0.00402372,0.51929359,0.00958846,0.00311924,1.40308423,0.00545241,0.03342037,0.00085243
ATTA,Variance,0.01733955,0.00839673,1.82095223,0.00412390,0.05295085,0.00058423,0.00810260,0.63844374,0.00427979,0.30000718,0.00392483,0.49940841,0.01004814,0.00318710,0.90069971,0.00455697,0.03306868,0.00083616
ATTC,Variance,0.02163728,0.00802542,1.48992407,0.00450461,0.05360741,0.00056241,0.00836979,0.84892797,0.00484149,0.29429494,0.00352469,0.52557383,0.00964047,0.00311508,1.21310695,0.00608206,0.03085200,0.00060763
ATTG,Variance,0.01645294,0.00764403,1.09795243,0.00505977,0.06045801,0.00063350,0.01200245,0.87630870,0.00477085,0.27997548,0.00343411,0.34521260,0.01005858,0.00346889,1.14686350,0.00514336,0.03047562,0.00065021
ATTT,Variance,0.01723508,0.00812073,1.32419538,0.00631165,0.05578616,0.00064670,0.01353977,0.67335574,0.00547885,0.21243545,0.00308337,0.48876903,0.01109121,0.00389838,1.20779863,0.00382845,0.03390313,0.00069825
CAAA,Variance,0.01751444,0.00697007,1.61369445,0.00761669,0.05490733,0.00073945,0.01251436,0.66199561,0.00641171,0.19640864,0.00282963,0.45811965,0.01000554,0.00392092,1.35328747,0.00433047,0.03220642,0.00089152
CAAC,Variance,0.02349489,0.00477186,1.64190632,0.00634625,0.05014779,0.00049933,0.00989829,0.57173817,0.00668723,0.20909620,0.00304895,0.47208758,0.00670265,0.00385881,1.37914219,0.00499617,0.02351002,0.00079449
CAAG,Variance,0.02506512,0.00425359,1.48127937,0.00721360,0.04886147,0.00057382,0.01200247,0.71542716,0.00631948,0.25159907,0.00390505,0.37339699,0.00852194,0.00287282,1.66778296,0.00612485,0.02100733,0.00056605
CAAT,Variance,0.02305875,0.00551888,1.58615250,0.00770377,0.04985457,0.00077851,0.01274331,0.84231392,0.00550246,0.24550320,0.00364108,0.37762659,0.00887215,0.00302688,1.48218161,0.00614544,0.02593234,0.00059537
CACA,Variance,0.02110396,0.00501216,1.76563810,0.00672667,0.05543434,0.00074239,0.01221620,0.76661702,0.00682813,0.30287426,0.00265678,0.36277041,0.00817395,0.00260957,1.42779804,0.00589331,0.02673878,0.00053498
CACC,Variance,0.02327679,0.00503876,1.37269094,0.00635126,0.05500537,0.00070102,0.01091104,0.92970917,0.00621803,0.25184195,0.00272360,0.25748903,0.01085246,0.00252410,1.14638715,0.00583971,0.02693476,0.00052601
CACG,Variance,0.02195927,0.00473076,1.11390018,0.00755846,0.06281542,0.00085043,0.01696278,1.00619234,0.00736884,0.23360534,0.00235056,0.27389641,0.00951337,0.00272488,1.40709531,0.00532513,0.02835750,0.00042881
CACT,Variance,0.01678692,0.00497427,1.12082238,0.00937816,0.06200468,0.00099950,0.01979006,0.93671404,0.00730779,0.19777353,0.00254110,0.37117308,0.01177071,0.00330868,1.25684460,0.00491806,0.03679382,0.00061987
CAGA,Variance,0.01716955,0.00474400,1.46885785,0.00935674,0.05089326,0.00081719,0.01397835,0.56809263,0.01099007,0.22846050,0.00209545,0.45384656,0.01036793,0.00343882,1.22259494,0.00619338,0.03770617,0.00062781
CAGC,Variance,0.02143335,0.00395423,1.73066481,0.00793912,0.04789252,0.00080074,0.01293047,0.60885176,0.00903255,0.24421380,0.00234644,0.37131747,0.00950798,0.00238050,1.37680571,0.00776733,0.02902168,0.00057972
CAGG,Variance,0.02354707,0.00365846,1.67009908,0.00748840,0.04062154,0.00070594,0.01101791,0.81533460,0.00745553,0.29231616,0.00266297,0.38097180,0.00751459,0.00186237,1.47243521,0.00925125,0.02709136,0.00052079
CAGT,Variance,0.01969447,0.00557827,1.71385140,0.00750095,0.04350489,0.00087587,0.01046760,0.64623012,0.00612079,0.24814658,0.00311368,0.32615417,0.01110629,0.00216305,1.29012585,0.00805374,0.03469643,0.00058852
CATA,Variance,0.02191974,0.00598175,1.99979687,0.00601790,0.04764818,0.00089132,0.01039999,0.54092295,0.00643886,0.32111580,0.00252603,0.39949878,0.01038202,0.00214941,1.00016869,0.00815815,0.03626341,0.00058348
CATC,Variance,0.01858387,0.00511906,1.95629559,0.00545870,0.05124689,0.00089943,0.01202951,0.64434506,0.00769210,0.33150946,0.00190152,0.33245237,0.01126496,0.00189195,0.81398653,0.00935696,0.03840197,0.00047081
CATG,Variance,0.01672348,0.00673211,1.22165879,0.00592190,0.03715836,0.00088949,0.01366973,0.77445655,0.00782816,0.30639686,0.00197842,0.31969535,0.01427665,0.00221511,1.09359611,0.00780307,0.04325320,0.00059927
CATT,Variance,0.01142655,0.00748529,1.83735922,0.00832437,0.03333288,0.00115392,0.01251790,0.67887500,0.00838890,0.26072830,0.00256305,0.42780231,0.01545103,0.00238779,0.95244124,0.00672818,0.05149272,0.00074268
CCAA,Variance,0.01351357,0.00622341,2.04229267,0.00670006,0.03876790,0.00089063,0.01071106,0.40660161,0.00807909,0.25267481,0.00170567,0.49487900,0.01225589,0.00281028,0.85657943,0.00744494,0.04866865,0.00092826
CCAC,Variance,0.01639963,0.00587816,2.40310094,0.00550518,0.03357347,0.00054772,0.00892716,0.44487768,0.00761027,0.34425470,0.00212780,0.55302127,0.01232265,0.00250927,0.99607312,0.00813730,0.03961495,0.00076017
CCAG,Variance,0.01322989,0.00673039,2.28072848,0.00591465,0.02758270,0.00052233,0.00887389,0.48217893,0.00616213,0.45882891,0.00269351,0.53501788,0.01164270,0.00187029,1.04225505,0.00932142,0.03765333,0.00077805
CCAT,Variance,0.01354467,0.00699593,2.34053611,0.00552763,0.03262735,0.00072680,0.00851243,0.48450042,0.00510166,0.42127358,0.00338012,0.55233556,0.01429041,0.00201100,0.98373716,0.00701802,0.04116129,0.00085621
CCCA,Variance,0.01330299,0.00881796,2.72000814,0.00514733,0.03517252,0.00046898,0.00615264,0.54777598,0.00526164,0.39117305,0.00312226,0.53649137,0.01377424,0.00262995,0.71204092,0.00672903,0.04199581,0.00081021
CCCC,Variance,0.01576199,0.00857929,2.34513894,0.00440972,0.03935055,0.00060896,0.00745013,0.56509269,0.00471730,0.47921110,0.00307588,0.46186523,0.01432374,0.00255923,0.78363381,0.00656209,0.04724256,0.00077155
CCCG,Variance,0.01362899,0.00796177,1.78162299,0.00474097,0.03703072,0.00074619,0.01016170,0.70047052,0.00449480,0.35989850,0.00305420,0.40345153,0.01628214,0.00273345,0.80164994,0.00698616,0.04992411,0.00070243
CCCT,Variance,0.01086817,0.00916564,1.89649249,0.00531363,0.04450934,0.00070100,0.01074857,0.54278145,0.00539261,0.25144719,0.00303118,0.61059285,0.01708879,0.00303124,0.86158486,0.00458499,0.04842601,0.00097002
CCGA,Variance,0.01112536,0.00724275,2.10731240,0.00595596,0.04362065,0.00069733,0.01066555,0.42521181,0.00655070,0.25307745,0.00279815,0.73348031,0.01329087,0.00372795,1.12191608,0.00474139,0.05271150,0.00103196
CCGC,Variance,0.01747234,0.00535035,2.30960380,0.00498470,0.04036675,0.00045646,0.00835939,0.49658538,0.00617281,0.30023188,0.00280903,0.62713670,0.01041678,0.00337103,1.05835359,0.00651861,0.03256268,0.00118253
CCGG,Variance,0.01756872,0.00623170,2.06830127,0.00510638,0.03117479,0.00050431,0.00759701,0.59975310,0.00454675,0.35474995,0.00379100,0.62016987,0.00966258,0.00243469,1.34369012,0.00566975,0.03212637,0.00085192
CCGT,Variance,0.01718959,0.00773563,1.84286298,0.00537899,0.04134377,0.00055257,0.00886531,0.58059207,0.00440631,0.29964817,0.00494711,0.59694218,0.01039015,0.00333165,1.10654410,0.00520914,0.03383892,0.00094590
CCTA,Variance,0.01992866,0.00807201,2.04062417,0.00487927,0.06001492,0.00059412,0.00934069,0.55112288,0.00456731,0.25752823,0.00439314,0.52347974,0.01009943,0.00299844,0.89385358,0.00499989,0.03536039,0.00092886
CCTC,Variance,0.02531896,0.00747140,1.69927159,0.00448746,0.05550633,0.00054771,0.01007595,0.69438287,0.00507123,0.36701819,0.00314980,0.42612488,0.01109260,0.00338023,0.90888727,0.00568788,0.03118475,0.00063281
CCTG,Variance,0.01972352,0.00672184,1.33534435,0.00629764,0.05040574,0.00069897,0.01305485,0.83145266,0.00517832,0.23966292,0.00342669,0.34561169,0.01080799,0.00406772,1.28393752,0.00439205,0.03184434,0.00057741
CCTT,Variance,0.01952216,0.00754657,1.44354106,0.00787407,0.05819301,0.00074597,0.01338982,0.74599131,0.00571047,0.20451725,0.00296196,0.50005432,0.01348081,0.00382438,1.33391039,0.00413126,0.03294935,0.00073778
CGAA,Variance,0.02137014,0.00659061,1.69011322,0.00734816,0.06148744,0.00063083,0.01264284,0.64810952,0.00762983,0.21248203,0.00274432,0.56049409,0.01051709,0.00444618,1.20883189,0.00432186,0.03695931,0.00088208
CGAC,Variance,0.02381344,0.00488556,1.68452081,0.00764018,0.04600342,0.00054107,0.01232160,0.61267110,0.00716607,0.20770241,0.00285289,0.45530533,0.00814549,0.00473453,1.53427431,0.00630413,0.02871447,0.00066581
CGAG,Variance,0.02570601,0.00474501,1.83807186,0.00701631,0.05099782,0.00050720,0.01322692,0.77135567,0.00553860,0.22612233,0.00412077,0.35008059,0.00575671,0.00303821,1.61762284,0.00547085,0.02208145,0.00053628
CGAT,Variance,0.02578286,0.00545986,1.47364977,0.00809781,0.06199781,0.00072424,0.01207443,0.85105242,0.00530341,0.22389237,0.00328029,0.36069326,0.00733570,0.00322689,1.46815493,0.00626712,0.02390177,0.00063104
CGCA,Variance,0.02523304,0.00586869,1.41890555,0.00804932,0.07413484,0.00082990,0.01169125,0.91985633,0.00778273,0.24469213,0.00270891,0.35894567,0.00872887,0.00359582,1.13571474,0.00648319,0.02702434,0.00055668
CGCC,Variance,0.02284398,0.00521106,1.33962476,0.00630362,0.07483344,0.00077209,0.01361252,0.87547303,0.00784382,0.28601425,0.00232487,0.32436450,0.00910753,0.00269072,1.19398936,0.00567177,0.02413334,0.00047723
CGCG,Variance,0.02345209,0.00569766,1.05704340,0.00816149,0.06238073,0.00095018,0.01599077,0.98081412,0.00820133,0.19158492,0.00259659,0.25039089,0.00976473,0.00294061,1.16570457,0.00520752,0.02998510,0.00039647
CGCT,Variance,0.01697467,0.00616423,1.16793682,0.01059891,0.04791941,0.00102609,0.02073531,0.67603978,0.00769635,0.18739408,0.00222187,0.31556225,0.01005506,0.00318912,1.27081064,0.00555940,0.03774528,0.00056676
CGGA,Variance,0.01633922,0.00506233,1.83752822,0.00889239,0.04653331,0.00083444,0.01557420,0.55766654,0.00859070,0.18094117,0.00193074,0.41899326,0.01236430,0.00370646,1.27225224,0.00635197,0.03634485,0.00067557
CGGC,Variance,0.02164716,0.00365113,1.78464806,0.00983263,0.04297327,0.00076624,0.01404469,0.64481540,0.01063878,0.22714059,0.00207333,0.36990196,0.00863079,0.00260038,1.43764318,0.00843946,0.02624459,0.00053675
CGGG,Variance,0.02024087,0.00369851,1.79194695,0.00782787,0.03896430,0.00073446,0.01338465,0.71122367,0.00823864,0.28386753,0.00241146,0.38914303,0.00951888,0.00199354,1.31853201,0.00966199,0.02706628,0.00063568
CGGT,Variance,0.02056483,0.00514993,1.81603578,0.00730201,0.03910919,0.00079695,0.01141437,0.67695158,0.00725294,0.26510990,0.00288566,0.36957338,0.01041287,0.00214270,1.25969598,0.00813865,0.02884010,0.00049312
CGTA,Variance,0.01677221,0.00568633,1.94898576,0.00650487,0.05397392,0.00092189,0.01045881,0.58728176,0.00674223,0.37477577,0.00242370,0.32422430,0.01266166,0.00251708,0.92427041,0.00911383,0.04505769,0.00060142
CGTC,Variance,0.01910462,0.00530311,1.88115807,0.00553278,0.05057133,0.00085700,0.01145554,0.76562743,0.00649623,0.40616526,0.00185911,0.31450591,0.01182635,0.00217162,0.88094674,0.00930264,0.04419810,0.00051139
CGTG,Variance,0.01512822,0.00621557,1.53114009,0.00581377,0.04814984,0.00095154,0.01280457,0.69941683,0.00718967,0.35530636,0.00171651,0.34246917,0.01344879,0.00183370,1.06993861,0.00710732,0.04422449,0.00049082
CGTT,Variance,0.01055493,0.00682441,1.54010721,0.00783060,0.03890373,0.00103006,0.01381023,0.52153483,0.00689379,0.21531605,0.00179406,0.43443331,0.01504862,0.00256177,1.02771188,0.00679979,0.05545769,0.00079138
CTAA,Variance,0.01233906,0.00633062,2.24437134,0.00696245,0.03588046,0.00087127,0.01230200,0.44384594,0.00828103,0.30035768,0.00244243,0.58377068,0.01577578,0.00284835,0.95338677,0.00773750,0.05760496,0.00084561
CTAC,Variance,0.01558577,0.00530964,2.44982665,0.00541446,0.02976908,0.00051841,0.00925041,0.41451329,0.00746544,0.37170642,0.00226325,0.56459508,0.01090040,0.00242245,1.05965284,0.00914340,0.03753940,0.00083147
CTAG,Variance,0.01388283,0.00664615,2.22376187,0.00648600,0.03321007,0.00059464,0.00886898,0.46924127,0.00590034,0.37115481,0.00276650,0.42753791,0.01301204,0.00223910,1.12488317,0.00865982,0.03864517,0.00078015
CTAT,Variance,0.01572986,0.01026636,2.58257443,0.00513313,0.02798421,0.00068125,0.00742953,0.50034666,0.00527034,0.35807635,0.00356966,0.57771754,0.01411239,0.00204035,0.84441020,0.00746759,0.03956283,0.00076433
CTCA,Variance,0.01441868,0.00804617,2.53018998,0.00470535,0.03918054,0.00058966,0.00815649,0.54664149,0.00544671,0.42587879,0.00284397,0.53124761,0.01546332,0.00213630,0.73625840,0.00663866,0.04713584,0.00088348
CTCC,Variance,0.01480553,0.00757508,2.11669292,0.00415755,0.04036673,0.00064513,0.00850386,0.57360102,0.00433892,0.35509904,0.00286032,0.53216203,0.01335687,0.00221747,0.84656592,0.00845147,0.04105958,0.00064036
CTCG,Variance,0.01539376,0.00871781,1.93933621,0.00510799,0.03936545,0.00064652,0.01103036,0.63859730,0.00536733,0.35725771,0.00350109,0.44927581,0.01330525,0.00264252,0.84411607,0.00622648,0.03648147,0.00078899
CTCT,Variance,0.01078579,0.01082834,1.85329428,0.00520644,0.04788211,0.00077064,0.01128998,0.48114500,0.00600672,0.29836428,0.00275342,0.60435994,0.01704840,0.00325616,0.91593638,0.00558736,0.04237527,0.00083928
CTGA,Variance,0.01356335,0.00842468,2.39873786,0.00669865,0.04469860,0.00060259,0.01086942,0.46746671,0.00646363,0.29908325,0.00314257,0.67043515,0.01505620,0.00393056,0.91833790,0.00498041,0.04271836,0.00108045
CTGC,Variance,0.01473166,0.00600961,2.72683965,0.00501515,0.03488953,0.00042118,0.00859567,0.46664444,0.00553325,0.34457615,0.00300236,0.62699536,0.01009170,0.00357660,1.06756630,0.00630835,0.03516808,0.00109925
CTGG,Variance,0.01983817,0.00689126,2.22966989,0.00512042,0.03452463,0.00041285,0.00899832,0.55117713,0.00483211,0.31629601,0.00419390,0.57629157,0.00949315,0.00289450,1.09699296,0.00701057,0.02856539,0.00085106
CTGT,Variance,0.01766104,0.00844437,1.71970173,0.00563229,0.04567208,0.00053095,0.00876489,0.57866331,0.00362839,0.37193174,0.00451883,0.56757585,0.00961437,0.00279523,1.05058311,0.00490440,0.03043664,0.00098441
CTTA,Variance,0.01984904,0.00880950,2.23414347,0.00486184,0.06117674,0.00061692,0.00895777,0.59210808,0.00439919,0.28500731,0.00409988,0.53522940,0.01093276,0.00320403,0.86319852,0.00528350,0.03920808,0.00086992
CTTC,Variance,0.02225721,0.00721045,1.56450982,0.00551472,0.05471711,0.00059614,0.00948754,0.83892268,0.00474681,0.34602812,0.00302987,0.41887745,0.00903001,0.00320485,0.92423085,0.00546483,0.03460575,0.00073035
CTTG,Variance,0.01814149,0.00802861,1.07511161,0.00506420,0.05351025,0.00060613,0.01244989,0.90408319,0.00458912,0.25572158,0.00340634,0.38251551,0.01073060,0.00359794,1.33215803,0.00486843,0.02839926,0.00063049
CTTT,Variance,0.01706296,0.00900863,1.30883502,0.00700322,0.05092335,0.00074415,0.01295588,0.68283537,0.00564016,0.18902566,0.00317229,0.50522679,0.01061834,0.00356876,1.29035796,0.00350858,0.03352363,0.00081682
GAAA,Variance,0.01765291,0.00556975,1.71630613,0.00832846,0.06409019,0.00068080,0.01266944,0.59869165,0.00756768,0.17462774,0.00293523,0.55412015,0.01030854,0.00448485,1.21687747,0.00445246,0.03428746,0.00091036
GAAC,Variance,0.01971821,0.00440845,1.98313544,0.00722556,0.04638694,0.00052258,0.01192882,0.62484626,0.00717923,0.25144643,0.00309358,0.50191047,0.00722373,0.00387696,1.72713913,0.00535067,0.02376400,0.00086192
GAAG,Variance,0.02402419,0.00420148,1.21724405,0.00867979,0.04532570,0.00061346,0.01259165,0.74448858,0.00616873,0.28025553,0.00373198,0.40575559,0.00705965,0.00277646,1.85279946,0.00595532,0.02206176,0.00060753
GAAT,Variance,0.02342846,0.00535095,1.52386189,0.00772365,0.05429457,0.00064174,0.01456710,0.83816204,0.00547439,0.20028153,0.00437010,0.33269593,0.00785101,0.00247967,1.58484553,0.00610827,0.02445687,0.00058936
GACA,Variance,0.02300289,0.00588261,1.38550174,0.00723270,0.06400612,0.00072449,0.01113215,0.82655031,0.00652163,0.25453638,0.00294579,0.35224310,0.00828889,0.00330023,1.44410296,0.00556464,0.02896793,0.00055168
GACC,Variance,0.02394839,0.00578503,1.18107640,0.00597549,0.06474823,0.00093814,0.01167128,0.89521352,0.00733830,0.28086394,0.00240759,0.28508307,0.00790262,0.00343732,1.19793850,0.00571065,0.02368880,0.00054178
GACG,Variance,0.02035541,0.00652642,0.97778661,0.00741024,0.05766307,0.00083937,0.01643729,0.93458628,0.00729654,0.21698106,0.00237729,0.23418989,0.00850597,0.00289469,1.37728548,0.00538480,0.02673787,0.00048420
GACT,Variance,0.01738765,0.00594645,1.16069243,0.00946470,0.06982349,0.00101398,0.01897928,0.84682467,0.00760454,0.16389143,0.00230810,0.33695330,0.01139863,0.00263040,1.11265844,0.00513384,0.03094813,0.00057106
GAGA,Variance,0.01613595,0.00483591,1.60490527,0.00929564,0.05707850,0.00090042,0.01526018,0.70851961,0.00986388,0.18224804,0.00222155,0.40362875,0.01021793,0.00328423,1.00315652,0.00567036,0.03748291,0.00077752
GAGC,Variance,0.02303204,0.00415077,1.83259582,0.00738564,0.04317729,0.00073797,0.01243430,0.56925456,0.00874723,0.26064020,0.00229165,0.47479576,0.00915492,0.00303172,1.46553570,0.00853181,0.03261127,0.00063272
GAGG,Variance,0.02410646,0.00426473,1.51307025,0.00679280,0.03527701,0.00083101,0.01130502,0.58473218,0.00838919,0.26162817,0.00252263,0.34294621,0.00998173,0.00203271,1.51343644,0.00756361,0.02728824,0.00059797
GAGT,Variance,0.02096680,0.00484252,1.77833970,0.00723687,0.04221009,0.00082379,0.01238434,0.64315927,0.00591613,0.25804181,0.00296682,0.32331632,0.01047376,0.00253644,1.31935401,0.00808540,0.03197809,0.00063952
GATA,Variance,0.01586843,0.00528621,1.94786955,0.00668666,0.05058460,0.00088047,0.01113320,0.58601324,0.00857611,0.31960400,0.00230206,0.39062242,0.01376613,0.00227827,0.83487847,0.00777776,0.03500720,0.00052846
GATC,Variance,0.01732445,0.00573360,2.40085360,0.00561407,0.04957526,0.00078604,0.01069860,0.67128953,0.00728984,0.35829683,0.00178577,0.29964555,0.01332193,0.00209659,0.82276548,0.00906894,0.03107706,0.00051786
GATG,Variance,0.01491845,0.00750697,1.52465550,0.00666055,0.03730337,0.00093047,0.01515924,0.64907672,0.00613282,0.33529153,0.00222575,0.33624024,0.01638312,0.00221510,0.92645255,0.00771674,0.03936866,0.00046200
GATT,Variance,0.01150453,0.00699546,1.93708511,0.00700298,0.04173321,0.00100047,0.01230858,0.53416639,0.00736919,0.27696499,0.00259582,0.42495607,0.01642372,0.00241866,1.00226822,0.00657998,0.05203672,0.00066801
GCAA,Variance,0.01173948,0.00745723,2.67153321,0.00692134,0.04026783,0.00078185,0.01019797,0.49601033,0.00942096,0.27127057,0.00174490,0.58326337,0.01650429,0.00235164,0.86314869,0.00670491,0.04855693,0.00080642
GCAC,Variance,0.01561387,0.00527961,1.90516934,0.00569632,0.03293551,0.00058497,0.00915985,0.39468792,0.00665204,0.37397143,0.00178284,0.54766651,0.01390184,0.00248355,1.11699289,0.00901279,0.03694644,0.00087135
GCAG,Variance,0.01349512,0.00585302,2.25092538,0.00712749,0.02968399,0.00063294,0.00814354,0.45710639,0.00528159,0.34245956,0.00267121,0.47016081,0.01299297,0.00218153,0.94246240,0.00931923,0.03079280,0.00081637
GCAT,Variance,0.01514121,0.00701798,2.41435782,0.00503034,0.02979146,0.00072266,0.00852218,0.51236529,0.00467789,0.39249518,0.00313264,0.49237551,0.01304965,0.00197810,1.05648944,0.00884773,0.04104107,0.00077919
GCCA,Variance,0.01501275,0.00799333,2.23561478,0.00485514,0.03728139,0.00063723,0.00849107,0.47525878,0.00577404,0.39499312,0.00270023,0.55758063,0.01515028,0.00201889,0.75126119,0.00873657,0.04740670,0.00076165
GCCC,Variance,0.01527307,0.00895889,2.07335499,0.00373071,0.04055876,0.00063531,0.00851646,0.57362214,0.00483528,0.45745132,0.00235377,0.51719343,0.01660495,0.00229414,0.72839272,0.00757679,0.04234649,0.00079815
GCCG,Variance,0.01466232,0.00849648,1.57172342,0.00439245,0.03889742,0.00063289,0.00886210,0.54992530,0.00549514,0.34998157,0.00305253,0.38498908,0.01507378,0.00216276,0.82151801,0.00670120,0.03802398,0.00068436
GCCT,Variance,0.01237606,0.01013819,1.60936875,0.00520922,0.03649522,0.00085806,0.01020232,0.44833914,0.00591189,0.29917930,0.00277906,0.55867431,0.01621591,0.00276891,0.77450891,0.00553188,0.04293575,0.00101062
GCGA,Variance,0.01213109,0.00873890,2.37593279,0.00557061,0.03963969,0.00052139,0.00907536,0.38028649,0.00697249,0.27713107,0.00291254,0.62690107,0.01543882,0.00388654,0.91423619,0.00436876,0.04398562,0.00106607
GCGC,Variance,0.01644305,0.00639040,2.71616077,0.00430662,0.03419302,0.00043419,0.00796830,0.52851928,0.00646538,0.33419518,0.00268788,0.59777873,0.01130869,0.00264342,1.08578520,0.00574291,0.03349135,0.00090692
GCGG,Variance,0.01875701,0.00623109,2.13214393,0.00640887,0.02500992,0.00045022,0.00893877,0.54211653,0.00453273,0.34374805,0.00380573,0.52758423,0.00970265,0.00260489,1.41008452,0.00743637,0.03251727,0.00086112
GCGT,Variance,0.01876719,0.00752237,2.14797141,0.00604058,0.04329559,0.00055614,0.00880588,0.62766306,0.00399589,0.28882277,0.00472221,0.60413348,0.01037101,0.00325984,1.10946022,0.00552241,0.03041774,0.00079651
GCTA,Variance,0.02202662,0.00678910,2.25021713,0.00508602,0.05269647,0.00063999,0.00863825,0.65359947,0.00467345,0.29214640,0.00447015,0.47332622,0.01064647,0.00325094,1.00153463,0.00575257,0.02983669,0.00070877
GCTC,Variance,0.01907544,0.00719126,1.92333619,0.00462760,0.04876859,0.00065216,0.01012063,0.72353119,0.00572359,0.32001927,0.00304891,0.40929597,0.01040479,0.00324679,0.82886845,0.00591856,0.03002284,0.00067233
GCTG,Variance,0.01975067,0.00727212,1.40011726,0.00638337,0.04696485,0.00061350,0.01251224,0.86214697,0.00504624,0.24806497,0.00317666,0.46674060,0.01106022,0.00294679,1.19722667,0.00437103,0.02527736,0.00064509
GCTT,Variance,0.01746419,0.00745980,1.20537636,0.00693433,0.05478281,0.00066415,0.01603504,0.68071230,0.00553162,0.19051285,0.00340238,0.49934567,0.01127418,0.00392227,1.18406654,0.00417242,0.03277397,0.00073430
GGAA,Variance,0.01780164,0.00653540,1.62221492,0.00669798,0.06182765,0.00065984,0.01521384,0.73727656,0.00718948,0.19085078,0.00282189,0.51944209,0.01066974,0.00462769,1.33687772,0.00492950,0.03147305,0.00094770
GGAC,Variance,0.02106366,0.00527678,1.70259708,0.00768448,0.05320420,0.00054158,0.01279604,0.62841795,0.00722693,0.23319840,0.00282236,0.51977740,0.00587197,0.00397646,1.87738087,0.00556593,0.02348326,0.00076443
GGAG,Variance,0.02376982,0.00573594,1.53636279,0.00671131,0.04544143,0.00055821,0.01190105,0.72701474,0.00618724,0.23442161,0.00347982,0.38528062,0.00673459,0.00323024,1.86891721,0.00578033,0.02018485,0.00075109
GGAT,Variance,0.02143765,0.00570286,1.47928257,0.00653142,0.05552217,0.00062115,0.01321923,0.76562243,0.00593460,0.25774064,0.00425309,0.34239936,0.00907211,0.00274795,1.48427288,0.00647032,0.02570153,0.00063655
GGCA,Variance,0.02498725,0.00508277,1.39657173,0.00630274,0.07186264,0.00073141,0.01128339,0.64761035,0.00702057,0.24262301,0.00289847,0.33039609,0.00975020,0.00300415,1.08165265,0.00608828,0.02737130,0.00054494
GGCC,Variance,0.02462398,0.00516475,1.47894775,0.00675211,0.06476211,0.00069443,0.01504551,0.84805553,0.00655154,0.27011211,0.00244931,0.23022658,0.00823291,0.00267066,1.29808179,0.00642590,0.02980565,0.00046459
GGCG,Variance,0.02439759,0.00545715,1.34775000,0.00781482,0.05995060,0.00091290,0.01527819,0.93162702,0.00616998,0.17439056,0.00255338,0.24456872,0.00981591,0.00269845,1.28661580,0.00573298,0.03276333,0.00042330
GGCT,Variance,0.01995054,0.00543653,1.13731165,0.00936979,0.05952536,0.00108105,0.01896820,0.77262995,0.00811322,0.17217502,0.00260205,0.30521533,0.01130285,0.00334354,1.46029387,0.00553254,0.02762266,0.00053606
GGGA,Variance,0.01653033,0.00449647,1.33167875,0.01018904,0.05099866,0.00090024,0.01400717,0.54701959,0.01046613,0.16619587,0.00190639,0.40674029,0.01073615,0.00359412,1.27963020,0.00564291,0.03497641,0.00075165
GGGC,Variance,0.01989084,0.00394820,1.74097812,0.00826148,0.04623451,0.00071603,0.01512539,0.63787498,0.01039740,0.27705459,0.00198315,0.39244054,0.00828309,0.00243532,1.42921854,0.00728181,0.03008124,0.00061272
GGGG,Variance,0.02426601,0.00455891,1.73172866,0.00716827,0.04342308,0.00082706,0.01182995,0.72001808,0.00790270,0.25636761,0.00249706,0.36106504,0.00965530,0.00222367,1.57012239,0.01049496,0.02655547,0.00046588
GGGT,Variance,0.02052930,0.00501337,1.54821029,0.00763193,0.04387317,0.00102467,0.01216451,0.71254416,0.00790059,0.28052418,0.00317360,0.34104686,0.01064457,0.00203841,1.32179797,0.00806689,0.03266852,0.00063546
GGTA,Variance,0.01906534,0.00551832,1.65549021,0.00724740,0.04823543,0.00081188,0.01080484,0.55985155,0.00809909,0.29360225,0.00234930,0.34909261,0.01414257,0.00220711,1.13363505,0.00818711,0.04022793,0.00057432
GGTC,Variance,0.01842443,0.00577196,1.65536077,0.00499591,0.04566310,0.00087235,0.01128967,0.62535864,0.00665205,0.37430796,0.00195340,0.30184307,0.01183293,0.00171132,0.91746103,0.00882293,0.03526028,0.00049813
GGTG,Variance,0.01588421,0.00631027,1.41610004,0.00730621,0.04333667,0.00094655,0.01603853,0.71611475,0.00662151,0.32586778,0.00196994,0.38666845,0.01428557,0.00205013,0.93772397,0.00790107,0.04613738,0.00049442
GGTT,Variance,0.01048361,0.00730202,1.60233341,0.00795272,0.03854471,0.00089117,0.01518259,0.57688578,0.00767701,0.22415682,0.00226461,0.41576247,0.01861659,0.00237886,1.03949988,0.00609065,0.04759447,0.00058915
GTAA,Variance,0.01162973,0.00608364,2.27225520,0.00693773,0.04089278,0.00075556,0.01063657,0.42203772,0.01017265,0.31156878,0.00206100,0.50512549,0.01486728,0.00273246,0.97500005,0.00628673,0.05873056,0.00084656
GTAC,Variance,0.01356719,0.00529936,2.28201284,0.00554339,0.02748721,0.00062275,0.00878986,0.45930016,0.00805644,0.36588541,0.00253910,0.47623364,0.01113358,0.00267381,0.91659413,0.00875137,0.03576255,0.00086741
GTAG,Variance,0.01566730,0.00546503,2.05968897,0.00538507,0.02625048,0.00063789,0.00860833,0.45591315,0.00504263,0.43418843,0.00296491,0.41482530,0.01206664,0.00203042,1.18295315,0.00712816,0.03401991,0.00073281
GTAT,Variance,0.01605182,0.00824488,1.73858743,0.00537273,0.03315984,0.00067160,0.00846363,0.41244606,0.00477539,0.35836388,0.00355040,0.50520091,0.01291811,0.00156926,0.82820455,0.00794120,0.03581337,0.00087970
GTCA,Variance,0.01610816,0.00946302,2.49785093,0.00450169,0.04641085,0.00065023,0.00723064,0.50309928,0.00481161,0.39582486,0.00326732,0.55396728,0.01588630,0.00239645,0.78314130,0.00822071,0.04228674,0.00076010
GTCC,Variance,0.01544023,0.00868245,2.18870157,0.00395516,0.03960507,0.00067622,0.00889276,0.56643895,0.00488514,0.42794045,0.00251586,0.45685162,0.01327262,0.00249832,0.65392819,0.00609866,0.04467074,0.00071162
GTCG,Variance,0.01272218,0.01040166,1.80169209,0.00478287,0.04021323,0.00065224,0.00928618,0.58602467,0.00464819,0.34213408,0.00289056,0.48362642,0.01675944,0.00269962,0.92499195,0.00649349,0.04176241,0.00068018
GTCT,Variance,0.01171709,0.00969459,1.80001237,0.00515792,0.04881248,0.00070319,0.01267762,0.51658497,0.00528408,0.22764870,0.00296814,0.61452735,0.01545962,0.00320112,0.85474550,0.00535886,0.04932596,0.00091417
GTGA,Variance,0.01111187,0.00707020,2.55138849,0.00572025,0.04217884,0.00060053,0.00910028,0.41952302,0.00638267,0.29114818,0.00274622,0.77381410,0.01782479,0.00366207,0.93073482,0.00483342,0.04806486,0.00129123
GTGC,Variance,0.01658605,0.00675673,2.27301797,0.00590852,0.03172681,0.00045592,0.00852208,0.41114503,0.00538295,0.30667227,0.00253747,0.63779422,0.01159816,0.00359645,1.14733932,0.00763356,0.03252850,0.00113080
GTGG,Variance,0.01883087,0.00695346,2.04655015,0.00495265,0.02901491,0.00046709,0.00803023,0.53045160,0.00482413,0.34103883,0.00390896,0.58066621,0.00921613,0.00288451,1.20867856,0.00575869,0.02549672,0.00090777
GTGT,Variance,0.01694167,0.00797269,1.83998636,0.00525428,0.04467919,0.00053390,0.00824844,0.70002413,0.00427917,0.34768293,0.00386879,0.48088975,0.00900058,0.00269199,0.90261551,0.00476578,0.03005212,0.00078596
GTTA,Variance,0.01968133,0.00764192,1.81680879,0.00485427,0.05017535,0.00049573,0.00892154,0.64439331,0.00475949,0.29179580,0.00374727,0.52811441,0.01044200,0.00353165,1.10501152,0.00524931,0.04009299,0.00085349
GTTC,Variance,0.02056637,0.00843293,1.45270622,0.00425422,0.04976547,0.00051861,0.01036445,0.85251779,0.00504904,0.27684482,0.00368000,0.40049350,0.00989671,0.00312201,1.01038717,0.00548894,0.03119473,0.00060117
GTTG,Variance,0.01970804,0.00705971,1.33822628,0.00596628,0.05045676,0.00070176,0.01082909,0.84295627,0.00514535,0.22269729,0.00341444,0.39572335,0.00994822,0.00316539,1.03285290,0.00364841,0.02553843,0.00063874
GTTT,Variance,0.01601084,0.00736249,1.52035850,0.00729019,0.05842017,0.00074426,0.01604826,0.76641003,0.00608089,0.18095962,0.00301681,0.48292755,0.01206538,0.00441448,1.56497733,0.00372313,0.03272752,0.00079231
TAAA,Variance,0.01826753,0.00589885,1.62875510,0.00692349,0.05392603,0.00063126,0.01228554,0.63232306,0.00697434,0.19926730,0.00244678,0.51753009,0.01110815,0.00458970,1.49223389,0.00475858,0.03126991,0.00093518
TAAC,Variance,0.02070046,0.00471959,1.78142223,0.00722652,0.04652728,0.00050962,0.01216211,0.65259162,0.00775482,0.21506698,0.00318094,0.43473428,0.00747253,0.00392879,1.34163022,0.00531983,0.02411403,0.00075083
TAAG,Variance,0.02349356,0.00453097,1.52514258,0.00720162,0.04154837,0.00056022,0.01313448,0.70326723,0.00614872,0.23643084,0.00346522,0.38504855,0.00717434,0.00291082,1.53546750,0.00600127,0.02131646,0.00071426
TAAT,Variance,0.02287514,0.00555036,1.47316713,0.00783588,0.05616664,0.00074112,0.01169717,0.85494150,0.00632554,0.21841266,0.00317198,0.36304422,0.00868823,0.00300253,1.36808357,0.00594573,0.02015764,0.00057497
TACA,Variance,0.02645698,0.00593661,1.40846799,0.00768070,0.07843145,0.00080454,0.01145521,0.86781433,0.00595564,0.22376897,0.00322731,0.40800678,0.01029341,0.00308377,1.26193243,0.00604535,0.02822664,0.00047580
TACC,Variance,0.02547373,0.00549408,1.23350603,0.00613194,0.07119785,0.00080177,0.01231652,0.99195572,0.00709680,0.23920134,0.00229858,0.30029287,0.00725660,0.00296973,1.32120576,0.00616887,0.02893616,0.00049236
TACG,Variance,0.02428229,0.00620229,1.13962242,0.00795481,0.06077115,0.00092626,0.01545783,0.79789897,0.00685371,0.20473244,0.00248882,0.25502398,0.00867697,0.00272804,1.39073617,0.00542999,0.02799005,0.00048293
TACT,Variance,0.01707360,0.00607272,1.19111563,0.01022913,0.08074467,0.00088916,0.01803412,0.68482362,0.00705016,0.19980262,0.00231729,0.35449856,0.01198719,0.00289777,1.19418875,0.00556978,0.03208881,0.00060464
TAGA,Variance,0.01795888,0.00499372,1.37423168,0.00992298,0.05483834,0.00087370,0.01308617,0.64069453,0.01134552,0.18617154,0.00197459,0.45598878,0.01222560,0.00324767,1.37928724,0.00674972,0.03630658,0.00072385
TAGC,Variance,0.02160245,0.00457265,1.85273834,0.00862583,0.04805003,0.00075755,0.01272073,0.57966654,0.00937607,0.26192485,0.00198200,0.41078377,0.00807040,0.00261943,1.40461892,0.00771275,0.02813111,0.00073876
TAGG,Variance,0.02382456,0.00433395,1.56489101,0.00892397,0.03113037,0.00066725,0.01155475,0.70359597,0.00762786,0.28638560,0.00269291,0.32162184,0.00934226,0.00220715,1.60624768,0.00704404,0.02306483,0.00060838
TAGT,Variance,0.01735328,0.00501376,1.61070059,0.00817907,0.04027414,0.00093091,0.01123932,0.65124652,0.00683888,0.26531052,0.00301336,0.36766581,0.00980040,0.00202234,1.11232241,0.00666759,0.03309547,0.00061371
TATA,Variance,0.01739375,0.00615729,1.79194394,0.00618142,0.04653535,0.00093336,0.00827433,0.64982589,0.00664796,0.30582993,0.00250645,0.36111739,0.01200232,0.00194119,0.88509263,0.00689695,0.03814105,0.00052061
TATC,Variance,0.01747635,0.00667209,1.72610919,0.00530988,0.04324474,0.00082075,0.00986664,0.70443615,0.00697790,0.32706910,0.00154706,0.32722327,0.01328886,0.00165170,0.79749119,0.01039232,0.03886477,0.00048410
TATG,Variance,0.01468578,0.00620765,1.57717377,0.00676002,0.04260284,0.00088704,0.01296326,0.79410558,0.00716272,0.30954564,0.00215283,0.29206761,0.01538487,0.00173660,0.80890441,0.00717515,0.04028573,0.00057408
TATT,Variance,0.01289594,0.00777200,1.27656077,0.00825377,0.04125506,0.00113364,0.01159439,0.53118359,0.00969266,0.22763803,0.00232901,0.41719722,0.01643701,0.00200134,0.85527784,0.00732496,0.05271458,0.00072455
TCAA,Variance,0.01216704,0.00592260,2.31855619,0.00721699,0.04171205,0.00081229,0.01199576,0.42134936,0.00797317,0.25707515,0.00183811,0.51412877,0.01473681,0.00277401,0.84079546,0.00704924,0.04926242,0.00082506
TCAC,Variance,0.01636967,0.00535671,2.71630545,0.00554253,0.03092388,0.00053461,0.00918432,0.40879543,0.00790059,0.32336826,0.00176130,0.60913943,0.01190367,0.00258658,0.99860511,0.00907018,0.04047439,0.00071286
TCAG,Variance,0.01562896,0.00484214,2.51438518,0.00611657,0.02621226,0.00063387,0.00928679,0.46391717,0.00596860,0.35890457,0.00325416,0.44288147,0.01110190,0.00200574,1.03907359,0.00865275,0.03397048,0.00076994
TCAT,Variance,0.01259546,0.00832022,2.75054429,0.00533580,0.03211557,0.00077500,0.00753591,0.49177837,0.00492393,0.40073370,0.00395278,0.44970399,0.01277397,0.00199563,0.92413433,0.00717969,0.04122858,0.00078974
TCCA,Variance,0.01763332,0.00670658,2.22352059,0.00463807,0.03743296,0.00073383,0.00745463,0.49486966,0.00492285,0.48670558,0.00291640,0.51689957,0.01601372,0.00249846,0.94655270,0.00774504,0.04553779,0.00079308
TCCC,Variance,0.01617176,0.00797087,1.96826405,0.00420303,0.04001870,0.00062285,0.00742556,0.57534493,0.00452364,0.49242709,0.00280638,0.52947446,0.01287934,0.00248990,0.86882632,0.00706389,0.04068226,0.00073889
TCCG,Variance,0.01361338,0.00821326,1.67313959,0.00496069,0.03702748,0.00057474,0.01053847,0.55251559,0.00431716,0.35362678,0.00314928,0.40121544,0.01589649,0.00207745,0.81703696,0.00539006,0.04699969,0.00089660
TCCT,Variance,0.01163746,0.00848627,1.65147554,0.00637875,0.04896106,0.00068951,0.01167085,0.50757495,0.00489423,0.29383122,0.00335436,0.57111111,0.01743867,0.00318637,0.89102184,0.00458958,0.05354613,0.00100222
TCGA,Variance,0.01168517,0.00813415,2.29966268,0.00527100,0.04010684,0.00058330,0.00961793,0.45819003,0.00660829,0.24274778,0.00257000,0.71726351,0.01404536,0.00374715,0.99750743,0.00543142,0.04207129,0.00117857
TCGC,Variance,0.01716535,0.00700699,2.53063974,0.00556883,0.03385749,0.00038216,0.00925242,0.48434250,0.00551579,0.33630726,0.00318802,0.67469860,0.00996099,0.00358106,0.98292549,0.00624620,0.03543763,0.00087492
TCGG,Variance,0.01940837,0.00727452,1.88449542,0.00497004,0.03389497,0.00043508,0.00907000,0.51087822,0.00471829,0.31226966,0.00376094,0.49055399,0.01023589,0.00269797,1.28564953,0.00736202,0.02467587,0.00090033
TCGT,Variance,0.01873696,0.00795978,2.15534349,0.00552205,0.04765815,0.00050766,0.00775961,0.59097886,0.00367178,0.32145845,0.00461210,0.57508869,0.01330625,0.00301102,1.07222056,0.00557448,0.03062108,0.00082492
TCTA,Variance,0.02072703,0.00858259,1.79112500,0.00570596,0.05103606,0.00060080,0.00897007,0.58823164,0.00521571,0.29277988,0.00380456,0.49844396,0.01062507,0.00399264,1.05803254,0.00510569,0.03360486,0.00078824
TCTC,Variance,0.01928608,0.00627232,1.81953707,0.00409272,0.06259333,0.00055108,0.00999501,0.71126219,0.00525794,0.29101415,0.00330107,0.38091220,0.00979661,0.00303876,1.04798583,0.00537289,0.03053164,0.00076417
TCTG,Variance,0.01681102,0.00715207,1.13194244,0.00528472,0.05491450,0.00063417,0.01464039,0.85522380,0.00461616,0.27055535,0.00310246,0.36148752,0.01026249,0.00399115,1.47280701,0.00477744,0.03127081,0.00059664
TCTT,Variance,0.01648628,0.00676313,1.41044631,0.00757577,0.05110239,0.00062719,0.01366992,0.78016822,0.00710695,0.18994642,0.00334497,0.44834266,0.01199890,0.00389154,1.23816084,0.00374738,0.02782715,0.00085622
TGAA,Variance,0.01695984,0.00585557,1.58360685,0.00845252,0.05971386,0.00064511,0.01358840,0.64974428,0.00691839,0.21197017,0.00274501,0.48900182,0.01032519,0.00427639,1.15440165,0.00398531,0.02824246,0.00083240
TGAC,Variance,0.02149165,0.00462516,1.64494905,0.00829012,0.04700903,0.00050443,0.01165527,0.66397470,0.00655151,0.21621055,0.00331276,0.49871468,0.00805609,0.00463047,1.39192354,0.00517649,0.02383623,0.00079215
TGAG,Variance,0.02131536,0.00501361,1.39790984,0.00858483,0.04929808,0.00062298,0.01208456,0.69925657,0.00632935,0.25399814,0.00320609,0.38356529,0.00802630,0.00294261,2.07262845,0.00539586,0.02087928,0.00058057
TGAT,Variance,0.02315953,0.00620445,1.32719137,0.00782208,0.05180475,0.00068918,0.01226184,0.78224751,0.00679068,0.20952144,0.00367570,0.38483363,0.00661674,0.00304196,1.45084252,0.00550627,0.02430932,0.00066563
TGCA,Variance,0.02011757,0.00627190,1.31875314,0.00715932,0.06132860,0.00070117,0.01361382,0.81017357,0.00731012,0.22661593,0.00342563,0.39615214,0.00862221,0.00302018,1.28312792,0.00559170,0.02742147,0.00057865
TGCC,Variance,0.02705765,0.00431543,1.25625538,0.00620156,0.05771716,0.00078854,0.01195303,0.90232882,0.00678492,0.24167550,0.00262173,0.30430674,0.00975009,0.00278241,1.27417885,0.00585289,0.03019540,0.00045768
TGCG,Variance,0.02602699,0.00581548,1.01487392,0.00681846,0.06007600,0.00086528,0.01751318,0.93039588,0.00682100,0.22652764,0.00269956,0.30092879,0.01043691,0.00293761,1.21317559,0.00488880,0.03199190,0.00048072
TGCT,Variance,0.01886966,0.00488812,1.15529768,0.00934580,0.06266270,0.00107279,0.01909532,0.94487328,0.00759283,0.19370900,0.00213501,0.42061083,0.01087525,0.00346839,1.06179114,0.00570326,0.03711488,0.00054494
TGGA,Variance,0.01626656,0.00455042,1.36517531,0.00968408,0.05202851,0.00087634,0.01731982,0.68509735,0.01091470,0.18772243,0.00211102,0.41043153,0.00963310,0.00433589,1.20123584,0.00550556,0.03915277,0.00063202
TGGC,Variance,0.02204997,0.00412029,2.14842489,0.00620545,0.04488547,0.00073819,0.01271316,0.57859092,0.00873930,0.25963506,0.00225378,0.46197618,0.01027521,0.00279627,1.56649403,0.00814454,0.02985975,0.00056160
TGGG,Variance,0.02481804,0.00359383,1.76577372,0.00718637,0.03777144,0.00069950,0.01359282,0.77497215,0.00739023,0.31855328,0.00273504,0.33812935,0.00823786,0.00216244,1.44252877,0.00926287,0.02575217,0.00053166
TGGT,Variance,0.01980029,0.00569911,1.45214327,0.00817040,0.04629104,0.00075968,0.01077094,0.73345420,0.00621891,0.27850563,0.00292112,0.34244666,0.01238013,0.00211569,1.18632747,0.00811141,0.03211345,0.00068932
TGTA,Variance,0.02072174,0.00528016,1.78512389,0.00651050,0.04424485,0.00090569,0.00993071,0.54954831,0.00737827,0.29719615,0.00217429,0.32613718,0.01222371,0.00201257,0.94740388,0.00813428,0.03583342,0.00056084
TGTC,Variance,0.02541278,0.00550190,1.48569428,0.00487496,0.04895683,0.00091570,0.00975482,0.77802443,0.00815599,0.34325916,0.00251189,0.33884022,0.01081523,0.00203769,0.91179562,0.00815986,0.03624094,0.00054014
TGTG,Variance,0.01604699,0.00587985,1.75814446,0.00620123,0.03839423,0.00096413,0.01387230,0.76498311,0.00676160,0.30159941,0.00221937,0.37015656,0.01334931,0.00202041,1.03410808,0.00681632,0.04173326,0.00054116
TGTT,Variance,0.01245464,0.00659709,1.43226867,0.00628125,0.03809388,0.00085611,0.01251296,0.53515151,0.00642781,0.23911531,0.00240189,0.40539410,0.01625956,0.00250940,0.90033505,0.00536081,0.05327367,0.00064111
TTAA,Variance,0.01185230,0.00624300,2.13173531,0.00705165,0.03301214,0.00086270,0.01117061,0.41061792,0.00803862,0.30698280,0.00192812,0.54113793,0.01463996,0.00284668,0.92545537,0.00650423,0.04571397,0.00081274
TTAC,Variance,0.01580825,0.00539280,2.39118856,0.00651441,0.03176688,0.00056985,0.00934333,0.44132330,0.00777014,0.32435969,0.00230594,0.53054921,0.01214931,0.00225564,1.08328536,0.00849571,0.04130857,0.00074969
TTAG,Variance,0.01541137,0.00499585,2.21073697,0.00548870,0.02722433,0.00058034,0.01083639,0.49875169,0.00522582,0.36672825,0.00324635,0.47091380,0.01121872,0.00223739,1.14912750,0.01063942,0.03255697,0.00083561
TTAT,Variance,0.01483583,0.00781216,2.23446085,0.00564436,0.03594196,0.00063895,0.00843910,0.48152556,0.00487741,0.34746713,0.00324316,0.56966083,0.01461085,0.00224963,1.03455207,0.00794979,0.04574506,0.00079001
TTCA,Variance,0.01720874,0.00852011,2.35616793,0.00452644,0.03615499,0.00062657,0.00769553,0.50128459,0.00497148,0.43225818,0.00310911,0.48837721,0.01352405,0.00221523,0.69013600,0.00776730,0.04680014,0.00082614
TTCC,Variance,0.01319140,0.00794524,2.28277066,0.00475021,0.03599487,0.00063566,0.00684485,0.58576674,0.00517031,0.38049789,0.00280351,0.43902156,0.01364808,0.00256726,0.75716400,0.00663035,0.04207572,0.00073544
TTCG,Variance,0.01318195,0.00961805,1.82846625,0.00485961,0.03442340,0.00067254,0.00911466,0.53843705,0.00472183,0.37720214,0.00309483,0.44253851,0.01682788,0.00230359,0.86402009,0.00517421,0.04446818,0.00081113
TTCT,Variance,0.01219318,0.00887257,1.87177327,0.00583512,0.03945030,0.00067678,0.00923294,0.60733789,0.00491882,0.30942699,0.00300884,0.67213388,0.01483644,0.00321226,0.96041051,0.00496454,0.04403180,0.00085316
TTGA,Variance,0.01288567,0.00671041,2.17599752,0.00698975,0.04083211,0.00061665,0.01078886,0.45123697,0.00605787,0.27216407,0.00292875,0.77510753,0.01418071,0.00350598,0.95397229,0.00521637,0.04676086,0.00106794
TTGC,Variance,0.01379100,0.00685531,2.07932567,0.00532815,0.03245770,0.00042503,0.00853060,0.42233868,0.00523721,0.32669756,0.00278292,0.58973932,0.01073029,0.00333274,1.09665828,0.00644788,0.03662557,0.00094014
TTGG,Variance,0.01981694,0.00658879,1.84516973,0.00612687,0.03779447,0.00048059,0.00943131,0.63667818,0.00481204,0.36412211,0.00475327,0.56234089,0.00916819,0.00271319,1.33070548,0.00612631,0.03048207,0.00083913
TTGT,Variance,0.01692170,0.00996476,1.82724568,0.00494989,0.04471657,0.00056553,0.01100344,0.61929758,0.00413548,0.34003886,0.00426707,0.47449795,0.01071850,0.00350581,1.08431101,0.00522319,0.03043130,0.00090002
TTTA,Variance,0.01848844,0.00804341,2.49970057,0.00483694,0.05043645,0.00062946,0.00811077,0.59280626,0.00418114,0.35683370,0.00454151,0.48360728,0.01122754,0.00327841,0.87620889,0.00538091,0.02933701,0.00094047
TTTC,Variance,0.02145196,0.00746932,1.76825606,0.00456462,0.05588942,0.00060563,0.00989995,0.74878179,0.00477416,0.33281632,0.00355603,0.38340750,0.01019490,0.00304762,1.29952451,0.00613531,0.03274300,0.00067441
TTTG,Variance,0.01906561,0.00848571,1.35022670,0.00540946,0.04591402,0.00062125,0.01338803,0.89905656,0.00494860,0.21384078,0.00346740,0.36510094,0.01025808,0.00357409,1.22093271,0.00473535,0.02999545,0.00070620
TTTT,Variance,0.01614482,0.00770934,1.37160014,0.00697173,0.06885568,0.00069738,0.01498666,0.89667051,0.00601566,0.18333056,0.00310623,0.50494474,0.01149722,0.00426612,1.22272384,0.00344904,0.03213370,0.00080529
AA,Shape,0.15530998,0.03540534,-6.25359669,-0.24200865,0.92530781,3.40841361,-0.11802759,-0.13932107,-0.24740657,35.33863567,0.18607231,2.35072728,0.13575844,-0.15835794,-9.81036786,-0.33874484,0.53378355,3.38395095
AC,Shape,0.36448868,-0.07859998,-8.52744001,-0.21150669,1.06844439,3.39746499,-0.30474530,-0.52229764,-0.06761335,36.63728124,0.18528376,0.93819750,-0.02180675,-0.12084995,-8.85616759,-0.42456625,0.31855017,3.39101045
AG,Shape,0.17856423,-0.11906663,-6.98135758,-0.14939522,0.80174258,3.37693307,-0.32771926,1.41406437,0.12799990,36.40337786,0.07183669,0.47327548,0.09145139,-0.10505494,-11.25480764,-0.53721265,0.50539215,3.41326449
AT,Shape,0.17116910,-0.00317855,-6.40198107,-0.32796232,0.33141625,3.37624718,-0.10926266,2.94397018,0.08026077,35.74862169,0.08380957,1.31477869,0.03953193,-0.24627529,-13.42021786,-0.42300017,0.99968417,3.42482488
CA,Shape,0.47845004,0.01875051,-10.31255954,-0.58114384,0.35864057,3.40033787,0.03565799,2.38744010,0.02640512,36.24517552,0.16241431,0.70051682,-0.29067266,-0.33137532,-11.13797188,-0.21085754,1.12635420,3.41397323
CC,Shape,0.50001648,-0.18913761,-13.84716902,-0.53873690,0.74606546,3.40128337,-0.04757286,2.27419687,0.16064557,36.98881078,0.08638061,-1.28383844,-0.41598615,-0.23474868,-8.36660889,-0.22542927,0.93718462,3.41636584
CG,Shape,0.07565948,-0.32523246,-12.54536939,-0.40331305,0.69841910,3.39156588,0.00411452,4.15291973,0.27079387,36.14224669,-0.07999435,-1.92057435,-0.24393775,-0.14620386,-8.80890760,-0.27700596,1.11531620,3.43134039
CT,Shape,-0.10627692,-0.27002697,-11.66691544,-0.50264247,0.47064275,3.40583217,0.25198352,5.20704271,0.13511986,34.87340303,-0.11332263,-0.84785100,-0.15440922,-0.19395869,-9.43512180,-0.14602869,1.47967344,3.42896817
GA,Shape,0.03910021,-0.26426330,-14.36000236,-0.62287802,0.74862322,3.42992832,0.33417245,3.56978108,-0.04378815,34.91661721,-0.04753359,-0.98839948,-0.33153115,-0.20853743,-6.39666940,0.04381080,1.40316466,3.40726738
GC,Shape,-0.04849269,-0.43422985,-16.13637851,-0.45280556,1.30639342,3.43910142,0.16941529,2.52251087,-0.01150863,35.21185829,-0.09995447,-2.20776875,-0.31199241,-0.05649837,-3.38880485,-0.02591183,0.94648476,3.39790069
GG,Shape,-0.47042272,-0.52920555,-12.80470574,-0.19982021,1.40046288,3.42331484,0.11268626,3.19111763,0.03220537,34.48953450,-0.21517852,-1.88582231,0.02289313,0.05958939,-4.48711611,-0.18164297,0.87960188,3.40257147
GT,Shape,-0.59351867,-0.36849247,-9.56442107,-0.19630004,1.13890725,3.42673836,0.25487893,3.19378903,-0.14718398,33.41428598,-0.17527540,0.05953183,0.21351424,-0.00679965,-6.42224689,-0.16318982,1.07338611,3.39928037
TA,Shape,-0.28071208,-0.24278513,-10.21917048,-0.27833052,1.33945771,3.44401832,0.20519509,1.02475731,-0.30144241,33.85377383,-0.01683324,0.64404132,0.09430771,-0.03642711,-5.13606373,-0.08463695,0.81920560,3.37512758
TC,Shape,-0.18154789,-0.33163561,-10.75865770,-0.11710147,1.68550467,3.43226476,-0.07655992,-0.43345257,-0.21854510,34.87466112,-0.00559392,0.07349877,0.10027444,0.05632128,-4.01659595,-0.23258707,0.31989294,3.37580888
TG,Shape,-0.37811603,-0.31609352,-7.37809682,0.07735854,1.50281422,3.40460574,-0.20465806,0.49441403,-0.12369054,34.69599354,-0.06309751,0.54539253,0.35491527,0.09357235,-6.83925731,-0.44443860,0.28324894,3.39070568
TT,Shape,-0.28713949,-0.10050912,-4.45836029,-0.03370477,1.01126920,3.39680296,-0.10485260,0.97802050,-0.18609798,34.36266132,0.02368552,2.25986702,0.40419579,-0.04738716,-10.28192274,-0.43151607,0.57509645,3.39256834
AA,Variance,0.02135170,0.00513617,1.57394551,0.00741554,0.05127989,0.00062305,0.01231231,0.71235660,0.00662948,0.22587283,0.00329871,0.44036174,0.00856147,0.00348842,1.53892356,0.00557723,0.02545332,0.00072989
AC,Variance,0.02213441,0.00574159,1.25188210,0.00767185,0.06448646,0.00086309,0.01434996,0.88615276,0.00697800,0.22765423,0.00250744,0.31290512,0.00977867,0.00291787,1.27674169,0.00564631,0.02930607,0.00052865
AG,Variance,0.02021931,0.00453729,1.62563037,0.00825707,0.04473688,0.00080130,0.01278660,0.65359398,0.00839730,0.24573388,0.00246171,0.38459013,0.00980026,0.00257533,1.33901075,0.00744606,0.03083852,0.00062287
AT,Variance,0.01578898,0.00635865,1.72609291,0.00665049,0.04352040,0.00095117,0.01158658,0.64646758,0.00741752,0.30283031,0.00215817,0.36859021,0.01381521,0.00206404,0.91191687,0.00780951,0.04091544,0.00058788
CA,Variance,0.01440832,0.00631289,2.39198446,0.00612313,0.03314683,0.00068901,0.00936540,0.45307660,0.00667693,0.35513111,0.00246890,0.52233625,0.01321396,0.00231485,0.98013327,0.00815636,0.04099523,0.00080984
CC,Variance,0.01401055,0.00843217,2.05228467,0.00495146,0.03951509,0.00066416,0.00912361,0.54106319,0.00511540,0.38349621,0.00293069,0.51001411,0.01560087,0.00253197,0.80853720,0.00646587,0.04482897,0.00081844
CG,Variance,0.01609650,0.00718548,2.22413537,0.00539592,0.03805954,0.00051131,0.00882243,0.52342971,0.00524837,0.30424190,0.00358709,0.61199487,0.01151905,0.00320275,1.11705800,0.00579589,0.03548719,0.00095338
CT,Variance,0.01950460,0.00746654,1.61434677,0.00569844,0.05408034,0.00062670,0.01175180,0.73015397,0.00524181,0.26898216,0.00354337,0.44365896,0.01100647,0.00353248,1.11416423,0.00476821,0.03122888,0.00072612
GA,Variance,0.02188208,0.00552765,1.55286880,0.00750194,0.05276032,0.00060549,0.01265493,0.71569913,0.00654655,0.22355442,0.00332015,0.43953321,0.00799320,0.00366555,1.52922918,0.00549840,0.02539583,0.00071688
GC,Variance,0.02285858,0.00567142,1.27305790,0.00764499,0.06323701,0.00085799,0.01522665,0.86471512,0.00724242,0.22026702,0.00264294,0.31421724,0.00963379,0.00300180,1.23236090,0.00581575,0.02991910,0.00050541
GG,Variance,0.02035328,0.00447066,1.64359992,0.00823375,0.04413331,0.00080398,0.01357040,0.65564913,0.00868781,0.24864437,0.00243974,0.37855103,0.00981855,0.00272693,1.37332329,0.00780978,0.03114449,0.00060675
GT,Variance,0.01679900,0.00604117,1.67788905,0.00638339,0.04385359,0.00091807,0.01214602,0.63579352,0.00730815,0.30976546,0.00213979,0.36234944,0.01381074,0.00218003,0.98209821,0.00763533,0.04356348,0.00056930
TA,Variance,0.01428234,0.00645940,2.24693787,0.00611079,0.03248609,0.00066443,0.00926322,0.45947281,0.00693186,0.34721377,0.00269635,0.49638223,0.01334736,0.00233916,1.00754675,0.00805469,0.04200817,0.00081852
TC,Variance,0.01396152,0.00896151,2.08094104,0.00480194,0.04127625,0.00066881,0.00911901,0.54930425,0.00506924,0.35620657,0.00295364,0.51641670,0.01490505,0.00256476,0.80671452,0.00647065,0.04411414,0.00079375
TG,Variance,0.01600180,0.00731171,2.16747283,0.00563107,0.03824021,0.00050929,0.00913692,0.51428468,0.00516119,0.32292357,0.00356643,0.60643240,0.01117498,0.00329980,1.09651775,0.00577719,0.03516402,0.00099070
TT,Variance,0.01881831,0.00796556,1.56459421,0.00541197,0.05456520,0.00062527,0.01115090,0.76866112,0.00498129,0.26385091,0.00351282,0.45282077,0.01048001,0.00347780,1.13818956,0.00478416,0.03236244,0.00074074
