Tetramer,Info,Buckle,Shift,Propeller,Slide,Opening,Rise,Shear,Roll,Stretch,Twist,Stagger,Tilt,Buckle_2,Shift_2,Propeller_2,Slide_2,Opening_2,Rise_2
AAAA,Shape,0.07050453,0.11419438,-4.46644951,-0.19000123,0.57419047,3.46958534,-0.11099287,-0.29571778,-0.43538227,34.16319665,0.07455251,2.47600543,0.30292848,-0.12439795,-9.73541724,-0.28949213,0.83136189,3.42244097
AAAC,Shape,0.07249257,0.00608774,-6.89976005,-0.29793222,0.59034778,3.46862440,-0.16155686,0.23171552,-0.26603136,34.65213413,0.22838365,3.32994912,0.26021886,-0.10314125,-9.02129355,-0.35664900,0.69004239,3.40823972
AAAG,Shape,0.14857344,0.02346383,-8.08494865,-0.35225648,0.87266953,3.47981159,-0.06501646,-0.24930553,-0.23441136,35.58466377,0.21896672,2.07915231,0.11623953,-0.23943107,-9.94967051,-0.39042342,0.43722629,3.39618670
AAAT,Shape,0.33400683,0.06796761,-6.22141221,-0.12727027,1.45076544,3.46735308,-0.09360583,-0.56142579,-0.30721775,35.46994125,0.17590048,1.16290043,-0.15302711,-0.22106355,-9.52277701,-0.35465738,0.48561456,3.39199431
AACA,Shape,0.40023994,0.03770789,-6.02534327,-0.20338038,0.89756834,3.46914653,-0.31237660,-1.37456950,-0.25865417,35.14498721,0.16529669,1.52553759,-0.06846402,-0.11491177,-8.23429953,-0.25757395,0.42455125,3.41587522
AACC,Shape,0.36345064,-0.06982976,-8.39591758,-0.33650283,0.89996515,3.43530903,-0.35303839,-1.22109390,-0.19065532,36.21775418,0.20348143,1.58750545,0.05078439,-0.12695081,-6.61837774,-0.38518326,0.40151687,3.40278310
AACG,Shape,0.14446006,-0.16184751,-9.33989183,-0.17168011,1.06463957,3.43378306,-0.19688249,0.11577977,-0.00241413,37.22840568,0.17881028,0.72947642,-0.09538732,-0.15890185,-10.86432599,-0.49007874,0.13676959,3.41731671
AACT,Shape,0.30859912,-0.11158837,-7.49256629,-0.05109179,1.08709830,3.44760359,-0.29681053,-0.09706568,-0.04007501,36.87245000,0.12104789,0.48050779,-0.07464412,-0.19201311,-9.88632654,-0.53537081,0.32823213,3.43065591
AAGA,Shape,0.29189127,-0.08589082,-6.47928751,-0.08577903,1.00550160,3.42899404,-0.47599394,-0.38023588,-0.03544279,36.11030272,0.09355870,-0.37844269,0.01479472,-0.10369004,-8.97559720,-0.42431294,0.54339084,3.42745902
AAGC,Shape,0.18609024,-0.22199416,-8.51815480,-0.26520967,0.67724160,3.42682049,-0.37873009,1.11525910,0.10289654,36.72015019,0.11822148,0.78675747,0.10890928,-0.03423600,-10.55325737,-0.57677364,0.42833618,3.42752351
AAGG,Shape,-0.02934136,-0.10757401,-8.35248101,-0.14956641,0.58155269,3.43937577,-0.19806670,3.02176859,0.17383353,36.34288446,0.08000877,0.40978211,0.11888073,-0.17812194,-12.86150152,-0.67523666,0.43835625,3.44566233
AAGT,Shape,0.18625139,-0.07361436,-5.13665064,-0.02348132,0.52799992,3.40374514,-0.15724438,2.76194693,0.07327123,36.02711373,-0.00352275,-0.01709467,0.01979426,-0.13478694,-13.49865789,-0.57666890,0.64523678,3.44752932
AATA,Shape,0.26332981,0.04081824,-4.97759251,-0.14389736,0.42653047,3.41724246,-0.32216667,2.52969095,-0.00655594,35.23884401,0.02790203,1.86193604,0.16090287,-0.16710070,-12.57921148,-0.41621414,1.08103674,3.44539583
AATC,Shape,0.14710416,-0.10955366,-7.53519842,-0.43166347,-0.02503716,3.41731932,-0.13205638,2.81395206,-0.01911914,35.79798004,0.07998071,1.58295048,0.11280216,-0.20215834,-12.80244866,-0.48652120,0.90346312,3.43915552
AATG,Shape,-0.08181755,-0.11330586,-6.62185960,-0.34919998,0.31700318,3.41221352,0.01949685,3.28327835,0.11267046,36.05145393,0.15641424,1.52995075,-0.05466625,-0.30983561,-14.59211560,-0.48852675,0.86319613,3.46225382
AATT,Shape,0.40589519,0.05695741,-6.35355238,-0.29372111,0.37107554,3.43668864,0.06925267,3.58648982,0.08058751,35.18834443,0.05471433,0.59782049,-0.30895165,-0.36247137,-13.85191638,-0.34711153,1.21170500,3.47603886
ACAA,Shape,0.38935782,0.11039904,-7.45378301,-0.44694085,0.27172358,3.43410031,-0.03263051,1.30119415,-0.08104041,35.07482442,0.07702179,0.81020780,-0.14066266,-0.29875826,-12.48001567,-0.18730876,1.36038629,3.45450962
ACAC,Shape,0.51523394,0.02937556,-10.26870104,-0.67223615,0.05305382,3.44070528,0.00491628,2.24143415,0.02949391,36.12738712,0.20479879,1.87546078,-0.14963765,-0.28383222,-10.95999559,-0.26625371,1.18904132,3.44290163
ACAG,Shape,0.33405429,-0.11508458,-12.49485646,-0.69227363,0.53907743,3.44231628,0.13279345,3.03437935,0.07286768,36.34301778,0.25539746,0.58858584,-0.38203939,-0.35934084,-11.61735639,-0.21237449,0.96367211,3.43381692
ACAT,Shape,0.50125167,0.00523094,-11.74892479,-0.55185257,0.74592768,3.45442548,0.15505443,1.92182791,0.01388384,36.06009460,0.09999058,-0.29500235,-0.45448832,-0.34514556,-9.95281224,-0.23069524,1.05249686,3.44120918
ACCA,Shape,0.68129394,0.02655570,-12.62285035,-0.57895532,0.74381035,3.43562575,-0.07041577,1.15535077,-0.00572634,35.52904290,0.09379034,-0.30486983,-0.47335491,-0.23311575,-7.11188362,-0.10191189,1.26575985,3.41393912
ACCC,Shape,0.48472980,-0.24259601,-14.76570688,-0.63749653,0.49967040,3.44913390,-0.11274524,1.62731452,0.13803568,36.72077183,0.12259789,-0.59699243,-0.36509732,-0.20191257,-8.21827025,-0.12771214,0.98478884,3.45985767
ACCG,Shape,0.32033420,-0.28015792,-15.12786419,-0.52822068,0.64202880,3.45141642,0.03273613,3.19960044,0.26419992,37.33887121,0.11014587,-0.86349179,-0.49174591,-0.23703711,-9.24360549,-0.34110760,0.72143187,3.42840670
ACCT,Shape,0.34737027,-0.30134691,-12.82629937,-0.40829694,0.81407601,3.44958797,-0.02103715,2.96758896,0.16688613,36.73692311,-0.01899883,-2.86601916,-0.56321863,-0.25742957,-8.57362424,-0.36031124,0.89592433,3.45192657
ACGA,Shape,0.49279060,-0.24832397,-12.98820771,-0.45780753,0.69723436,3.44853129,-0.08451740,2.79606202,0.15606402,36.16038622,-0.06757251,-2.08872686,-0.33223548,-0.14930443,-6.59256226,-0.15993785,1.30809815,3.46187739
ACGC,Shape,-0.00413521,-0.37938965,-15.00005249,-0.50672974,0.54392592,3.42951273,-0.09622792,3.50678766,0.19991111,36.13105715,-0.03695892,-0.99625380,-0.17213598,-0.10552836,-6.69277411,-0.33197515,0.92137832,3.43643516
ACGG,Shape,-0.15547809,-0.37468064,-13.12020991,-0.47807229,0.57284737,3.42769698,0.11552785,5.46500389,0.36893689,36.21433819,-0.05559329,-1.94411348,-0.24899559,-0.13969888,-10.18867752,-0.36506051,1.04726644,3.42880209
ACGT,Shape,-0.13876984,-0.34991320,-11.74572046,-0.25880187,1.00513422,3.46408615,0.11026058,5.19206161,0.21706204,34.89722009,-0.14594979,-2.22935325,-0.34902265,-0.22738687,-10.91093353,-0.33179939,1.26120484,3.46761217
ACTA,Shape,0.07615786,-0.24910739,-10.56581487,-0.44243141,0.46409164,3.45094604,0.12561447,4.52692704,0.08864315,34.27928969,-0.17769375,-1.31366829,-0.21212307,-0.14267668,-8.54708671,-0.08571957,1.68078274,3.46661187
ACTC,Shape,-0.29108674,-0.29378610,-13.46535716,-0.54154325,0.28044258,3.44396664,0.18485538,5.06977959,0.08284063,35.17545857,-0.08375234,-0.13561124,-0.07017716,-0.14271430,-8.65509820,-0.15190895,1.48358373,3.45720334
ACTG,Shape,-0.32217178,-0.39636149,-13.04053611,-0.52157381,0.42628622,3.44453894,0.30674863,5.78124672,0.16636393,34.85174134,-0.08349196,-0.42198939,-0.19172432,-0.22672621,-10.78802323,-0.13800185,1.56388060,3.46253396
ACTT,Shape,-0.08663859,-0.22372152,-11.10415524,-0.51479255,0.50321743,3.48617415,0.37182086,5.57165947,0.04286426,34.11648587,-0.14189414,-0.62673583,-0.37889300,-0.30285735,-10.13445496,-0.07427293,1.66904792,3.43354187
AGAA,Shape,0.01639350,-0.20787418,-11.03211930,-0.52849600,0.62592068,3.45842883,0.28812264,3.88789470,-0.10141336,34.04458172,-0.06913666,-0.90165734,-0.28232156,-0.22281487,-6.52056228,0.03377329,1.73523442,3.43462639
AGAC,Shape,0.06927771,-0.32049104,-16.94132503,-0.71787221,0.51177801,3.44414968,0.22565239,2.81172710,-0.02696681,35.00292877,-0.02616236,0.23129623,-0.22498100,-0.15254908,-6.68201862,0.07640849,1.42011958,3.43120263
AGAG,Shape,-0.10441618,-0.33878247,-15.11612234,-0.68641569,0.88125209,3.48727686,0.35032918,3.71448659,-0.03963577,35.17847758,0.00646456,-0.17848126,-0.42206017,-0.23212334,-7.14549722,-0.07723363,1.27224449,3.43223710
AGAT,Shape,0.12379739,-0.27339820,-15.10881256,-0.54196490,1.03944874,3.52220826,0.38578253,3.83175173,-0.06079842,34.59411754,-0.05658246,-2.26482771,-0.57918785,-0.24289180,-5.44982104,-0.00295813,1.29045956,3.44133900
AGCA,Shape,0.26236275,-0.20960992,-14.94723674,-0.50726212,1.09743083,3.48051663,0.20428144,1.71825620,-0.15812844,34.65921861,-0.10509590,-2.12935329,-0.38367213,-0.07528979,-2.70792622,0.13735289,1.17397490,3.41540395
AGCC,Shape,-0.07796547,-0.42087626,-17.13250177,-0.52856275,1.03858969,3.48852692,0.19949671,3.17208629,-0.14972833,35.28481469,-0.02108949,-1.79980887,-0.16074961,-0.02962961,-2.36964608,0.04304756,0.88682355,3.41058818
AGCG,Shape,-0.31244309,-0.52046330,-17.92965070,-0.51501571,1.46718708,3.50974798,0.15196147,3.33337849,0.06813852,35.42733781,-0.05653970,-1.89719343,-0.28537183,-0.07772433,-4.59115735,-0.16898153,0.58033725,3.40563311
AGCT,Shape,-0.22306680,-0.51049228,-14.60099269,-0.21445447,1.44196533,3.49487924,0.15644093,2.98893303,-0.04270558,34.14972016,-0.23155378,-2.60728268,-0.34232777,-0.02294947,-5.84200475,-0.13258881,1.04003032,3.41421552
AGGA,Shape,-0.12206418,-0.49635097,-13.33737673,-0.22922540,1.47192656,3.46980519,-0.07885746,1.86217260,-0.07261720,34.04180380,-0.19820010,-3.11786309,-0.15397034,0.11112918,-2.88609708,-0.08223872,1.16717507,3.43661610
AGGC,Shape,-0.39427235,-0.59158402,-14.89724868,-0.32199303,1.31738291,3.46447483,0.11748063,2.75132758,-0.00729728,34.58933811,-0.19479417,-1.75542537,0.05005373,0.09848362,-2.90055342,-0.21652479,0.84092153,3.40669751
AGGG,Shape,-0.75761561,-0.71314239,-14.03380302,-0.20562335,1.27763136,3.48214946,0.11440555,4.21697978,0.04221818,34.23744211,-0.18838908,-1.70240716,0.09926348,0.00803052,-5.44564528,-0.24212999,0.84007028,3.42947186
AGGT,Shape,-0.66293971,-0.41717618,-9.96481703,-0.06321206,1.34804492,3.47104583,0.19528562,4.18735859,-0.00638374,33.97017072,-0.31560245,-1.14601316,-0.04520746,-0.06033256,-5.61175328,-0.29104125,0.99015235,3.42238379
AGTA,Shape,-0.55006904,-0.41601845,-9.08128326,-0.12642516,1.30053693,3.46911375,0.21166046,2.88732490,-0.19620454,33.55908434,-0.30008242,-1.01657361,0.27735891,0.10878217,-4.77592295,-0.13790658,1.21652928,3.45913283
AGTC,Shape,-0.69153031,-0.48407259,-11.75826953,-0.23956712,0.93987326,3.46917429,0.23169161,3.19470082,-0.14289705,33.85260624,-0.15769479,0.59817004,0.31776046,0.04707277,-4.87973490,-0.16695847,1.06087905,3.41364540
AGTG,Shape,-0.78682727,-0.44978522,-9.54636008,-0.28435690,1.20617928,3.47452665,0.27973095,3.56628521,-0.10988998,33.30261845,-0.08027276,0.09015223,0.20157084,-0.05268150,-7.68575361,-0.23191137,0.98388122,3.42487798
AGTT,Shape,-0.54724593,-0.24275427,-8.00630343,-0.08027531,1.36564524,3.49912837,0.44564228,2.76661582,-0.29642885,33.01839159,-0.09672717,0.23481492,0.03769402,-0.11702089,-7.04237659,-0.27505684,1.05655021,3.43263989
ATAA,Shape,-0.15435542,-0.15070482,-10.07581589,-0.20420199,1.25060107,3.48866848,0.21596398,1.12248658,-0.45327694,32.91291098,-0.04380510,0.22360841,0.19027331,-0.02950744,-3.78424815,-0.01978586,1.24430276,3.40975162
ATAC,Shape,-0.38744517,-0.30455962,-11.84300732,-0.40012048,1.01507567,3.47642418,0.11879495,1.05600834,-0.34703413,33.79245481,0.04036451,1.42118633,0.25062132,-0.02975353,-4.86179631,-0.09196787,0.89455504,3.40512905
ATAG,Shape,-0.44986631,-0.31665119,-10.70345550,-0.39167356,1.11780574,3.49483381,0.26690503,1.22551439,-0.28685799,33.81609097,0.05870247,0.56698600,0.00269613,-0.03329908,-6.09331664,-0.11651037,0.42817587,3.39593764
ATAT,Shape,-0.17917221,-0.24306443,-8.95026905,-0.16567285,1.71246665,3.50457180,0.21369196,0.03432081,-0.39442678,34.12158134,-0.01699186,-0.17606566,0.00379654,-0.05837560,-4.41281584,-0.19588167,0.52991197,3.38963483
ATCA,Shape,-0.07895578,-0.26153104,-10.08725678,-0.19045194,1.48559204,3.48576699,0.00410093,-1.13602324,-0.40492310,34.39098223,-0.00897518,0.00980576,0.04421458,0.01828660,-2.24500218,-0.03858213,0.74618718,3.39827988
ATCC,Shape,-0.20285760,-0.35375782,-13.59765024,-0.21037097,1.51914187,3.47568993,-0.20625753,-1.65528096,-0.23462110,35.05976695,0.03982218,0.77115042,0.08622608,0.05746030,-3.66300431,-0.16425060,0.31979089,3.41882516
ATCG,Shape,-0.37035737,-0.42982908,-12.20521081,-0.08994584,1.64164203,3.47229311,0.05552323,-0.28871401,-0.12466426,35.76290445,0.01600720,0.19461943,0.10580680,0.05505965,-4.27461488,-0.38095492,0.03382217,3.39635234
ATCT,Shape,-0.21511671,-0.39982736,-8.29673748,0.14638943,2.05679483,3.48451874,-0.17952381,-0.38013294,-0.14484798,34.52246806,-0.06319795,-0.15685932,0.05481563,0.01774601,-5.71449330,-0.35156338,0.22432791,3.41399520
ATGA,Shape,-0.25622253,-0.25487541,-7.72029363,0.06603501,1.60700950,3.47091224,-0.27869329,-0.68748952,-0.19261995,34.49573263,-0.07496192,-0.41853797,0.24624377,0.16536032,-4.57441921,-0.29583529,0.35904197,3.39109756
ATGC,Shape,-0.30485369,-0.45046367,-9.28323780,0.01516872,1.43902183,3.45674136,-0.20407838,-0.22367276,-0.13038015,35.17777355,-0.03400267,1.37218723,0.45898389,0.16336850,-4.91819787,-0.47770932,0.21288293,3.38268489
ATGG,Shape,-0.62375912,-0.38862832,-8.27056231,0.03734445,1.54208352,3.44456507,-0.11654113,1.04760655,-0.05529413,34.65375324,-0.05821857,0.99674357,0.40755845,0.05978554,-8.28785447,-0.62796651,0.20482988,3.41494906
ATGT,Shape,-0.44783793,-0.27936678,-3.82983202,0.15476248,1.46062412,3.46314374,-0.11999209,1.50601728,-0.19506279,34.01761408,-0.11976636,0.45176766,0.23039443,-0.02364153,-9.16255204,-0.53138510,0.37947837,3.41795401
ATTA,Shape,-0.22612811,-0.16381371,-3.66689533,0.14292431,1.16175261,3.44778189,-0.24710179,0.35099519,-0.20903654,33.49117868,0.01293628,1.53471216,0.42291918,0.05401439,-7.69029380,-0.38744948,0.71423979,3.40919853
ATTC,Shape,-0.34327182,-0.20041953,-5.10130157,-0.09765146,0.81217157,3.42251095,-0.14468177,1.42244926,-0.22394876,34.50633784,0.02429093,2.82137854,0.51959548,-0.00735827,-8.82000239,-0.43289281,0.65524005,3.40423924
ATTG,Shape,-0.38744550,-0.12540545,-4.84143532,-0.10312657,0.82143336,3.45690950,0.06020551,1.75023173,-0.13887822,34.25288702,0.11544739,2.93152356,0.36366526,-0.06908376,-13.01322550,-0.51162772,0.47945784,3.40117839
ATTT,Shape,-0.16765247,-0.04015327,-2.07381322,-0.05247904,1.21145766,3.45599845,-0.02391939,0.78674022,-0.21387305,34.11625147,0.07327592,2.28075589,0.10247354,-0.21589698,-11.38883019,-0.44956279,0.49839055,3.39372485
CAAA,Shape,0.11159609,0.08288841,-3.67162513,-0.13906065,0.74611558,3.44340052,-0.10638175,-0.52286648,-0.36897023,33.93809452,0.11993634,2.69959957,0.25322902,-0.12666811,-8.99976495,-0.31481393,0.95944544,3.42821984
CAAC,Shape,0.10442029,0.06125497,-6.77279110,-0.29843046,0.51461379,3.44944557,-0.15873351,0.32969291,-0.34719505,35.31240522,0.19640309,3.31709884,0.26538725,-0.05201534,-9.15275978,-0.29189074,0.48615331,3.37689009
CAAG,Shape,-0.02429012,-0.07194935,-9.01186230,-0.29891280,0.88007993,3.45923371,-0.06443246,0.89137957,-0.23635314,35.57172890,0.28527926,2.01292028,0.15583448,-0.21289171,-10.72672888,-0.39598996,0.30346556,3.42485587
CAAT,Shape,0.37008441,0.04224601,-5.71632952,-0.22162475,1.20141907,3.43799906,-0.20370053,-0.40771738,-0.26005190,35.40689472,0.17215360,1.57430266,-0.15371024,-0.20035924,-9.76916322,-0.30337079,0.52429716,3.38547321
CACA,Shape,0.45653066,0.08028130,-6.60469320,-0.20603005,1.05618610,3.45424175,-0.27625191,-1.26583331,-0.21934727,35.65328496,0.15412504,1.66708337,-0.05218128,-0.09753099,-7.47487001,-0.26851466,0.72255779,3.40368881
CACC,Shape,0.28187300,-0.11601313,-9.92348548,-0.34981019,0.86510297,3.42762487,-0.29216804,-1.60353949,-0.13379924,36.34356757,0.21886173,1.86313405,0.08284679,-0.07156622,-7.70442170,-0.37820731,0.34172200,3.41519439
CACG,Shape,0.31865177,-0.15779657,-11.45689458,-0.24235466,1.05962034,3.44873976,-0.26063490,0.66713134,0.01761654,36.83103169,0.20299547,1.05177843,-0.05977165,-0.14410518,-9.85198514,-0.54089963,0.09514270,3.41174830
CACT,Shape,0.29006915,-0.12604863,-7.81772760,-0.06138208,1.03368584,3.45693811,-0.23613525,0.27529527,-0.04062547,36.28179999,0.14852190,-0.41348885,-0.09439060,-0.12404153,-10.59789994,-0.51605899,0.27059026,3.43858025
CAGA,Shape,0.31978036,-0.04820511,-6.94483605,-0.08968758,1.05228402,3.42418609,-0.42125470,-0.35175067,-0.00847865,35.93828928,0.03508699,0.28075980,0.08561351,-0.03758670,-8.71645582,-0.39308918,0.47281450,3.42634930
CAGC,Shape,0.29077260,-0.18388671,-7.28161018,-0.30593362,0.86855237,3.40989792,-0.34728210,0.83015103,0.10645105,36.64664047,0.10589685,1.35812470,0.12411271,-0.06128852,-10.19423365,-0.55101534,0.32517481,3.40486819
CAGG,Shape,-0.06607244,-0.25280537,-7.55205919,-0.10377161,0.66580450,3.42625498,-0.23088428,2.59940127,0.22994344,36.39928776,0.09869275,0.37225973,0.08075255,-0.10495128,-12.24670810,-0.65000002,0.45900987,3.44591240
CAGT,Shape,0.15287062,-0.02514765,-4.55838019,-0.04780056,0.58992753,3.43335425,-0.20695116,2.41101409,0.07687099,35.72793505,0.02115735,0.02456099,0.01810247,-0.16696809,-13.57430413,-0.55965527,0.73282201,3.43906108
CATA,Shape,0.18883112,-0.00212983,-4.26050452,-0.11140843,0.51959399,3.40227775,-0.27966449,1.82270880,0.04463800,35.19853968,-0.00892987,0.69874977,0.06454996,-0.18605686,-12.18904888,-0.41992869,1.06760949,3.45817189
CATC,Shape,0.09774793,-0.07627619,-6.25320237,-0.28224247,0.11517095,3.40232727,-0.17449528,2.27167980,0.02559742,35.63102646,0.08985323,2.34757218,0.28747882,-0.16482885,-13.20943236,-0.39191140,0.86258823,3.46128824
CATG,Shape,-0.09451937,-0.10831327,-8.23724650,-0.44122785,-0.17263070,3.43529567,0.03260065,4.40494585,0.09910763,35.68038082,0.11770001,1.49994545,0.00535143,-0.28511509,-14.62655307,-0.49107396,0.94807007,3.46132251
CATT,Shape,0.13538674,0.04329443,-6.53651693,-0.37939606,0.32674339,3.46081402,0.02403821,2.91464133,-0.01199492,34.86615078,0.09314069,0.21171537,-0.18504301,-0.35518431,-13.65961529,-0.28235432,1.05629971,3.42023190
CCAA,Shape,0.45040653,0.11112046,-7.87990124,-0.47100315,0.06648704,3.43312576,-0.04384606,1.91989496,-0.09593394,35.08477260,0.10171557,1.12948079,-0.23474193,-0.31928555,-11.96271133,-0.20881731,1.44144492,3.45304755
CCAC,Shape,0.43854428,0.00344441,-10.89271147,-0.62089277,-0.03376282,3.44598952,-0.08461461,2.56746068,0.00659658,36.28137446,0.19993027,2.05586671,-0.17799139,-0.32005935,-10.08685562,-0.20802540,1.34090494,3.41362336
CCAG,Shape,0.40736713,-0.03446725,-12.25600134,-0.65405224,0.59529720,3.44393072,0.04134408,3.40672449,-0.01242560,36.53260093,0.21175919,0.70227514,-0.45240251,-0.35122696,-11.61820507,-0.27088878,0.87593135,3.41697523
CCAT,Shape,0.71619803,-0.06860863,-10.91761277,-0.52922622,0.78486307,3.46235839,0.11368289,2.78790864,0.01450799,36.59729640,0.12096966,-0.76637550,-0.48588378,-0.41145806,-10.61469280,-0.15662883,0.99511723,3.42297504
CCCA,Shape,0.65688138,-0.04756175,-12.72019571,-0.51462002,0.57177858,3.45105534,-0.06386739,0.93510089,-0.03407641,35.94495623,0.12804144,-0.67959278,-0.47335209,-0.27579382,-7.33406738,-0.07734750,1.31625565,3.45988872
CCCC,Shape,0.59399838,-0.16170568,-15.00272025,-0.68381014,0.49522525,3.42769790,-0.06326363,1.58266849,0.06464610,36.88097108,0.13371195,0.11865083,-0.33388890,-0.25091659,-7.14295574,-0.17528757,0.88601290,3.43304093
CCCG,Shape,0.25633974,-0.30997966,-15.91284670,-0.54223351,0.92517260,3.45543390,0.00800345,3.03624021,0.23142923,36.81097610,0.10398564,-1.39033619,-0.42602352,-0.26200878,-9.96357272,-0.34809688,0.85502765,3.41921279
CCCT,Shape,0.34460968,-0.24940277,-11.62944919,-0.33716866,0.85293906,3.45480635,-0.00257011,2.31360013,0.21955400,36.73680980,-0.04246210,-2.55564713,-0.49936017,-0.23124845,-8.20781993,-0.33246672,0.83980508,3.45834804
CCGA,Shape,0.30014602,-0.20114582,-13.01656549,-0.40454341,0.83615010,3.40666079,-0.04685703,2.79986818,0.14094908,35.65355234,-0.04835685,-2.05270640,-0.34811807,-0.16758654,-6.69040512,-0.19307218,1.20134048,3.44163748
CCGC,Shape,0.01865498,-0.38185498,-12.73344185,-0.46061820,0.45106525,3.43038657,-0.14543426,2.95425201,0.24133081,36.45279209,-0.00547839,-1.57426668,-0.12221076,-0.07296612,-7.64765857,-0.25971605,1.13413073,3.46482328
CCGG,Shape,-0.20587776,-0.42571837,-12.63258015,-0.43117761,0.73542651,3.44719682,0.09298507,5.09488097,0.35870987,36.26058678,-0.07103014,-2.15450418,-0.28516328,-0.14766095,-11.69971714,-0.37321661,1.02612245,3.44013213
CCGT,Shape,-0.15833840,-0.32604095,-11.57226544,-0.37437480,0.77531911,3.45182130,0.21568522,5.42384498,0.19230456,35.79904690,-0.13566576,-2.15827917,-0.38540166,-0.19565714,-12.30576218,-0.28454633,1.23663902,3.46662145
CCTA,Shape,0.02549515,-0.18821158,-9.79200244,-0.41629161,0.39700242,3.44181458,0.17796516,4.64259400,0.14345825,34.88847008,-0.17080157,-1.58318980,-0.21663521,-0.12816842,-9.56569646,-0.18672240,1.36069706,3.47879545
CCTC,Shape,-0.19907628,-0.29502376,-12.19638392,-0.56927090,0.35176992,3.42305639,0.18204078,4.76106012,0.14953549,35.11695284,-0.04086688,-0.20607873,0.00147192,-0.10532995,-8.40621030,-0.15379302,1.48637517,3.43545361
CCTG,Shape,-0.21853633,-0.38028035,-13.76419677,-0.56819210,0.48147122,3.44836218,0.34434473,6.18650305,0.16837410,34.97934319,-0.07655921,-0.48989575,-0.11387713,-0.22538343,-9.99347391,-0.15302516,1.32584257,3.45204110
CCTT,Shape,-0.09035355,-0.20349008,-10.59778538,-0.47628415,0.83934456,3.46851489,0.33834652,5.44927364,0.03089475,34.67672671,-0.13841332,-1.10176698,-0.36625079,-0.32831907,-9.64181083,-0.07472114,1.63161491,3.45406248
CGAA,Shape,0.12361144,-0.22024547,-11.87880811,-0.55345888,0.47550780,3.45452416,0.27617634,2.94904864,-0.06911246,33.90066629,-0.13752213,-1.20435370,-0.28571226,-0.21403210,-6.91163765,0.06144011,1.91242373,3.44970989
CGAC,Shape,0.07917198,-0.25225128,-14.84060914,-0.70208912,0.46304212,3.46243686,0.29988822,3.44497175,-0.09349341,34.44393203,-0.02596501,-0.05544734,-0.18396991,-0.19953204,-7.23362505,0.05037765,1.34016683,3.41344568
CGAG,Shape,-0.08235525,-0.34074697,-16.55047596,-0.64946584,0.72034950,3.50429943,0.40617122,4.29841210,0.03783004,35.36754662,-0.00734235,-1.16232156,-0.44037618,-0.23552618,-6.92374962,0.00496021,1.18014062,3.42227059
CGAT,Shape,0.05592506,-0.30854266,-14.56564138,-0.52308116,1.27396445,3.48635329,0.38669277,3.25618205,-0.12701373,34.63699283,-0.13706564,-1.95425874,-0.52666517,-0.27016349,-6.15323730,-0.00286387,1.35421499,3.41810068
CGCA,Shape,0.19411871,-0.32742959,-14.86293484,-0.52162722,1.01836729,3.48154256,0.20744019,1.63499307,-0.14043130,34.38884220,-0.09197447,-2.13542330,-0.44735334,-0.10189667,-2.93664971,0.08651979,1.50607000,3.43327711
CGCC,Shape,-0.02213659,-0.54623311,-17.76785536,-0.58696757,1.04501845,3.50397571,0.10841472,1.99011925,-0.02050887,35.38713731,-0.01304757,-0.92656228,-0.23655631,-0.03710967,-2.99720747,-0.01548807,1.00606935,3.39020668
CGCG,Shape,-0.19059944,-0.54263125,-17.82263381,-0.46509713,1.48695092,3.48940020,0.17215303,3.91240876,0.06651318,35.63060382,-0.06069445,-2.41770077,-0.45779258,-0.04856439,-3.74046002,-0.19829285,0.84656702,3.41184650
CGCT,Shape,-0.15894962,-0.51024679,-14.64180396,-0.18632213,1.64890696,3.47902481,0.16041738,2.58112557,-0.04415071,34.31394692,-0.18841021,-3.80202282,-0.41345820,-0.06939909,-4.19647320,-0.07237282,0.81182241,3.41619204
CGGA,Shape,-0.14689689,-0.49848649,-14.29148123,-0.29975871,1.43485718,3.47689052,0.04502383,2.31382752,-0.11083309,34.50639946,-0.20488779,-2.51714484,-0.20796081,0.06051607,-2.28200577,-0.04371610,1.04712753,3.41643033
CGGC,Shape,-0.39766132,-0.57042823,-14.59052650,-0.28508128,1.21415894,3.46628672,0.11113673,2.29072271,-0.02154870,35.12199099,-0.18258925,-1.61019532,0.07784615,0.05626572,-3.30177759,-0.19462057,0.85380719,3.44029115
CGGG,Shape,-0.74688076,-0.65204853,-15.21878521,-0.26794003,1.36110454,3.47594133,0.09954293,4.24709217,0.07703660,34.38913912,-0.20291883,-1.80850220,0.06891543,0.03123556,-6.32622339,-0.21290988,0.79835356,3.40874220
CGGT,Shape,-0.59025541,-0.50640248,-9.10422128,-0.08874336,1.50617977,3.45608734,0.26119238,4.13000281,-0.03743961,33.09650326,-0.25386046,-1.80764149,0.00895550,0.00099190,-7.25213856,-0.26741819,1.00628401,3.42730164
CGTA,Shape,-0.59001224,-0.41862598,-9.10988860,-0.09535031,1.12904569,3.46796117,0.10050295,2.59971523,-0.15077446,33.02246264,-0.26107715,-0.37736136,0.29014367,0.02875707,-5.76176516,-0.11413569,1.22499455,3.44258524
CGTC,Shape,-0.56598224,-0.49717805,-10.47487186,-0.28548145,0.70177434,3.46656390,0.21461601,2.88763262,-0.20629430,33.36677890,-0.12454926,0.40986978,0.31404655,0.06250145,-6.13735118,-0.19323024,1.17068702,3.40888029
CGTG,Shape,-0.76550911,-0.33959249,-9.87347670,-0.19703859,1.23100608,3.50600222,0.41731153,4.51677580,-0.12211693,33.71554063,-0.13290172,0.24250351,0.13320923,-0.07869609,-7.65988838,-0.17813517,0.93238260,3.42798188
CGTT,Shape,-0.52675741,-0.28608254,-8.96300994,-0.19842696,1.17261752,3.49842947,0.35712850,2.78118061,-0.23998872,33.10971679,-0.14375834,0.39277291,0.02751419,-0.07785004,-6.26582315,-0.12715865,1.10020136,3.40666470
CTAA,Shape,-0.24917291,-0.21442924,-7.02034199,-0.25457713,1.33559715,3.47575861,0.13636890,1.57447287,-0.39713179,32.75443076,-0.08124347,0.91071041,0.17110547,-0.04482902,-4.72499377,0.00433497,1.23164757,3.40276016
CTAC,Shape,-0.35516006,-0.25627842,-12.03462282,-0.40539580,1.06553935,3.48494748,0.14979632,0.50061475,-0.34803227,34.07157221,0.00405807,1.43109532,0.22176340,-0.01237369,-4.59524135,-0.03830551,0.88629474,3.39254618
CTAG,Shape,-0.44761624,-0.45798692,-11.52042246,-0.31954152,1.68533570,3.50615475,0.27189583,2.05119001,-0.24986899,33.70890226,0.07277552,0.70842367,0.14485612,-0.02925298,-5.37997644,-0.07465372,0.69048225,3.38622968
CTAT,Shape,-0.13164376,-0.24351890,-9.77436171,-0.18159837,1.77605354,3.50152017,0.16517953,-0.35328591,-0.29687061,33.68006603,0.00413655,0.06410722,-0.08368119,-0.06084588,-5.66780315,-0.22350036,0.71659975,3.42062784
CTCA,Shape,-0.00948218,-0.22364762,-9.41271426,-0.19403358,1.60384601,3.48754925,-0.03081385,-1.41571992,-0.35029664,33.97854854,-0.08837376,-0.18689048,-0.01879704,0.07223876,-2.59338445,-0.09022016,0.59880346,3.41401401
CTCC,Shape,-0.23842849,-0.39973966,-12.51394398,-0.24125108,1.55231801,3.49649468,-0.13771405,-1.01902009,-0.22290861,34.92735630,0.11798338,0.47464407,0.10008530,0.11660021,-2.67847838,-0.17741185,0.34318602,3.38713091
CTCG,Shape,-0.34265174,-0.41446213,-12.97520047,-0.08040939,1.54695409,3.49254494,-0.04776871,0.20173893,-0.20949132,35.16911841,-0.01388220,-0.15921460,0.11618187,0.03857370,-6.16756222,-0.32179126,-0.07283815,3.40254027
CTCT,Shape,-0.37626903,-0.42041651,-8.78118407,0.07129816,1.90186222,3.49030268,-0.12956305,-0.04255203,-0.14731174,34.68913498,-0.01019538,-0.59511844,-0.11014424,0.08075236,-5.20790974,-0.35831370,0.15284529,3.39457687
CTGA,Shape,-0.06307130,-0.29929059,-9.59024243,0.06728277,1.59304977,3.44943631,-0.22481455,-0.27342615,-0.25660783,33.95904892,-0.10999616,0.27783994,0.25099222,0.14065478,-4.56234227,-0.31711123,0.39233708,3.42010846
CTGC,Shape,-0.40512273,-0.35670271,-9.20659004,-0.03379572,1.35136627,3.45454047,-0.26058287,0.77481675,-0.10408586,34.22387807,-0.07273830,0.93406602,0.45236692,0.15725306,-5.55647022,-0.38545165,0.34018542,3.40630543
CTGG,Shape,-0.59786694,-0.48675993,-8.10145429,0.01949339,1.20166044,3.43164992,-0.09915278,2.12219638,-0.07787349,35.07481186,-0.06264572,1.43590379,0.32348423,0.05100668,-8.73354654,-0.51469618,0.16409442,3.40142978
CTGT,Shape,-0.31209491,-0.29762017,-3.36151677,0.10564980,1.23032247,3.47242937,-0.19902170,1.55183433,-0.13767463,34.36438211,-0.08897574,-0.15056432,0.29692727,-0.02175721,-9.42480610,-0.53226997,0.52459162,3.44060191
CTTA,Shape,-0.14132568,-0.14135579,-3.72332002,0.03414523,1.20198170,3.43469534,-0.23866153,0.47261134,-0.27568135,33.65597484,-0.09950663,1.39631389,0.49441807,0.06322948,-8.89889125,-0.35754246,0.62889674,3.43298895
CTTC,Shape,-0.37869593,-0.17737360,-5.61796524,-0.09865665,0.81608411,3.44371235,-0.21032014,0.16488837,-0.21199058,33.95195255,0.02755739,2.15927789,0.59737429,0.02269969,-8.93353245,-0.43814834,0.68865992,3.41955152
CTTG,Shape,-0.41567926,-0.18227706,-5.66839607,-0.18183200,0.86893544,3.46902186,-0.03045757,1.80189654,-0.08551307,34.33475172,0.10948319,2.91120918,0.42675442,-0.08583936,-11.20821542,-0.49811487,0.51713629,3.39089684
CTTT,Shape,-0.10804864,0.01826906,-3.71203691,-0.02111938,1.04106259,3.44534492,-0.03959002,0.84053421,-0.32303907,34.16402789,0.01550048,2.39632741,0.23816524,-0.16599835,-12.10644668,-0.33445005,0.65137797,3.41651044
GAAA,Shape,0.22220232,0.09480760,-4.16730888,-0.17684587,0.76959659,3.46425774,-0.16351595,-0.14702941,-0.33469435,34.10101354,0.10478158,1.89330315,0.22683508,-0.09983818,-9.29867119,-0.22732917,0.80971210,3.42288604
GAAC,Shape,0.07532815,-0.05721578,-6.56778304,-0.36731766,0.62573321,3.45044806,-0.06146899,-0.67766738,-0.28620759,35.39342027,0.24491604,2.94950988,0.19601115,-0.12611694,-9.32284793,-0.39554700,0.57651211,3.37650580
GAAG,Shape,0.04922329,-0.05438974,-8.72590241,-0.32447710,1.00392515,3.47797388,-0.05668880,0.03597900,-0.23785344,36.10119118,0.18488005,2.50560302,-0.05531383,-0.19149113,-9.96173543,-0.37920827,0.22508189,3.41123345
GAAT,Shape,0.37076345,-0.01226230,-6.59370467,-0.15983266,1.15848772,3.46370989,-0.16170517,-0.72164748,-0.19445989,35.73816963,0.13384322,0.77796883,-0.02453053,-0.19094842,-10.35439955,-0.32423496,0.34038855,3.40832895
GACA,Shape,0.52445154,-0.03289133,-8.15449320,-0.21409076,1.12059935,3.44386163,-0.30405196,-1.39191117,-0.26808753,35.50295249,0.17489687,0.98071234,0.02069767,-0.08925758,-7.56985631,-0.27334790,0.48792148,3.41549012
GACC,Shape,0.41283135,-0.19388895,-10.04245520,-0.31619300,0.82107047,3.46018573,-0.22789286,-1.01256283,-0.14115957,36.78050846,0.23689181,1.37066926,-0.01073743,-0.07808339,-7.81747446,-0.40240029,0.30640115,3.39358456
GACG,Shape,0.22462607,-0.14299609,-9.89337348,-0.16814387,0.90862532,3.45669768,-0.21840703,-0.14835766,0.03754853,37.04701947,0.21382874,0.92378819,-0.00814611,-0.16216748,-10.57762934,-0.46116280,0.07766442,3.38393643
GACT,Shape,0.22516879,-0.11221454,-8.27551010,0.01343186,1.18691269,3.45004791,-0.33564826,-0.46310772,-0.02826772,36.37280551,0.04163077,-0.43860251,-0.16613239,-0.10982683,-9.51035399,-0.52927168,0.45945402,3.42113699
GAGA,Shape,0.34059231,-0.00624269,-7.38858126,-0.15764624,0.96619984,3.41391922,-0.44335071,-0.50719186,0.04441966,36.08781826,0.04630153,-0.23550218,-0.00772286,-0.03046499,-8.66689048,-0.44909926,0.62101711,3.43120231
GAGC,Shape,-0.00131196,-0.25059029,-8.59999043,-0.18749339,0.55861007,3.43412268,-0.41360791,0.60959076,0.04722827,36.53209275,0.13343736,0.76047858,0.10164503,-0.06039919,-10.50555652,-0.55730693,0.38738172,3.42864869
GAGG,Shape,-0.06154896,-0.23743081,-7.45702736,-0.20767635,0.69742740,3.42162788,-0.23794205,2.32955669,0.18123924,36.30936676,0.11363724,0.69520594,0.17665311,-0.10910156,-12.27472123,-0.64172433,0.49316950,3.46024754
GAGT,Shape,0.17086013,-0.07424606,-4.47850914,-0.13975347,0.72328266,3.42553000,-0.28205727,2.63195715,0.03831492,35.77803432,0.04143294,0.13320974,-0.09065234,-0.18359619,-12.82223132,-0.62673412,0.71086423,3.44552170
GATA,Shape,0.17064945,-0.01138712,-4.89098979,-0.21433056,0.53568743,3.40575759,-0.30335631,2.25742941,0.03305270,35.05731510,0.00864494,0.74063582,0.03935990,-0.17972899,-12.82659761,-0.39042151,1.04252743,3.47995789
GATC,Shape,0.19411586,-0.05316097,-7.79759441,-0.34710407,0.21994687,3.41216533,-0.18931750,3.03467301,0.11449856,35.76250742,0.09677827,2.26607446,0.20506598,-0.17109412,-12.68709788,-0.46814127,1.04407233,3.43788782
GATG,Shape,0.08020554,-0.07383524,-8.58264392,-0.42131548,0.36659583,3.43787769,-0.06953252,3.61962486,0.16364353,36.15269023,0.10685067,1.46137085,0.02783748,-0.32763155,-14.66694120,-0.48202976,1.16260304,3.45186695
GATT,Shape,0.25590305,0.03044206,-5.49969008,-0.38018045,0.31993911,3.44064313,0.05230902,2.99847567,0.07199798,35.53495742,0.05192017,0.76269855,-0.17134819,-0.36508375,-14.08609493,-0.38285787,1.20371893,3.43971728
GCAA,Shape,0.51338002,0.01686312,-6.22733793,-0.42924146,0.25407438,3.43345014,-0.03478698,2.57560672,-0.08516567,34.77756218,0.05309755,1.20998150,-0.21545663,-0.30999007,-11.43076503,-0.14965773,1.58108634,3.44297972
GCAC,Shape,0.44900097,-0.04733696,-10.49352904,-0.64077786,0.22624142,3.42891581,0.01879207,2.14908313,-0.02282646,35.95744632,0.24996769,1.45596723,-0.15855889,-0.28728047,-10.93488140,-0.13180036,1.16625998,3.45544176
GCAG,Shape,0.29952741,-0.01706897,-11.02972093,-0.63938423,0.39668793,3.47410837,0.15939776,3.27558389,0.11701926,36.33116463,0.19520217,1.12125281,-0.40023675,-0.33262128,-12.60644490,-0.26130133,1.07664555,3.43567805
GCAT,Shape,0.54014222,0.00594122,-11.30355855,-0.44747601,0.66647469,3.48446561,0.06984491,2.38862569,-0.00142541,36.27764405,0.09974253,-0.43937216,-0.54991983,-0.40435828,-10.50251217,-0.20331737,1.22981217,3.41872597
GCCA,Shape,0.72092579,0.01321126,-12.33163815,-0.53894843,0.50056663,3.44776044,-0.07322163,1.35082810,-0.00152929,36.00152209,0.08703272,-0.55385066,-0.34346594,-0.33619186,-8.43037008,-0.10335877,1.27613375,3.45100046
GCCC,Shape,0.56818673,-0.23763436,-14.06256445,-0.67807511,0.57793418,3.43452733,-0.07643960,2.39591697,0.10232069,37.21910305,0.16692298,-0.76341748,-0.32672421,-0.17995314,-7.64730524,-0.22096330,1.01678193,3.44496404
GCCG,Shape,0.34708974,-0.33080288,-16.03749580,-0.59346078,0.76965701,3.46041904,0.04884238,3.04338544,0.21980145,37.09934292,0.10634305,-1.40525121,-0.40760731,-0.24819848,-8.69882920,-0.34555091,0.73864497,3.43665851
GCCT,Shape,0.30624611,-0.30563131,-12.63388025,-0.39617580,1.07229134,3.43787823,-0.01369821,3.46942250,0.20478381,36.56741888,-0.04643971,-2.34408470,-0.55904666,-0.20826081,-7.75659766,-0.30278249,0.82824889,3.43712913
GCGA,Shape,0.45009483,-0.25396214,-12.44228932,-0.38701946,0.73412194,3.44435596,-0.17869651,2.75251670,0.20632042,35.74886534,-0.04134001,-1.90311244,-0.35811179,-0.10609503,-6.28605022,-0.20077820,1.18973231,3.45109145
GCGC,Shape,0.06422747,-0.39840987,-14.31425845,-0.45341013,0.73555407,3.43642564,-0.07646576,3.58004717,0.30003621,36.15193130,-0.02032379,-1.57382974,-0.13941967,-0.04729554,-7.98401830,-0.29761870,1.06556065,3.45432756
GCGG,Shape,-0.16625740,-0.43192802,-12.58857152,-0.39223557,0.63628422,3.44690639,0.11847579,5.05766945,0.34249872,36.11808078,-0.07025335,-1.82157053,-0.16826221,-0.21931575,-10.15266677,-0.37861381,1.16914518,3.44986022
GCGT,Shape,-0.05676836,-0.26129450,-11.38743369,-0.30587496,0.61207736,3.47057040,0.14176742,4.98719090,0.12500247,35.24870034,-0.16692555,-2.67526023,-0.30018405,-0.16366805,-9.55391568,-0.29269938,1.34674414,3.46091432
GCTA,Shape,0.02425371,-0.29526529,-10.71575668,-0.43904223,0.49206467,3.46268338,0.10217055,4.85214288,0.10790118,34.01879485,-0.13585380,-1.99241300,-0.06575051,-0.14317875,-8.29264246,-0.13405869,1.64878863,3.44777775
GCTC,Shape,-0.16166529,-0.31262244,-13.97632286,-0.52278448,0.28271853,3.44479585,0.23053139,5.38198752,0.15419120,34.93484492,-0.05949488,-0.02135478,0.08603779,-0.15272707,-8.33060360,-0.15936994,1.55962074,3.47193269
GCTG,Shape,-0.28231796,-0.41222785,-13.46971120,-0.54913411,0.55455572,3.45492173,0.32264987,5.63642862,0.17752546,34.56725049,-0.06988327,-0.58137873,-0.27919381,-0.20154085,-10.87794759,-0.23003013,1.34809739,3.45211081
GCTT,Shape,-0.13623177,-0.18712732,-11.34947522,-0.51782374,0.58335979,3.48583251,0.35416450,5.29967987,-0.01502199,34.23676289,-0.10087540,-1.14033849,-0.33229236,-0.25001033,-9.35230039,-0.09631141,1.65592334,3.43441541
GGAA,Shape,0.07044766,-0.19795248,-12.09344902,-0.61514542,0.45321436,3.48204806,0.22820525,2.99703806,-0.07394713,33.52535467,-0.15623150,-0.55238141,-0.22412479,-0.24236702,-6.48630752,0.00400048,1.86988194,3.42466846
GGAC,Shape,-0.00802872,-0.30268039,-15.22039755,-0.70239188,0.41172687,3.45488159,0.30774899,3.66148270,-0.04849784,34.64108677,0.01800611,-0.20718992,-0.21589373,-0.19087300,-5.26249952,0.08710712,1.48260982,3.43777442
GGAG,Shape,-0.05354992,-0.36678390,-15.82015238,-0.64048283,0.74461370,3.48083031,0.45050768,4.91392093,-0.07539664,35.44209240,-0.02012120,-0.86995415,-0.28560442,-0.19619722,-5.89592140,-0.00639932,1.12214672,3.41654523
GGAT,Shape,0.05174327,-0.24321076,-14.98121919,-0.47167020,0.90704046,3.49618065,0.33462192,2.75876200,-0.05942781,35.01563524,-0.09949492,-2.43271923,-0.49445726,-0.25942331,-5.92207874,0.03901720,1.30988832,3.39729520
GGCA,Shape,0.32380962,-0.31807785,-16.44388062,-0.55827737,1.16979573,3.46639567,0.26727561,1.92629958,-0.08709794,34.29552795,-0.09840444,-2.22238379,-0.35571334,-0.09054287,-2.01784712,0.03328356,1.43223878,3.42815382
GGCC,Shape,-0.00034847,-0.50070550,-17.56967201,-0.49435338,1.17444212,3.46769101,0.10159014,1.90452953,-0.02919483,35.72394429,0.01295011,-1.36520796,-0.32102741,-0.01395815,-2.50967720,0.00030987,1.00052285,3.41757222
GGCG,Shape,-0.45392228,-0.62363926,-17.17117236,-0.51060167,1.25742465,3.51373064,0.22879426,3.19982564,0.03466732,35.37671139,-0.07957577,-1.72126257,-0.25603453,-0.06360600,-4.01490722,-0.12508350,0.70910036,3.40087020
GGCT,Shape,-0.23842118,-0.49991710,-15.31631391,-0.23906723,1.47852960,3.47749456,0.16802858,2.42529444,0.07346584,34.70466757,-0.19788348,-2.77761404,-0.35139000,-0.05459523,-3.18624979,-0.14137470,0.97658105,3.41458049
GGGA,Shape,-0.06245434,-0.52465688,-14.18644957,-0.16957959,1.38131994,3.48595884,0.09080388,2.09601426,-0.02051988,34.37250352,-0.20740412,-2.80537985,-0.09444988,0.09132423,-2.26420664,-0.04661609,0.91040912,3.44174816
GGGC,Shape,-0.44917274,-0.62321921,-13.68210421,-0.25030615,1.09069311,3.45520555,-0.00276980,1.96579413,-0.04514974,34.62344403,-0.22092593,-1.73185399,0.06985489,0.10862497,-2.89523969,-0.22468563,0.86372097,3.40846862
GGGG,Shape,-0.73994529,-0.63204067,-12.90015382,-0.23810567,1.40315477,3.48836779,0.26183156,4.05611467,0.12396374,34.56318253,-0.19730285,-1.31451923,0.01036660,0.01384939,-4.97783687,-0.26560638,0.74269780,3.40461785
GGGT,Shape,-0.68025978,-0.46220579,-9.39295598,-0.03792695,1.36304272,3.48313152,0.19822147,3.72783443,-0.02426101,33.51149784,-0.25832387,-1.74674892,0.00399972,0.02197167,-5.17207010,-0.19509652,0.93933455,3.40589256
GGTA,Shape,-0.41216369,-0.42430121,-8.73213888,-0.07493120,1.22146937,3.47723209,0.04748638,2.80954751,-0.15721890,33.15816309,-0.28417159,-0.75625396,0.12105990,0.02816593,-4.62319269,-0.15224979,1.23522585,3.43539375
GGTC,Shape,-0.58837124,-0.42307623,-10.70589186,-0.24172843,0.77563578,3.44528186,0.13094448,3.94911368,-0.21143418,33.43416855,-0.13572781,0.52571304,0.30107893,0.05432762,-6.08529196,-0.18694338,1.17232879,3.43835518
GGTG,Shape,-0.72767999,-0.36928983,-10.78123111,-0.28686587,0.92940086,3.48441770,0.31469822,3.49277082,-0.19550178,33.38225640,-0.14103804,0.85491062,0.24144605,-0.02840697,-7.50674210,-0.27987550,1.01659345,3.41356617
GGTT,Shape,-0.51085133,-0.34136644,-7.79843789,-0.09180457,1.11346302,3.48358578,0.41500798,2.67570027,-0.26917928,32.59178874,-0.20117516,0.00964930,0.10205550,-0.12251230,-7.52624547,-0.12826347,1.13540667,3.39891956
GTAA,Shape,-0.19447395,-0.15234751,-8.65076238,-0.30299103,0.97905389,3.49226618,0.16907514,0.76715319,-0.32565874,32.49357313,-0.09102872,0.99420698,0.08866665,0.01786045,-5.05281792,-0.03316754,1.31750340,3.41827753
GTAC,Shape,-0.30115082,-0.21207886,-11.61125057,-0.37484328,1.07548942,3.49107069,0.16973651,1.28262885,-0.33775071,33.63442157,0.00769652,1.58793842,0.24321354,0.01121012,-4.28758007,-0.06800705,0.96012353,3.40945571
GTAG,Shape,-0.51103625,-0.36286766,-11.84971898,-0.35796394,1.42915864,3.50066700,0.35643644,1.49499786,-0.27482062,34.36026846,0.04804579,0.88299553,0.01620175,-0.06946551,-5.93608146,-0.19623626,0.49608512,3.38260530
GTAT,Shape,-0.15903093,-0.22296580,-10.05650932,-0.18191761,1.65960376,3.50267522,0.18902709,-0.00379126,-0.37908791,33.91562360,-0.03221832,-0.52426443,-0.12613909,-0.09828140,-5.03503155,-0.11682416,0.75360433,3.40386148
GTCA,Shape,-0.00598026,-0.28228937,-9.70399200,-0.18787788,1.57612520,3.48878035,-0.05899909,-0.67984863,-0.42051248,33.82570341,-0.05415580,0.13504485,0.06107456,0.04179582,-2.76562581,-0.07637083,0.67831684,3.39886948
GTCC,Shape,-0.18606762,-0.35307755,-13.15201459,-0.22067974,1.21046230,3.48284360,-0.13620357,-0.65131643,-0.24007353,34.90793838,0.07545476,0.95859647,0.19443119,0.08492996,-2.89208805,-0.19328714,0.35622449,3.41877035
GTCG,Shape,-0.32160285,-0.44951568,-10.44466214,-0.16893414,1.81200163,3.48042125,-0.11454492,0.79579213,-0.18859188,35.01875486,0.03866359,0.16042134,0.04385775,0.05402999,-5.98071825,-0.36380293,0.10286116,3.37963457
GTCT,Shape,-0.26359108,-0.33382996,-9.66737808,0.07864180,1.74506840,3.47869393,-0.08132944,0.20665278,-0.12898755,34.57405372,-0.06326615,-1.07234531,0.08227808,0.02934112,-5.48834571,-0.34596397,0.37249202,3.38274489
GTGA,Shape,-0.36136263,-0.33945196,-8.27935497,0.12092045,1.76778473,3.45417688,-0.20795729,-0.79431483,-0.22516285,34.37842782,-0.09690502,-0.78978213,0.23165010,0.14375333,-4.34106061,-0.33892972,0.35737842,3.41048173
GTGC,Shape,-0.29276898,-0.42711924,-8.47431594,-0.01417367,1.60512370,3.43601782,-0.29445591,-0.24937288,-0.12395213,34.69099842,-0.04646797,0.82921906,0.52194956,0.12173960,-4.69451816,-0.45273247,0.28101967,3.42330145
GTGG,Shape,-0.53339759,-0.42111461,-8.36372085,0.07391085,1.42492579,3.46983393,-0.18905104,0.66043565,-0.05950933,35.17375747,0.01014603,1.42809144,0.27058566,0.02493447,-8.16693014,-0.57785845,0.13132624,3.40897428
GTGT,Shape,-0.46681829,-0.27215388,-4.70666322,0.18476485,1.53025869,3.44002509,-0.10496460,1.04781063,-0.18028428,34.27609743,-0.07982741,0.13180036,0.27355198,-0.00949541,-9.35531606,-0.53800884,0.38792925,3.43728159
GTTA,Shape,-0.30539463,-0.16225600,-3.53618700,0.05159309,1.18785898,3.45749432,-0.21674121,0.83199320,-0.26393248,33.54815291,-0.06760741,1.26385770,0.41399898,-0.00124364,-8.80057446,-0.46019648,0.55227364,3.43094343
GTTC,Shape,-0.37149122,-0.18705635,-7.27749461,-0.10861468,0.66678596,3.44476349,-0.18130777,0.85032841,-0.25833308,34.37890442,0.02775757,2.76818574,0.47834257,0.02219598,-9.13442960,-0.37832685,0.63744138,3.43150548
GTTG,Shape,-0.53978117,-0.20243692,-5.51947888,-0.09889491,0.79276107,3.42932129,0.01216615,1.53147703,-0.15878515,34.53177059,0.11381826,2.93784328,0.28660281,-0.09590113,-12.49479277,-0.45404192,0.42437938,3.40824149
GTTT,Shape,-0.15899396,-0.00322319,-3.79749644,-0.02178509,0.97485019,3.43594658,0.00436205,1.15454570,-0.35242491,34.05878422,0.02069461,1.68447546,0.25251395,-0.20713290,-11.25650736,-0.49144745,0.66863622,3.40854301
TAAA,Shape,0.09790815,0.10276055,-3.97952217,-0.07408796,0.85436015,3.44964165,-0.14701355,-0.09594476,-0.28946314,34.09562542,0.07314914,2.49007659,0.25106733,-0.12155559,-9.80918094,-0.32460136,0.84548461,3.40641601
TAAC,Shape,0.06090738,-0.09591466,-6.64191269,-0.25983817,0.76625535,3.43384093,-0.09162844,0.73296097,-0.29400373,35.35921174,0.26847416,3.30049775,0.18645215,-0.12944953,-9.57106393,-0.36607847,0.54426434,3.39704886
TAAG,Shape,-0.01957133,-0.04354434,-7.45863195,-0.31480318,0.94119891,3.46480677,-0.13694671,-0.01977021,-0.25768250,35.72889832,0.24987480,2.13160840,0.02555002,-0.21761710,-10.05024502,-0.35683570,0.21220431,3.40304957
TAAT,Shape,0.24705087,0.00788219,-5.48375218,-0.19593576,1.30100531,3.48033801,-0.15703596,-0.57485747,-0.23891179,35.46705322,0.18930545,1.40027615,-0.13472591,-0.18676506,-9.95660639,-0.39129017,0.62239101,3.42222025
TACA,Shape,0.57884004,0.00409765,-6.26573904,-0.26175707,0.98956712,3.45710413,-0.30499105,-2.04939979,-0.26889074,35.77201632,0.18912206,0.95692664,-0.01478810,-0.13472670,-7.73962168,-0.27925802,0.62038680,3.40671026
TACC,Shape,0.45056522,-0.15243108,-9.26479864,-0.41098735,0.74480973,3.44054686,-0.40883271,-1.34558726,-0.14556086,36.71244769,0.29314961,1.76852127,0.00473823,-0.08198484,-8.35931765,-0.41969574,0.35448431,3.42361362
TACG,Shape,0.21766968,-0.21630533,-10.03193452,-0.17939472,1.10658368,3.44868364,-0.18062748,0.56699038,0.02982058,37.33018417,0.21822987,1.12394123,0.01332225,-0.15696053,-9.15433799,-0.53919200,0.11488856,3.40249764
TACT,Shape,0.29597819,-0.13625646,-6.79499685,-0.05165448,1.25173485,3.46792411,-0.40045440,0.12944241,-0.03346568,36.08725406,0.10804272,-0.13994517,-0.14179978,-0.16439537,-11.43111694,-0.48416180,0.30573327,3.44046122
TAGA,Shape,0.33935976,-0.06902727,-7.67147388,-0.17888384,0.82920605,3.42374027,-0.39817826,-0.84335562,-0.03020717,36.19085706,0.04698737,-0.22734581,0.09445543,-0.06904119,-8.57387469,-0.37161695,0.55359149,3.42773364
TAGC,Shape,0.21702905,-0.24262862,-8.73482042,-0.21682131,0.79004462,3.43905072,-0.38405891,1.33843615,0.09224650,36.06769410,0.12564014,1.27044576,0.19380147,-0.04706409,-9.72460724,-0.52779828,0.45920910,3.42961335
TAGG,Shape,0.06006973,-0.18269383,-7.01957859,-0.08066761,0.63730308,3.45177030,-0.22501034,3.18655396,0.21459301,36.56128198,0.05994208,0.99694378,0.05817540,-0.15280623,-12.48432290,-0.58359661,0.43492807,3.44288260
TAGT,Shape,-0.02110706,-0.11908658,-4.58220996,-0.06268089,0.70075786,3.42348385,-0.17123140,2.89350907,0.08874804,35.33969078,-0.00019436,0.19822039,-0.02708154,-0.17493857,-13.66620955,-0.50871011,0.89897110,3.44700244
TATA,Shape,0.31907474,0.02125480,-5.73414735,-0.17030619,0.46037481,3.41827747,-0.28699523,1.61573876,0.02917815,34.90533090,0.01930065,1.10362984,0.12007379,-0.16717784,-12.56541471,-0.38887925,0.97578370,3.49482581
TATC,Shape,-0.02684990,-0.02981493,-7.53423619,-0.37586189,0.01478566,3.43382816,-0.21908967,2.34314000,-0.03203807,35.72999880,0.13542361,1.77931814,0.17953735,-0.18150095,-11.63525499,-0.39618230,0.87209232,3.45016372
TATG,Shape,-0.00686555,-0.12670453,-6.93026989,-0.43681913,0.31603082,3.42131664,0.08421320,4.33965185,0.16415683,35.66073651,0.16846901,1.36255174,0.00079912,-0.25625107,-14.27077825,-0.51524258,0.89845200,3.45075397
TATT,Shape,0.28446840,0.09685386,-5.60185650,-0.40560089,0.44570847,3.44694128,0.05171878,2.89360962,0.01395737,35.24754997,0.05941395,0.71890803,-0.15635776,-0.35414308,-13.48569772,-0.32865463,1.27149264,3.43495031
TCAA,Shape,0.42515062,0.19398448,-6.42767177,-0.51561906,0.26778073,3.44809065,-0.11357761,1.79951505,-0.06902707,34.54992635,0.07957653,1.21450853,-0.09642447,-0.28250422,-12.23501444,-0.20539739,1.42276091,3.44339531
TCAC,Shape,0.34501242,-0.02616033,-11.88610001,-0.65389571,0.08862854,3.42287195,-0.08364843,1.68293226,-0.02015591,36.47027612,0.21415408,1.89205591,-0.19862898,-0.27179079,-10.17928714,-0.29575749,1.01059552,3.45013590
TCAG,Shape,0.36756685,-0.05969833,-12.87511096,-0.64519179,0.32837207,3.45989990,0.02758365,3.71103474,0.11031335,35.92131878,0.18533060,0.51883652,-0.43816222,-0.37465824,-10.88902374,-0.26027699,1.02354732,3.44158717
TCAT,Shape,0.61548017,-0.02692883,-11.16709325,-0.49095513,0.59458468,3.46553961,0.08993681,2.05373666,0.01499897,36.02699066,0.16340477,-0.57514446,-0.56988716,-0.33715190,-10.06707251,-0.21059085,1.24234537,3.44337845
TCCA,Shape,0.69304802,-0.03502853,-12.70927373,-0.48894940,0.61841615,3.44506172,-0.02992519,1.13023659,-0.01184177,36.61431724,0.13768961,-0.71379458,-0.37151352,-0.25465788,-8.61116711,-0.14717782,1.18298919,3.44518492
TCCC,Shape,0.61576374,-0.21963686,-15.09972987,-0.62666276,0.63670461,3.46584647,-0.12808814,1.51159415,0.11838926,36.62153600,0.12847652,-0.59784888,-0.34909694,-0.19701667,-7.93520901,-0.15870333,1.00892632,3.42230384
TCCG,Shape,0.24492697,-0.34024819,-15.36398400,-0.51851800,0.83747122,3.45567599,0.00317740,2.85523219,0.22183905,37.64268946,0.11102626,-1.95954483,-0.47958650,-0.24140093,-10.33285544,-0.34072274,0.77184245,3.43392383
TCCT,Shape,0.46855693,-0.24030564,-12.79264545,-0.39457491,1.00686013,3.48814709,-0.04494908,2.60403433,0.16649318,36.72325843,0.00876659,-3.02722249,-0.49273758,-0.22540685,-8.60138672,-0.29862488,0.90876841,3.43863111
TCGA,Shape,0.40424980,-0.23180676,-12.77031681,-0.44597600,0.86085924,3.45079398,-0.09937862,2.94341144,0.17891497,35.97433492,-0.08955065,-1.91115839,-0.29070607,-0.10959690,-6.50333330,-0.22710538,1.28869078,3.43846806
TCGC,Shape,0.13008377,-0.39771218,-14.03587472,-0.40625079,0.65882831,3.42444862,-0.06420647,3.34994020,0.28455381,36.24643044,-0.03817050,-1.82188292,-0.21914332,-0.14745044,-7.48581362,-0.21795118,1.05309322,3.44503170
TCGG,Shape,-0.11530700,-0.38728690,-13.19644503,-0.39822885,0.50835324,3.44870263,0.12042357,5.74160990,0.33029119,36.11408669,-0.06553000,-2.19564540,-0.28046279,-0.13692475,-10.33076579,-0.39292168,0.87650713,3.46947240
TCGT,Shape,-0.05991946,-0.28418738,-10.70182414,-0.26526263,0.74411972,3.44092700,0.22235873,4.66909592,0.27005424,35.20548806,-0.12964777,-2.68546101,-0.29335078,-0.25914483,-10.80601988,-0.22497619,1.41474055,3.45762476
TCTA,Shape,0.14570191,-0.23174221,-11.22449549,-0.40957827,0.60494857,3.45018252,0.01099466,4.57060615,0.10797961,34.79730536,-0.15253779,-1.59947716,-0.14768831,-0.17714799,-8.19602844,-0.13886433,1.42333699,3.46968017
TCTC,Shape,-0.00999144,-0.36584284,-11.75443030,-0.62792428,0.16543123,3.44803225,0.19014820,5.34089361,0.15380093,35.25361206,-0.08218208,0.05596763,-0.07558346,-0.12756515,-9.38616712,-0.11210107,1.67852285,3.43856142
TCTG,Shape,-0.26433399,-0.27965007,-12.63021370,-0.50225531,0.37054755,3.44489808,0.26922689,5.47834625,0.19448254,34.40557571,-0.05719528,-0.44281451,-0.06835397,-0.24986897,-9.50681103,-0.19891821,1.19329162,3.43937963
TCTT,Shape,-0.11107064,-0.17486847,-10.72350801,-0.56160019,0.70541525,3.46792294,0.42402507,5.20330268,0.03574259,34.41809192,-0.12515011,-1.44940986,-0.26762661,-0.26790788,-9.42032757,-0.08855919,1.55679231,3.46290926
TGAA,Shape,0.03642441,-0.26071180,-11.71405828,-0.57469301,0.49311928,3.47404932,0.32191282,3.41111755,-0.12450724,34.14936746,-0.09372380,-0.98173243,-0.26566617,-0.24156355,-6.14198437,0.06630894,1.58614963,3.44804157
TGAC,Shape,-0.04379566,-0.33920203,-16.12852705,-0.73348750,0.57524783,3.47151263,0.32599576,3.18638851,-0.10812293,34.44497944,0.01340830,-0.04949549,-0.16911196,-0.17769796,-5.95979654,0.07672242,1.52727966,3.42316614
TGAG,Shape,-0.11543142,-0.38678224,-15.62237427,-0.64644019,0.75908495,3.47825924,0.44319302,3.95458645,-0.03627678,35.36853490,0.00956597,-0.87961971,-0.43385917,-0.22243283,-7.01152441,-0.01780397,1.32748745,3.43556549
TGAT,Shape,0.05176467,-0.26679188,-14.96070915,-0.47256428,1.20509854,3.51395946,0.35317597,2.45037756,-0.13379627,34.88723492,-0.06476361,-2.64670677,-0.45171038,-0.24905803,-5.37028242,0.05677329,1.16581258,3.42773272
TGCA,Shape,0.19717695,-0.26419567,-15.93647995,-0.47886567,1.36685295,3.50560599,0.14602539,1.65706644,-0.12427436,34.79821566,-0.09044688,-1.63863121,-0.38246259,-0.12300847,-3.24706569,0.06298210,1.35772131,3.43787573
TGCC,Shape,-0.01394678,-0.48836238,-16.81375280,-0.65347541,1.16826325,3.46355316,0.16875358,1.50524086,-0.18246802,35.27978749,-0.04171673,-1.20373310,-0.27404767,-0.02780115,-2.55104462,0.05944579,0.87967843,3.44288870
TGCG,Shape,-0.22837629,-0.56357861,-17.63275116,-0.40085329,1.20054666,3.51207567,0.18459515,3.36614399,0.13841214,35.69880793,-0.08189740,-2.49099720,-0.37759507,-0.05052585,-4.19745254,-0.06785309,0.57295879,3.44311652
TGCT,Shape,-0.29764486,-0.47915381,-14.35563542,-0.31346148,1.47937634,3.46805223,0.20934671,3.33669817,-0.03607861,35.01739792,-0.23427413,-3.16899792,-0.29083219,-0.10957148,-4.51943898,-0.09352004,0.89829237,3.41302884
TGGA,Shape,-0.23733748,-0.53662714,-13.07561506,-0.19616152,1.29473383,3.47379720,-0.01950609,2.50367313,-0.02229940,34.08702522,-0.23441759,-2.44185641,-0.11237911,0.05726841,-2.19613072,-0.04518935,1.13711150,3.43717806
TGGC,Shape,-0.37666037,-0.57606217,-13.75942189,-0.30914038,1.17905704,3.45737570,0.04578209,2.50233786,0.03262788,34.48179544,-0.12125354,-1.39312996,0.05431413,0.11722543,-3.85785840,-0.14301320,0.84996009,3.41142599
TGGG,Shape,-0.65699708,-0.63847358,-14.74459221,-0.24594059,1.17359814,3.46891895,0.19491197,4.05203729,0.09941644,34.33515519,-0.19178096,-1.63423372,0.09969279,0.07192245,-6.95942628,-0.30459307,0.73667038,3.42220644
TGGT,Shape,-0.65829769,-0.47662936,-10.57776565,-0.08326588,1.49503241,3.48158674,0.16603237,4.53993012,-0.09489141,33.77799520,-0.26196340,-1.86973914,0.00099285,-0.02768946,-6.63565856,-0.27729176,1.08702132,3.43963734
TGTA,Shape,-0.41401384,-0.39368353,-8.71436062,-0.17588670,1.34480526,3.45112855,0.09878883,3.27735550,-0.13246219,32.95582089,-0.23526749,-0.35075297,0.20178227,0.06519774,-5.17987360,-0.13493091,1.26220080,3.42923121
TGTC,Shape,-0.69752026,-0.49064677,-11.22669687,-0.27144923,1.08150202,3.46194252,0.20525951,3.39552371,-0.15114370,33.20648577,-0.16272991,0.35505505,0.29057088,0.03376367,-5.85137293,-0.15725993,1.15179459,3.43875638
TGTG,Shape,-0.78772874,-0.47250320,-12.57067858,-0.21114622,1.00503607,3.50235067,0.32500203,3.07689738,-0.11026720,33.24796070,-0.12945432,0.76694599,0.20687779,-0.06864626,-7.74643727,-0.23902759,1.00746411,3.41293050
TGTT,Shape,-0.65733357,-0.27694167,-8.06579682,-0.12568445,1.25537365,3.49683002,0.35821212,2.76300017,-0.31607285,32.54103026,-0.14811674,0.00852070,-0.00564378,-0.10667420,-7.27414485,-0.12845397,1.15398644,3.39760308
TTAA,Shape,-0.23306991,-0.19574093,-8.36145322,-0.23718461,1.10409854,3.50162255,0.16654437,2.06518195,-0.40499291,32.83598036,-0.13753859,0.18001501,0.11909864,0.01843269,-4.81943396,-0.04578170,1.25686901,3.41709633
TTAC,Shape,-0.35509775,-0.30166620,-10.79153116,-0.33272341,0.94494982,3.49312011,0.17672429,1.23439693,-0.37523868,33.88849911,0.02917595,1.62461346,0.20408470,0.01235101,-4.56160918,-0.06524293,0.96021276,3.38227182
TTAG,Shape,-0.36156332,-0.29366545,-11.67977967,-0.29549735,1.52317993,3.47798416,0.18165248,1.28468602,-0.26944184,34.51997164,0.04604097,0.99470515,-0.00512792,-0.04686359,-5.91055792,-0.20277655,0.59134805,3.38448507
TTAT,Shape,-0.16287756,-0.25621393,-10.28035634,-0.07910216,1.57406891,3.52710142,0.14405468,0.42710417,-0.33170256,33.59729391,-0.03052527,0.20257328,-0.11986323,-0.07830331,-5.95986285,-0.17943510,0.63674339,3.38872291
TTCA,Shape,-0.01054035,-0.27148958,-10.13281946,-0.15359123,1.43732921,3.49999977,0.03507182,-0.15473324,-0.41680405,33.67582459,-0.01964280,0.54419416,0.06920495,0.06149762,-2.53004165,-0.01699818,0.61922149,3.40122559
TTCC,Shape,-0.16810638,-0.37514417,-12.53541573,-0.26294960,1.48974550,3.48821025,-0.07137383,-0.29937297,-0.26546721,34.57271320,0.06785764,1.01538176,0.13360516,0.09126786,-2.33557573,-0.17162300,0.41723604,3.36811640
TTCG,Shape,-0.29308855,-0.43897376,-12.39212120,-0.12973041,1.73084613,3.48235755,-0.03520132,-0.25101636,-0.14116160,34.96231143,0.03021773,0.21316996,0.13253165,0.06031997,-5.25093282,-0.35051559,0.03734752,3.38384571
TTCT,Shape,-0.27549898,-0.34616286,-8.82877816,0.04106549,2.04378674,3.47785675,-0.09078599,-0.53630756,-0.20639359,34.17549166,-0.13860096,-0.58791209,0.05726169,0.00312731,-5.81700244,-0.39504314,0.33743173,3.40879177
TTGA,Shape,-0.17992968,-0.25355955,-7.75501625,0.05952033,1.79419682,3.44928068,-0.33312345,-0.84126116,-0.25615390,34.66893940,-0.07400277,0.07126752,0.23491202,0.11139802,-3.80157742,-0.30226808,0.51366362,3.40442928
TTGC,Shape,-0.38878702,-0.37035918,-9.74216589,-0.02184264,1.32800529,3.44779537,-0.25430997,0.50005284,-0.21281152,34.92096988,-0.04249039,0.67545248,0.33465357,0.17538426,-5.84111040,-0.34904504,0.22701853,3.38556963
TTGG,Shape,-0.54763153,-0.35768152,-7.13228714,0.08092886,1.19692131,3.45820514,-0.19571401,1.14181439,-0.01480208,34.71645149,-0.04054940,0.56534098,0.42718272,0.11847304,-8.49277594,-0.58248680,0.13410328,3.41372839
TTGT,Shape,-0.39786799,-0.21509646,-3.83732066,0.20003545,1.53750404,3.45515853,-0.15317854,1.02547830,-0.14661840,33.34965993,-0.11196628,0.73907112,0.36331986,0.05846415,-9.23079499,-0.52825730,0.56994546,3.42064187
TTTA,Shape,-0.15544653,-0.13945805,-3.02711530,0.08428507,1.20925072,3.43920099,-0.18131640,-0.58462295,-0.26444391,33.98282898,-0.08405407,1.06881892,0.44588133,0.02329773,-7.89198052,-0.39499573,0.72130897,3.41190760
TTTC,Shape,-0.39005459,-0.13347898,-7.12288544,-0.07590512,1.00137601,3.41123187,-0.20932024,0.67264282,-0.19407184,34.42787888,-0.00092059,2.63633919,0.53160553,0.02372106,-7.73288318,-0.48255231,0.75352449,3.39753860
TTTG,Shape,-0.37254532,-0.16393441,-5.09897012,-0.12867528,0.74797413,3.44179653,-0.03403906,2.04301941,-0.18153153,34.52442262,0.02905722,3.20373438,0.36268951,-0.10395357,-11.80112511,-0.59182850,0.36948017,3.40558425
TTTT,Shape,-0.21958943,0.01762796,-3.23591723,-0.06095226,0.92593500,3.44953041,-0.00011247,1.26281852,-0.29031717,34.16708905,0.03984482,2.28874527,0.16936699,-0.09676611,-13.28748874,-0.39732083,0.57343123,3.42599504
AAAA,Variance,0.01956019,0.00714746,1.82488895,0.00970060,0.09586090,0.00071576,0.02064786,1.02691128,0.00951709,0.24432094,0.00415515,0.85474400,0.01814361,0.00709011,2.25835742,0.00556648,0.03890250,0.00091438
AAAC,Variance,0.02594896,0.00618924,2.36720971,0.00810136,0.07339485,0.00073024,0.01522013,0.80753183,0.01309267,0.32743667,0.00355462,0.56132265,0.01321918,0.00486164,2.52845155,0.00935219,0.02444281,0.00122337
AAAG,Variance,0.03255873,0.00564761,1.90823089,0.01086977,0.06452664,0.00083381,0.01604366,1.26189623,0.01005585,0.42533887,0.00568393,0.69785792,0.01308104,0.00459639,2.74858007,0.00889205,0.03129675,0.00095373
AAAT,Variance,0.02528439,0.00734123,2.14275383,0.00780712,0.06126916,0.00120681,0.01526514,1.01739663,0.00830227,0.29106353,0.00453202,0.47916794,0.01074613,0.00373039,2.14010955,0.00960148,0.03440226,0.00102600
AACA,Variance,0.03718725,0.00872602,2.23317633,0.00893943,0.09613596,0.00109679,0.01386136,1.20410036,0.00973679,0.34916311,0.00377454,0.33829498,0.01504190,0.00417062,1.21604927,0.00872520,0.03436870,0.00084938
AACC,Variance,0.03460116,0.00849454,1.85448993,0.00892736,0.08850128,0.00128542,0.01471007,1.46701752,0.01037595,0.32423691,0.00339381,0.38388378,0.01223915,0.00444060,1.48935792,0.00941190,0.04346351,0.00070778
AACG,Variance,0.03676685,0.00756002,1.63773991,0.01456642,0.07938540,0.00124403,0.02271534,1.46464065,0.00862815,0.28755348,0.00260915,0.33147224,0.01186661,0.00319047,1.73317556,0.00838198,0.03801097,0.00051805
AACT,Variance,0.02408803,0.00811158,1.31111003,0.01333796,0.06891511,0.00131710,0.02210315,1.24191132,0.00989002,0.23501611,0.00321690,0.54517775,0.01875396,0.00376574,2.16083050,0.00710298,0.05605355,0.00089992
AAGA,Variance,0.02190265,0.00661612,1.99481616,0.01363610,0.09378281,0.00126033,0.01856692,1.21400149,0.01194555,0.26768125,0.00272614,0.47887179,0.01629221,0.00545333,1.73546891,0.00808435,0.04746787,0.00072242
AAGC,Variance,0.02922445,0.00449012,2.05023101,0.01184574,0.06622460,0.00089013,0.02056908,1.06329014,0.01337151,0.33670070,0.00292518,0.50926929,0.01052589,0.00418484,2.14929289,0.00996236,0.03768550,0.00078102
AAGG,Variance,0.02636541,0.00500925,1.81826483,0.01228958,0.04868391,0.00103330,0.02242062,0.85299986,0.01114678,0.31005569,0.00325053,0.52748251,0.01158728,0.00241780,1.66859467,0.01217452,0.03173828,0.00083200
AAGT,Variance,0.02721227,0.00683969,2.30364621,0.01169331,0.05937756,0.00104750,0.01699181,0.84095781,0.00908526,0.40691551,0.00395377,0.56675558,0.01440645,0.00266472,1.59593623,0.01148140,0.03836345,0.00074494
AATA,Variance,0.02308834,0.00695559,2.47502344,0.01218933,0.06471436,0.00126978,0.01409440,0.81787952,0.01008931,0.55406323,0.00303722,0.62468429,0.01809652,0.00263633,1.15227415,0.01054198,0.04453435,0.00092764
AATC,Variance,0.02755062,0.00833216,2.02617433,0.00803233,0.05851961,0.00164827,0.01410557,0.95817005,0.01043143,0.43888746,0.00261541,0.42520796,0.01899989,0.00252976,1.17646334,0.01222227,0.05048129,0.00059121
AATG,Variance,0.01805413,0.00824640,1.76349973,0.00968885,0.05621677,0.00128954,0.01521269,1.04042179,0.00874103,0.36108930,0.00263575,0.62140983,0.01785170,0.00246503,1.53887780,0.01117259,0.05475017,0.00088155
AATT,Variance,0.01344839,0.00900657,1.77771702,0.01227845,0.05648167,0.00194487,0.01922088,0.83154240,0.00865964,0.29484415,0.00269441,0.65984989,0.01954829,0.00241243,1.43726403,0.00972771,0.05908640,0.00101762
ACAA,Variance,0.01912959,0.00980532,2.36011266,0.00966155,0.04670697,0.00125534,0.01461842,0.50121646,0.01175046,0.40788178,0.00215340,0.61285089,0.01847650,0.00360985,1.12482015,0.00738997,0.05418876,0.00118378
ACAC,Variance,0.02081880,0.00624364,3.35944052,0.01031181,0.03989564,0.00077943,0.01106182,0.61873165,0.01070954,0.49248674,0.00282149,0.76577541,0.01710653,0.00320075,1.60403507,0.00965237,0.05957835,0.00112974
ACAG,Variance,0.02340871,0.01022720,3.16072045,0.00741629,0.03737914,0.00097236,0.01506493,0.67326917,0.00857147,0.66331885,0.00430518,0.54362809,0.01426379,0.00254094,1.59081702,0.01134417,0.05760212,0.00099276
ACAT,Variance,0.02435406,0.00925195,3.85884914,0.00760981,0.05543394,0.00118450,0.01470947,0.76787711,0.00625826,0.45517021,0.00294924,0.86174847,0.02250788,0.00324748,1.09213857,0.01583169,0.04941257,0.00126421
ACCA,Variance,0.01637952,0.01021785,4.02936064,0.00718429,0.04796271,0.00088913,0.01191276,0.51403840,0.00806357,0.44458074,0.00440558,0.69373703,0.02298708,0.00294424,0.95993724,0.00988416,0.05385370,0.00108871
ACCC,Variance,0.01875391,0.01016300,3.25553802,0.00519273,0.06284432,0.00092756,0.01207533,0.65276732,0.00735820,0.70074088,0.00416995,0.74894376,0.02361817,0.00256250,1.09706799,0.01087488,0.05779843,0.00083481
ACCG,Variance,0.01909115,0.01185110,3.16979123,0.00758397,0.04862993,0.00078612,0.01225227,0.84960359,0.00583961,0.62471666,0.00336496,0.61002559,0.02094825,0.00354682,1.04069544,0.00797249,0.06084243,0.00105219
ACCT,Variance,0.01429228,0.01242355,2.59222666,0.01037235,0.04687254,0.00106794,0.01887586,0.60957929,0.00884373,0.45808732,0.00413760,0.89198441,0.02760481,0.00420868,1.28835044,0.00579900,0.05994051,0.00130133
ACGA,Variance,0.01666848,0.01372417,3.04616505,0.00676534,0.06313884,0.00091729,0.01386962,0.60024905,0.00775517,0.35516073,0.00480147,1.06327623,0.01943551,0.00546002,1.22606961,0.00634499,0.05853107,0.00152891
ACGC,Variance,0.01739479,0.00722414,2.60612315,0.00667380,0.05150371,0.00051834,0.01008223,0.51234402,0.00748476,0.38521670,0.00371560,0.74994835,0.01928583,0.00449632,1.39233425,0.00812853,0.05226665,0.00157850
ACGG,Variance,0.02518751,0.00693348,3.32855398,0.00825471,0.05036839,0.00066384,0.01261942,0.90371575,0.00599223,0.52927471,0.00523450,0.71089705,0.01222621,0.00355741,1.65979174,0.00962446,0.04745657,0.00107411
ACGT,Variance,0.02083846,0.01293824,2.63353347,0.00766152,0.05894879,0.00082819,0.01112652,0.95531056,0.00648299,0.30905569,0.00602155,0.69431545,0.01529240,0.00396016,1.42516795,0.00719666,0.04311110,0.00116777
ACTA,Variance,0.02570229,0.01504076,2.94165886,0.00563819,0.07457219,0.00080017,0.01025574,0.86465086,0.00571558,0.31431973,0.00544449,0.75942304,0.01604414,0.00436551,1.20892778,0.00757272,0.04767092,0.00124699
ACTC,Variance,0.03497335,0.01147833,2.10258718,0.00613890,0.06133216,0.00084987,0.01441112,1.21837932,0.00711223,0.53423019,0.00411392,0.60300291,0.01327407,0.00427932,1.08159505,0.00659963,0.03218656,0.00086954
ACTG,Variance,0.02360499,0.01078533,1.38405918,0.00710652,0.06982779,0.00064602,0.02238183,1.26702287,0.00592109,0.44304150,0.00551942,0.37209381,0.01379909,0.00412064,1.65596283,0.00538065,0.03994808,0.00085854
ACTT,Variance,0.01540226,0.01075287,2.17053377,0.01024919,0.09168946,0.00125653,0.02117598,1.09793681,0.00831821,0.24922766,0.00604898,0.66212195,0.01690614,0.00629969,2.15698509,0.00434456,0.03983931,0.00104522
AGAA,Variance,0.02556107,0.00714649,1.80853518,0.01176849,0.08644654,0.00085934,0.01734502,0.78584984,0.00846830,0.23765565,0.00396291,0.69914963,0.01525944,0.00517558,1.41682939,0.00636939,0.03826890,0.00110411
AGAC,Variance,0.03034718,0.00541485,1.84288237,0.01000069,0.04437985,0.00079844,0.01285066,0.99308434,0.01017385,0.32625332,0.00426206,0.64606906,0.00834107,0.00584130,2.15352679,0.00807747,0.03284799,0.00096550
AGAG,Variance,0.03767564,0.00740670,2.10350409,0.00840807,0.05320079,0.00067576,0.02054238,1.12213440,0.00816430,0.32026320,0.00443379,0.59644939,0.00840515,0.00368662,2.72310780,0.00892312,0.02864287,0.00070775
AGAT,Variance,0.02691335,0.00863750,2.10858882,0.01290202,0.07031645,0.00095752,0.01556232,1.36910390,0.00624686,0.33987343,0.00641562,0.45220793,0.00936431,0.00352449,1.71547402,0.00806380,0.03238337,0.00072179
AGCA,Variance,0.03231110,0.00960160,1.99086862,0.00884010,0.11906715,0.00093063,0.01520775,1.33340170,0.00903815,0.25437095,0.00361743,0.35716944,0.01117988,0.00439805,1.30855813,0.00984561,0.04509657,0.00086065
AGCC,Variance,0.03159999,0.00725660,1.93390361,0.00978787,0.10333853,0.00079754,0.01591972,1.05466061,0.00895795,0.35969760,0.00466674,0.40194197,0.01373651,0.00394129,1.62470699,0.01079777,0.03250069,0.00070937
AGCG,Variance,0.03937967,0.01230536,1.37897930,0.00901038,0.06608494,0.00119398,0.02262915,1.34754883,0.01098532,0.28376825,0.00347596,0.30322171,0.01242425,0.00365725,1.31718257,0.00770041,0.04518781,0.00062745
AGCT,Variance,0.02389549,0.00788042,1.34293291,0.01308805,0.07367647,0.00145136,0.02464208,1.12072006,0.00918280,0.24267788,0.00399113,0.53573716,0.01531341,0.00390125,2.09309143,0.00677418,0.03674513,0.00072497
AGGA,Variance,0.02970863,0.00515515,2.08226793,0.01155079,0.07311770,0.00116983,0.01784153,0.58712888,0.01318513,0.26606408,0.00265194,0.48701420,0.01322275,0.00634787,1.48103843,0.00756903,0.04025091,0.00088521
AGGC,Variance,0.02890613,0.00626604,2.39129162,0.01108607,0.06055280,0.00107660,0.01726327,0.81930546,0.01535466,0.30457158,0.00278123,0.46832218,0.01091208,0.00466412,1.74073631,0.01135544,0.05308842,0.00090716
AGGG,Variance,0.02811127,0.00508244,1.55086866,0.00935817,0.04435116,0.00115678,0.01901093,0.75098054,0.01107935,0.33783801,0.00452921,0.58250933,0.01306228,0.00276486,2.62735147,0.01305043,0.04229179,0.00081335
AGGT,Variance,0.02520188,0.00798314,2.06884016,0.01178517,0.06069982,0.00094784,0.01738401,0.87717425,0.00888500,0.37151335,0.00421436,0.41928743,0.01270174,0.00314171,1.71405013,0.00852917,0.04349553,0.00061468
AGTA,Variance,0.02851179,0.00802155,2.70361981,0.00700988,0.06066589,0.00137307,0.01133283,0.89298247,0.00965181,0.42800332,0.00277387,0.53971819,0.01732185,0.00331359,1.76676772,0.01079583,0.05175639,0.00067839
AGTC,Variance,0.03303791,0.00732391,2.58256467,0.00638706,0.06046232,0.00128104,0.01521261,0.88375517,0.01115491,0.47517528,0.00319737,0.43397670,0.01854403,0.00261865,1.44098990,0.01171583,0.05395777,0.00065931
AGTG,Variance,0.02456821,0.00895611,1.95733159,0.01026731,0.05059706,0.00149144,0.02162515,0.76305955,0.01044275,0.44506417,0.00296404,0.47326145,0.01637004,0.00297921,1.35991747,0.00820927,0.05544535,0.00061733
AGTT,Variance,0.01663850,0.00848655,2.25543368,0.00834327,0.05202885,0.00128985,0.01750166,0.91287097,0.01367969,0.27959350,0.00323715,0.56214434,0.02166611,0.00320154,1.25763185,0.00852471,0.07559734,0.00115291
ATAA,Variance,0.01739649,0.00848956,3.19317082,0.01023502,0.06755450,0.00097525,0.01203023,0.57535529,0.01221154,0.36848702,0.00276904,0.51921301,0.01835249,0.00345565,1.01473223,0.00877126,0.06525655,0.00126043
ATAC,Variance,0.01736165,0.00561072,3.47627305,0.01041219,0.04191639,0.00084122,0.01060891,0.59617427,0.01287159,0.36180269,0.00340388,0.55070228,0.01977531,0.00364356,1.30776586,0.01237930,0.06773034,0.00098878
ATAG,Variance,0.02448714,0.00852613,3.13337370,0.00927254,0.02982648,0.00078917,0.01031316,0.65131482,0.00841384,0.41376017,0.00413632,0.69114715,0.01463649,0.00267053,1.74055664,0.01272059,0.05919435,0.00091079
ATAT,Variance,0.01639410,0.01184491,2.64509249,0.00869310,0.04509116,0.00098304,0.01092093,0.76036119,0.00825412,0.59560799,0.00484795,0.58107430,0.02138995,0.00283483,1.51721632,0.00870656,0.05709851,0.00104567
ATCA,Variance,0.02021113,0.01242239,3.77118974,0.00750577,0.05886493,0.00096166,0.01056946,0.56232748,0.00833747,0.48885782,0.00373475,0.75809504,0.01816589,0.00295034,0.71232888,0.00915424,0.05248598,0.00103242
ATCC,Variance,0.02312633,0.01053110,2.89172950,0.00548784,0.06196050,0.00097191,0.01137035,0.73818680,0.00783245,0.55028049,0.00358340,0.65803879,0.01787726,0.00272258,0.85625495,0.00966938,0.06119257,0.00109464
ATCG,Variance,0.01685003,0.01250532,2.43281688,0.00596765,0.07286752,0.00082759,0.01237400,0.87728633,0.00802563,0.45482706,0.00480179,0.54266845,0.01962580,0.00329106,1.15418452,0.00836455,0.05911412,0.00098846
ATCT,Variance,0.01370402,0.01403052,2.56316810,0.00832838,0.06598253,0.00105382,0.01589827,0.91032110,0.00692517,0.31000096,0.00385458,0.67144678,0.02204083,0.00422309,1.25338378,0.00708171,0.07268447,0.00138183
ATGA,Variance,0.01741709,0.01064570,2.96911941,0.00805583,0.05434305,0.00070328,0.01249749,0.67499931,0.00875941,0.34957878,0.00402805,1.04157421,0.01668184,0.00645330,1.50512089,0.00710905,0.07293260,0.00160621
ATGC,Variance,0.02394610,0.00792985,3.13935811,0.00696781,0.04724855,0.00059270,0.00971628,0.56085126,0.00857709,0.43760136,0.00540617,1.06026574,0.01389973,0.00474794,1.21653300,0.00963546,0.05436495,0.00126526
ATGG,Variance,0.02223348,0.00857615,3.24017729,0.00827186,0.04031059,0.00059927,0.01356818,0.79773505,0.00609029,0.49650696,0.00503597,0.62545652,0.01427945,0.00428860,2.13871387,0.00844309,0.03473786,0.00121330
ATGT,Variance,0.02418769,0.01113560,2.77103575,0.00890781,0.06098904,0.00088337,0.01164798,0.72538153,0.00664204,0.36342595,0.00537732,0.64056857,0.01156287,0.00430632,1.99827286,0.00824571,0.04644251,0.00112534
ATTA,Variance,0.02347780,0.01201719,2.37941654,0.00545479,0.06632137,0.00088866,0.01249985,0.83258881,0.00563282,0.38147217,0.00546962,0.69448205,0.01340927,0.00521464,1.21239930,0.00596440,0.04367778,0.00127013
ATTC,Variance,0.03200207,0.01163511,2.05358939,0.00657306,0.07599824,0.00074598,0.01144467,1.21574118,0.00673902,0.39955682,0.00499112,0.80346120,0.01124698,0.00455545,1.75248408,0.00930419,0.03690664,0.00084627
ATTG,Variance,0.01976536,0.01050168,1.44195069,0.00659139,0.08660050,0.00075275,0.01400841,1.18368008,0.00675148,0.35165757,0.00535305,0.47897677,0.01417899,0.00491904,1.56661254,0.00744437,0.04756706,0.00086100
ATTT,Variance,0.02146894,0.01074279,1.88599212,0.00782721,0.06641675,0.00091510,0.01828391,0.96016187,0.00727968,0.26780513,0.00422674,0.65118680,0.01629246,0.00546309,1.65460329,0.00473032,0.05065895,0.00095747
CAAA,Variance,0.02428817,0.00932658,2.22856838,0.00846260,0.06979743,0.00114884,0.01431900,0.99928214,0.00847605,0.26727191,0.00439257,0.61665389,0.01499652,0.00454182,1.72636107,0.00530618,0.04524547,0.00125650
CAAC,Variance,0.03477756,0.00737987,2.12073990,0.00838169,0.06739249,0.00066960,0.01217582,0.65033400,0.00902205,0.29246842,0.00393300,0.63577136,0.00794975,0.00528769,1.76832119,0.00782681,0.03251499,0.00120524
CAAG,Variance,0.03395257,0.00589183,1.91934292,0.00974379,0.06377268,0.00084060,0.01525985,0.88983007,0.00872382,0.31952467,0.00553725,0.55557278,0.01192659,0.00442506,2.01004623,0.00755103,0.03046179,0.00071617
CAAT,Variance,0.03141937,0.00821814,2.27304203,0.01153517,0.05996912,0.00110897,0.01540621,1.07718454,0.00692789,0.34681874,0.00498792,0.52402713,0.01192438,0.00395263,1.89106724,0.00916236,0.03499681,0.00089645
CACA,Variance,0.02622666,0.00588050,2.54182574,0.01013801,0.07073684,0.00109769,0.01616979,0.93811090,0.00836693,0.41717626,0.00365690,0.51406630,0.01083919,0.00338398,2.24467200,0.00858811,0.03502005,0.00072324
CACC,Variance,0.03330071,0.00619203,1.87121423,0.00917304,0.08043566,0.00105468,0.01454799,1.26227073,0.00710006,0.33880543,0.00403937,0.38563969,0.01708450,0.00329830,1.55387588,0.00829390,0.04225984,0.00074582
CACG,Variance,0.02968447,0.00612855,1.76574123,0.01103226,0.08645796,0.00100815,0.02374089,1.29442889,0.01049158,0.36740278,0.00292227,0.37097358,0.01347595,0.00331860,1.94158176,0.00797354,0.03492899,0.00054487
CACT,Variance,0.02359680,0.00613136,1.62896666,0.01433685,0.08786662,0.00124659,0.03043283,1.42896085,0.00940845,0.30370371,0.00367290,0.52379973,0.01420514,0.00491169,1.56770240,0.00680025,0.05249110,0.00082705
CAGA,Variance,0.02267677,0.00690203,2.04401581,0.01343767,0.06738395,0.00107439,0.01898118,0.72599939,0.01596325,0.37701364,0.00299813,0.66928099,0.01274891,0.00463476,1.52210807,0.00876158,0.04951162,0.00081414
CAGC,Variance,0.03411328,0.00534144,2.60703183,0.01265063,0.07040594,0.00119339,0.01768048,0.80800642,0.01202044,0.29662562,0.00356875,0.49861669,0.01418076,0.00339189,1.75509521,0.01199303,0.03851283,0.00075609
CAGG,Variance,0.03529505,0.00477159,1.98252092,0.01159730,0.06094028,0.00100040,0.01530007,1.19173933,0.01005313,0.33653575,0.00351410,0.54436588,0.00812418,0.00251117,2.21210322,0.01215390,0.03552387,0.00072481
CAGT,Variance,0.02760791,0.00803723,2.11185183,0.00974757,0.06386171,0.00111902,0.01337468,0.84368366,0.00794924,0.39854124,0.00414603,0.44457514,0.01427748,0.00292354,1.93847635,0.01226209,0.04392222,0.00081327
CATA,Variance,0.03075703,0.00839705,2.70999950,0.00760204,0.07000207,0.00130050,0.01409447,0.73521755,0.00797660,0.45989230,0.00342990,0.51239906,0.01481848,0.00281027,1.25350200,0.01242795,0.05262854,0.00071793
CATC,Variance,0.02453307,0.00669907,2.96881500,0.00692095,0.07655785,0.00123755,0.01828126,0.81108740,0.01097981,0.42163913,0.00249124,0.41297481,0.01442364,0.00251370,1.17346988,0.01459851,0.05089268,0.00058947
CATG,Variance,0.02321011,0.01052115,1.45589720,0.00909288,0.04708344,0.00102371,0.01909933,1.17854416,0.01174276,0.41595597,0.00276448,0.46462924,0.02119076,0.00315698,1.59546237,0.01083683,0.06258392,0.00076710
CATT,Variance,0.01517163,0.01039092,2.75114687,0.01149896,0.04336311,0.00171066,0.01651874,1.07521811,0.01367304,0.38780095,0.00375887,0.53671777,0.02245187,0.00311144,1.37232823,0.00885167,0.07052824,0.00099461
CCAA,Variance,0.02039683,0.00855131,2.81529715,0.00990422,0.05624193,0.00118805,0.01282749,0.56233822,0.01128657,0.33728090,0.00217753,0.68650996,0.01444873,0.00364899,1.03296729,0.00915064,0.06630738,0.00154286
CCAC,Variance,0.02581703,0.00956032,3.35846184,0.00754871,0.04639639,0.00072818,0.01213880,0.52826567,0.01038345,0.52941480,0.00258687,0.75273855,0.01662948,0.00337032,1.46384646,0.01134789,0.05347621,0.00109584
CCAG,Variance,0.01695767,0.00959474,3.43823375,0.00830414,0.03424444,0.00063465,0.01258669,0.58043431,0.00990936,0.64962230,0.00370851,0.79364103,0.01746062,0.00267125,1.21705630,0.01321098,0.05325577,0.00119114
CCAT,Variance,0.01823009,0.01017011,3.22915005,0.00744998,0.04203690,0.00104498,0.01248685,0.63212005,0.00735262,0.58024977,0.00479097,0.73405491,0.02097386,0.00254823,1.40035446,0.00989723,0.05567785,0.00132084
CCCA,Variance,0.01928863,0.01297187,3.71394501,0.00748048,0.04572019,0.00053554,0.00901365,0.87747481,0.00758322,0.53588209,0.00408284,0.77064290,0.01979979,0.00435112,1.03637470,0.00881194,0.05248561,0.00112933
CCCC,Variance,0.02187923,0.01244225,3.41141559,0.00632140,0.04796834,0.00090358,0.01001005,0.79446991,0.00613164,0.69391017,0.00449220,0.67130575,0.01709019,0.00369349,1.06961649,0.00852881,0.06563988,0.00114130
CCCG,Variance,0.02022582,0.00967247,2.68330880,0.00726830,0.04807944,0.00106411,0.01491757,0.98422774,0.00517886,0.46075333,0.00427557,0.51001688,0.02101691,0.00424476,0.97004214,0.01000163,0.06732115,0.00089759
CCCT,Variance,0.01398665,0.01158101,2.63433106,0.00583278,0.06080723,0.00079199,0.01443575,0.69823181,0.00800362,0.32887274,0.00365896,0.91174940,0.02789518,0.00424246,1.18106922,0.00690911,0.06600249,0.00127688
CCGA,Variance,0.01459082,0.00803305,3.19844119,0.00782990,0.06409407,0.00092355,0.01612423,0.56243906,0.00938542,0.32278496,0.00395223,1.00250518,0.01704083,0.00498064,1.75560381,0.00631040,0.07058573,0.00143904
CCGC,Variance,0.02422930,0.00611957,2.72686323,0.00675567,0.05830876,0.00060130,0.00984954,0.59512938,0.00875818,0.36416882,0.00425981,0.84215796,0.01322036,0.00476805,1.36585966,0.00928770,0.05013434,0.00173337
CCGG,Variance,0.02530260,0.00899968,2.49153624,0.00660107,0.03783352,0.00074729,0.00910852,0.80930717,0.00665139,0.50061524,0.00527102,1.01171001,0.01244000,0.00309879,1.62341501,0.00783126,0.04555649,0.00117708
CCGT,Variance,0.02124185,0.00959223,2.70277998,0.00692442,0.05697200,0.00083785,0.01045353,0.74620478,0.00601434,0.34435753,0.00675319,0.88914226,0.01491060,0.00452433,1.53357188,0.00770270,0.04345711,0.00117877
CCTA,Variance,0.03166914,0.01062026,3.16170373,0.00635544,0.09306705,0.00094493,0.01265410,0.72241981,0.00582764,0.30385411,0.00591360,0.66260783,0.01347859,0.00452462,1.08976875,0.00694034,0.04649379,0.00126578
CCTC,Variance,0.03983461,0.00929448,2.61447098,0.00575409,0.06538485,0.00081747,0.01333314,0.84787604,0.00667915,0.56865711,0.00413353,0.52563857,0.01651863,0.00464272,1.27084899,0.00797048,0.04027264,0.00083551
CCTG,Variance,0.02803306,0.00958280,2.02651735,0.00971563,0.06764712,0.00082762,0.01654470,1.20733478,0.00604768,0.35380436,0.00522237,0.46168389,0.01518345,0.00538903,1.89210206,0.00554734,0.05047931,0.00076254
CCTT,Variance,0.02561285,0.00870973,1.98977924,0.00989482,0.07641563,0.00097669,0.01817582,1.12909092,0.00819152,0.30135596,0.00400640,0.69967177,0.01826118,0.00495792,2.11743892,0.00658254,0.03965739,0.00091739
CGAA,Variance,0.03388935,0.00903259,2.19030215,0.00949686,0.08739428,0.00085883,0.01947654,0.90269305,0.01088225,0.30091382,0.00381542,0.78319270,0.01484101,0.00615518,1.66697381,0.00626272,0.05550254,0.00115400
CGAC,Variance,0.02909406,0.00691028,2.20014524,0.01001440,0.06628033,0.00069697,0.01775068,0.81183339,0.00904393,0.25749755,0.00366150,0.66734254,0.01209157,0.00803057,2.12081089,0.00725318,0.04441318,0.00083514
CGAG,Variance,0.03795957,0.00686781,2.57666354,0.00979727,0.06277372,0.00062313,0.01628312,1.04466336,0.00750496,0.29651880,0.00565755,0.43408883,0.00768463,0.00335777,2.16164941,0.00706100,0.02717788,0.00074982
CGAT,Variance,0.03976393,0.00680839,1.91101039,0.01107475,0.10060236,0.00092694,0.01613408,1.22094055,0.00732001,0.24718732,0.00407245,0.47672242,0.00930311,0.00461499,2.17984750,0.00950832,0.03335761,0.00077256
CGCA,Variance,0.03648266,0.00841484,1.80231300,0.01166255,0.09250058,0.00116922,0.01497422,1.24169847,0.01215492,0.32328787,0.00356162,0.49842395,0.01248286,0.00460733,1.33097143,0.00916329,0.03941395,0.00074167
CGCC,Variance,0.02972796,0.00745863,2.08024655,0.00915499,0.09235096,0.00108973,0.01833348,1.03202847,0.01152122,0.40288116,0.00327349,0.41101273,0.01003368,0.00345452,1.73041568,0.00769479,0.03260869,0.00061801
CGCG,Variance,0.03196424,0.00658366,1.57709363,0.01110022,0.08577738,0.00135830,0.02286366,1.29446420,0.01071370,0.26187815,0.00393641,0.32161838,0.01321791,0.00386393,1.43827058,0.00813270,0.04640001,0.00053646
CGCT,Variance,0.02258976,0.00880363,1.76454235,0.01494229,0.06451514,0.00139709,0.02881372,0.90586436,0.00934792,0.24130972,0.00308558,0.38706628,0.01382964,0.00424668,1.85071707,0.00872209,0.05379652,0.00080325
CGGA,Variance,0.02355590,0.00729469,2.98582760,0.01241874,0.06637045,0.00106648,0.02049584,0.73062127,0.01063706,0.24145606,0.00246096,0.65275832,0.01811397,0.00443546,1.65391948,0.00931590,0.04897331,0.00088487
CGGC,Variance,0.03192384,0.00475068,2.58879169,0.01505561,0.04826831,0.00108039,0.01716293,0.99966665,0.01506847,0.30602716,0.00280566,0.48167170,0.01373002,0.00340543,1.92124047,0.01209448,0.03742967,0.00073338
CGGG,Variance,0.02475028,0.00496165,2.17558314,0.01031133,0.05392803,0.00100759,0.02042873,1.00948380,0.01245706,0.34551429,0.00301989,0.57336486,0.01273327,0.00223390,1.91770218,0.01237605,0.04278525,0.00104722
CGGT,Variance,0.03074828,0.00747588,2.20127474,0.00945553,0.05425951,0.00103450,0.01623726,1.02311311,0.01009569,0.33084962,0.00416958,0.57648609,0.01461666,0.00276348,1.68694564,0.01169191,0.03306612,0.00069900
CGTA,Variance,0.02178186,0.00779934,2.71811096,0.00814093,0.07873658,0.00126175,0.01449900,0.85216887,0.00863488,0.53652939,0.00325774,0.40384012,0.01805106,0.00336847,1.06659262,0.01146451,0.06440623,0.00086224
CGTC,Variance,0.02671885,0.00788290,2.50223915,0.00667095,0.06019193,0.00124599,0.01443696,1.11632430,0.00782485,0.62582277,0.00261730,0.41484576,0.01695716,0.00325732,1.17993234,0.01420012,0.06330114,0.00073115
CGTG,Variance,0.02119374,0.00872517,2.12681737,0.00719734,0.06931723,0.00134104,0.01856545,0.91382868,0.00869561,0.51880408,0.00229932,0.47920339,0.01805149,0.00228850,1.48662359,0.00923678,0.06400886,0.00071263
CGTT,Variance,0.01260958,0.00965804,1.92823117,0.01001758,0.05446918,0.00146661,0.01845918,0.75637934,0.00937020,0.28718586,0.00219020,0.60441708,0.01924974,0.00314232,1.41008705,0.00971510,0.07587195,0.00099338
CTAA,Variance,0.01764919,0.00895776,3.06982565,0.00828941,0.05468385,0.00126539,0.01455879,0.60979583,0.00847846,0.33383928,0.00372442,0.65535313,0.02227430,0.00452378,1.41483190,0.00992595,0.06806581,0.00102370
CTAC,Variance,0.02525795,0.00728361,3.91331673,0.00659950,0.03229217,0.00064757,0.01381564,0.56716850,0.01016877,0.50066328,0.00304817,0.74767841,0.01490006,0.00288746,1.40835436,0.01379606,0.05050451,0.00117546
CTAG,Variance,0.02006636,0.00845777,2.69867967,0.00989565,0.04791820,0.00082207,0.01207633,0.52738347,0.00892409,0.53311772,0.00413503,0.54172903,0.01767402,0.00349897,1.31130976,0.01195311,0.05643449,0.00117024
CTAT,Variance,0.02173343,0.01548350,3.91107354,0.00766182,0.03152082,0.00088840,0.00968135,0.56257901,0.00825653,0.44086913,0.00448652,0.85105267,0.01715407,0.00262341,1.08856661,0.01012440,0.04350630,0.00114982
CTCA,Variance,0.01854954,0.01174620,3.67087017,0.00612221,0.05625981,0.00084687,0.01085661,0.74478071,0.00764995,0.66076698,0.00414269,0.71512036,0.02144851,0.00255783,0.94445640,0.00790019,0.06379175,0.00128853
CTCC,Variance,0.01824202,0.01002835,2.75226834,0.00640616,0.05745434,0.00101157,0.01187289,0.84765953,0.00543204,0.43838032,0.00443623,0.87729789,0.01642756,0.00276332,1.20687507,0.01357489,0.05183000,0.00093108
CTCG,Variance,0.02169037,0.01291160,2.57308317,0.00720276,0.04469556,0.00081663,0.01720279,0.69187737,0.00733039,0.44717759,0.00482044,0.61407822,0.02010892,0.00393646,1.19156282,0.00827395,0.04320262,0.00109334
CTCT,Variance,0.01527644,0.01508144,2.39989587,0.00687225,0.06726656,0.00098054,0.01482797,0.62228298,0.00891437,0.43519629,0.00363301,0.87944394,0.02455770,0.00516629,1.27216748,0.00921249,0.05108255,0.00105062
CTGA,Variance,0.01887868,0.01265847,3.40217122,0.01138162,0.06021655,0.00066282,0.01681128,0.64104376,0.00852091,0.43873994,0.00438039,0.93925398,0.02236267,0.00568081,1.31357404,0.00740542,0.04892265,0.00141765
CTGC,Variance,0.02027671,0.00864600,4.19911159,0.00732574,0.04603259,0.00053260,0.01129956,0.57207837,0.00705580,0.46138812,0.00344755,0.79970886,0.01628583,0.00466545,1.36163731,0.00811447,0.04223108,0.00164866
CTGG,Variance,0.02869776,0.01138954,2.73455837,0.00694112,0.05021369,0.00052613,0.01142100,0.86781390,0.00571708,0.40389038,0.00593128,0.71720567,0.01183084,0.00387835,1.38839758,0.00950366,0.03895350,0.00123618
CTGT,Variance,0.02466347,0.01189923,2.15989865,0.00739589,0.07004662,0.00065842,0.01108342,0.73249590,0.00470106,0.59032543,0.00583545,0.79493512,0.01238021,0.00352708,1.35144883,0.00594765,0.03715827,0.00132093
CTTA,Variance,0.02311161,0.01235154,3.50739732,0.00688016,0.08521840,0.00090929,0.01082589,0.79817122,0.00505020,0.40364109,0.00615687,0.73087937,0.01458167,0.00424223,1.18875261,0.00705303,0.06318358,0.00134464
CTTC,Variance,0.03116863,0.01027156,2.14779014,0.00740312,0.07265930,0.00076359,0.01333669,1.30288518,0.00714849,0.56690318,0.00431040,0.54567508,0.01226279,0.00472507,1.23594429,0.00713934,0.05375808,0.00103245
CTTG,Variance,0.02621612,0.01077124,1.18433295,0.00582119,0.08156645,0.00078668,0.01629353,1.36220143,0.00561374,0.35600330,0.00449913,0.55091708,0.01466355,0.00588725,1.87716107,0.00788751,0.03897810,0.00086733
CTTT,Variance,0.02366926,0.01385597,2.10458630,0.01024880,0.06759687,0.00104038,0.01775973,0.91845540,0.00733540,0.25254679,0.00408694,0.73907102,0.01561220,0.00484167,1.78282610,0.00426683,0.04876825,0.00112357
GAAA,Variance,0.02632742,0.00735313,2.53039881,0.01205105,0.10210243,0.00098564,0.01844324,0.84937785,0.00928709,0.24104376,0.00359329,0.84215404,0.01327730,0.00637310,1.72630613,0.00637743,0.05038656,0.00131255
GAAC,Variance,0.02678704,0.00650799,3.18228268,0.01058469,0.06709723,0.00070716,0.01396088,0.71368283,0.00960122,0.32727837,0.00364382,0.63928375,0.01117901,0.00573697,2.52888731,0.00632061,0.03525388,0.00110770
GAAG,Variance,0.03450844,0.00558850,1.67358341,0.01275723,0.05695459,0.00082276,0.01642083,0.95236748,0.00867054,0.37427174,0.00492739,0.51864737,0.01103351,0.00407097,2.36230457,0.00763987,0.02997030,0.00082871
GAAT,Variance,0.03119164,0.00733364,2.04565121,0.01222815,0.07325334,0.00085481,0.02352500,1.23300641,0.00730850,0.24395976,0.00593884,0.45779471,0.01116303,0.00278744,2.25998039,0.00876531,0.03129022,0.00077300
GACA,Variance,0.03239571,0.00640862,1.71426156,0.01045249,0.08450822,0.00102185,0.01553668,1.17902315,0.00868608,0.34845036,0.00439003,0.44375513,0.01175787,0.00437131,1.83038727,0.00824223,0.03963655,0.00066222
GACC,Variance,0.03233401,0.00749588,1.69884300,0.00834191,0.08594763,0.00130618,0.01532911,1.37562961,0.01018375,0.35715936,0.00303835,0.40336366,0.01117665,0.00427889,1.61389511,0.00850293,0.03337020,0.00074879
GACG,Variance,0.02232395,0.01026382,1.27049749,0.00924033,0.07219455,0.00101021,0.02505830,1.17712426,0.00799493,0.32739732,0.00343284,0.29122895,0.01081872,0.00355485,1.79269141,0.00791525,0.03779892,0.00070844
GACT,Variance,0.02600094,0.00811044,1.55646091,0.01477092,0.09396942,0.00145643,0.02372242,1.19610035,0.01013196,0.25181121,0.00339596,0.39842106,0.01402463,0.00328331,1.65725530,0.00709736,0.04352020,0.00080843
GAGA,Variance,0.02320060,0.00581068,2.43862287,0.01243809,0.08345260,0.00130161,0.01994065,1.05569855,0.01291298,0.24397201,0.00321349,0.59627309,0.01310390,0.00444374,1.47073214,0.00859098,0.05618092,0.00098598
GAGC,Variance,0.03099406,0.00634339,2.39681165,0.01015604,0.05319012,0.00105729,0.01812160,0.85690344,0.01126026,0.34024139,0.00344999,0.54504899,0.01397008,0.00400239,1.88791701,0.01255264,0.05025880,0.00094035
GAGG,Variance,0.03473108,0.00549679,1.96801027,0.00866281,0.05207377,0.00126319,0.01645383,0.76717274,0.01050363,0.37843988,0.00355809,0.42143148,0.01476598,0.00272413,2.00253220,0.00940269,0.03864379,0.00094420
GAGT,Variance,0.02987613,0.00604443,2.53778060,0.00899036,0.05642028,0.00111793,0.01765658,0.93213055,0.00887195,0.36427823,0.00450444,0.39866349,0.01355557,0.00371174,1.68752493,0.00954975,0.04602424,0.00088695
GATA,Variance,0.02290153,0.00765160,2.37522106,0.00976308,0.07176848,0.00114981,0.01593314,0.79889711,0.01347421,0.50908266,0.00307854,0.52614648,0.01965080,0.00323307,1.10950872,0.01056585,0.04866536,0.00076578
GATC,Variance,0.02056473,0.00849755,3.66109420,0.00768388,0.06404769,0.00114622,0.01531911,0.84336528,0.00937687,0.49764866,0.00202052,0.40928076,0.02096347,0.00309107,1.21767391,0.01202156,0.03801162,0.00077770
GATG,Variance,0.02024085,0.01031331,2.12226132,0.00933415,0.04610908,0.00105016,0.02294186,0.94368653,0.00871425,0.49994455,0.00315223,0.49594982,0.02480538,0.00292339,1.29149626,0.00960945,0.04312508,0.00072373
GATT,Variance,0.01617462,0.00886798,3.09226066,0.00902484,0.05323136,0.00126835,0.01698789,0.85709480,0.00957920,0.37603491,0.00406783,0.56067427,0.02083950,0.00313576,1.53998322,0.00919856,0.07141403,0.00092794
GCAA,Variance,0.01555561,0.01099883,3.73417733,0.00865819,0.04653957,0.00104231,0.01367796,0.67751514,0.01427801,0.37907559,0.00239084,0.85390014,0.02522832,0.00312189,1.28509911,0.00847094,0.05987439,0.00106803
GCAC,Variance,0.02414850,0.00749966,3.02926134,0.00801525,0.04378911,0.00068759,0.01344382,0.50997104,0.00940668,0.59691577,0.00191147,0.84355484,0.01894086,0.00316722,1.61319451,0.01233206,0.05020894,0.00122540
GCAG,Variance,0.01963534,0.00760706,2.80314474,0.01116839,0.04415978,0.00079257,0.01005633,0.58308368,0.00703525,0.44521761,0.00389736,0.65548946,0.02006136,0.00330498,1.23621695,0.01483124,0.04104022,0.00121448
GCAT,Variance,0.01992099,0.01007786,3.31292156,0.00667488,0.03808377,0.00115567,0.00929552,0.72987009,0.00603125,0.53472052,0.00449240,0.71042122,0.01670623,0.00292904,1.63086284,0.01191953,0.06439370,0.00102896
GCCA,Variance,0.01935574,0.01233168,2.69102204,0.00711035,0.05471755,0.00086187,0.01243257,0.58356881,0.00876926,0.46241019,0.00334631,0.81217422,0.02313345,0.00255100,1.01034035,0.01353120,0.06114547,0.00093890
GCCC,Variance,0.02042117,0.01089318,2.86335629,0.00460778,0.04926396,0.00088004,0.01169291,0.75054864,0.00734789,0.58580396,0.00295668,0.78159014,0.02315026,0.00318051,0.98964533,0.01016125,0.06059506,0.00111737
GCCG,Variance,0.02134743,0.01162078,2.09003399,0.00542256,0.06424494,0.00088015,0.01160155,0.61510391,0.00695177,0.46110195,0.00390096,0.51142995,0.01833537,0.00293698,1.14832163,0.01033974,0.05266473,0.00081773
GCCT,Variance,0.01693531,0.01396023,2.25518127,0.00772483,0.04756113,0.00120844,0.01552869,0.57344878,0.00789917,0.41706090,0.00321297,0.75094482,0.02158552,0.00329680,0.92972027,0.00969872,0.05456743,0.00134712
GCGA,Variance,0.01803194,0.01228267,3.45593918,0.00786254,0.04810999,0.00065474,0.01359502,0.51966405,0.00962026,0.36546025,0.00448594,0.73262664,0.02363101,0.00473773,1.33081481,0.00575533,0.06649437,0.00153899
GCGC,Variance,0.02481556,0.00941942,4.32432033,0.00552250,0.04321026,0.00050220,0.01134220,0.71582315,0.00891612,0.40642250,0.00337615,0.85314757,0.01505437,0.00361689,1.50895027,0.00757916,0.04818087,0.00122451
GCGG,Variance,0.02766736,0.00825019,2.89384925,0.01102078,0.02462113,0.00058566,0.01200647,0.79603535,0.00656988,0.46357449,0.00501710,0.71954453,0.01383572,0.00304327,2.01622001,0.00840055,0.04502670,0.00110530
GCGT,Variance,0.02538685,0.01036323,3.10859842,0.00859359,0.05284320,0.00079920,0.01221356,0.88674059,0.00536415,0.38917646,0.00649812,0.82498286,0.01476295,0.00420633,1.47088581,0.00859258,0.04042014,0.00100371
GCTA,Variance,0.03261390,0.00918917,3.25516611,0.00675094,0.07852362,0.00105403,0.01085609,0.74080870,0.00532054,0.42669736,0.00611471,0.67547790,0.01465663,0.00457731,1.25936768,0.00753035,0.03736869,0.00080666
GCTC,Variance,0.02577793,0.00934065,2.63995044,0.00639670,0.06327085,0.00091175,0.01487790,0.93382714,0.00877117,0.43765382,0.00406776,0.55148539,0.01518321,0.00456971,1.16404943,0.00915810,0.04143242,0.00081378
GCTG,Variance,0.02513470,0.01086971,2.24393795,0.00933540,0.05620965,0.00084956,0.01796422,1.22972917,0.00754275,0.37604897,0.00392871,0.66930491,0.01604810,0.00348549,1.91588936,0.00640501,0.03418333,0.00086442
GCTT,Variance,0.02378235,0.01089488,1.60806966,0.00983955,0.07509339,0.00094275,0.02190229,0.90755765,0.00810048,0.28311513,0.00505016,0.66842514,0.01491582,0.00518818,1.60603446,0.00659851,0.04288423,0.00090421
GGAA,Variance,0.02237836,0.00945057,2.49595530,0.00848837,0.09135604,0.00088863,0.02331554,1.06757903,0.00917546,0.23651948,0.00339881,0.68456807,0.01413735,0.00661078,1.93322695,0.00654703,0.04247714,0.00116203
GGAC,Variance,0.03248764,0.00771925,2.24052289,0.00889298,0.07311946,0.00077144,0.01791200,0.88584538,0.01051125,0.30155771,0.00359940,0.65587353,0.00826912,0.00568527,2.81885354,0.00653781,0.02994188,0.00107231
GGAG,Variance,0.02978037,0.00694971,1.98128511,0.00927983,0.06748896,0.00071343,0.01619466,0.85472407,0.00863809,0.31699593,0.00447606,0.58487461,0.00937052,0.00477581,2.68191548,0.00757691,0.02608850,0.00101481
GGAT,Variance,0.03132026,0.00694237,1.94653464,0.00819776,0.07610953,0.00079335,0.01892885,0.97990432,0.00796689,0.38636613,0.00598450,0.48667849,0.01190729,0.00341828,2.16742137,0.00907980,0.03691765,0.00094463
GGCA,Variance,0.03531244,0.00657497,2.05106192,0.00796080,0.10286170,0.00101199,0.01504271,0.93348020,0.00927064,0.35598785,0.00429442,0.38794143,0.01306617,0.00389188,1.18557755,0.00869458,0.03878342,0.00060725
GGCC,Variance,0.03961195,0.00772643,2.28136737,0.00916891,0.08785451,0.00084717,0.02370682,1.00221652,0.00883122,0.38329781,0.00323316,0.26944041,0.01139885,0.00359117,1.86911865,0.00819938,0.04613506,0.00073186
GGCG,Variance,0.03390761,0.00828045,2.03711453,0.01183818,0.09026538,0.00125142,0.02122964,1.09742514,0.00698239,0.24670645,0.00369056,0.34000954,0.01311242,0.00347000,1.82377511,0.00807527,0.04980063,0.00051595
GGCT,Variance,0.03130171,0.00766918,1.43350749,0.01223630,0.09597387,0.00157656,0.02958772,1.03401963,0.01352538,0.24063864,0.00336754,0.42761122,0.01515847,0.00398980,2.09767537,0.00764904,0.02972841,0.00079148
GGGA,Variance,0.02395796,0.00547757,1.75395662,0.01523194,0.07097907,0.00141607,0.02283442,0.58943186,0.01670112,0.21907179,0.00250574,0.55627873,0.01544663,0.00498022,1.67243834,0.00775606,0.05141705,0.00104895
GGGC,Variance,0.02662435,0.00575234,2.49671704,0.01015626,0.05524387,0.00098012,0.02439010,0.86776960,0.01470423,0.38286929,0.00260210,0.57840605,0.00947977,0.00315466,2.08299517,0.01010080,0.04177343,0.00093833
GGGG,Variance,0.03941677,0.00568978,2.28994278,0.00793634,0.06262531,0.00102914,0.01619097,1.05272103,0.01044008,0.34172293,0.00317717,0.53328545,0.01401725,0.00299812,2.05788764,0.01612464,0.03475276,0.00066747
GGGT,Variance,0.02935153,0.00666066,1.93933537,0.01121222,0.05691330,0.00158129,0.01767369,1.05538065,0.01168558,0.42474451,0.00454282,0.43214512,0.01335285,0.00287275,2.00238164,0.01217015,0.04908322,0.00093089
GGTA,Variance,0.02621384,0.00719363,2.33444774,0.01114049,0.05551249,0.00103300,0.01508908,0.74105434,0.01116849,0.38470683,0.00317725,0.44909495,0.01819565,0.00319307,1.60234842,0.01255686,0.05734726,0.00071799
GGTC,Variance,0.02540463,0.00726564,1.84704651,0.00624442,0.06210977,0.00125161,0.01848324,0.83707117,0.00809689,0.52370281,0.00263645,0.40395107,0.01594630,0.00202127,1.19748672,0.01212150,0.05363186,0.00066082
GGTG,Variance,0.02087073,0.01029429,1.79199723,0.01156483,0.05665003,0.00136754,0.02683393,1.03049413,0.00887231,0.43696058,0.00244838,0.55867756,0.02017104,0.00283938,1.21501224,0.01081682,0.06572762,0.00050512
GGTT,Variance,0.01354184,0.01059523,2.08732269,0.01014742,0.04773501,0.00117803,0.02166128,0.83812396,0.01113507,0.22526415,0.00299727,0.62260677,0.02433707,0.00306692,1.49241754,0.01028440,0.06772084,0.00067411
GTAA,Variance,0.01650488,0.00876449,3.28779338,0.00913928,0.05779205,0.00109378,0.01465199,0.58985663,0.01287421,0.46241080,0.00312396,0.65586196,0.02330301,0.00369930,1.30931947,0.00662810,0.07741589,0.00116932
GTAC,Variance,0.01934710,0.00739864,2.85768918,0.00720521,0.02890910,0.00089642,0.01154661,0.61021296,0.01129985,0.45332357,0.00333535,0.54246235,0.01564480,0.00350442,1.24277512,0.01216231,0.05037972,0.00129867
GTAG,Variance,0.02404340,0.00708866,2.91403598,0.00778096,0.03551588,0.00082332,0.01182790,0.67405887,0.00666749,0.53566907,0.00456746,0.55941234,0.01676034,0.00278747,1.63193298,0.00907189,0.04629908,0.00099460
GTAT,Variance,0.02132801,0.01125566,2.14016930,0.00662116,0.04736133,0.00095307,0.01217559,0.57681796,0.00639731,0.53037192,0.00509360,0.72253547,0.01641934,0.00180967,1.16865695,0.01029404,0.05262717,0.00119227
GTCA,Variance,0.02220189,0.01502351,3.44313508,0.00669471,0.07139504,0.00104208,0.00946805,0.74862757,0.00616213,0.62490306,0.00463331,0.68162194,0.02380637,0.00348120,0.95735704,0.01198051,0.05746971,0.00116943
GTCC,Variance,0.01826034,0.01330050,2.86051916,0.00491438,0.05265359,0.00098850,0.01404767,0.77447161,0.00638012,0.58703471,0.00369430,0.68641908,0.01891364,0.00332893,0.76853178,0.00839113,0.05723068,0.00083025
GTCG,Variance,0.01618070,0.01371860,2.36238823,0.00617392,0.05024308,0.00083300,0.01251708,0.82001562,0.00684854,0.47197149,0.00404354,0.74625268,0.02143112,0.00381794,1.26920405,0.00952403,0.05254431,0.00085541
GTCT,Variance,0.01729777,0.01346027,2.77796658,0.00644969,0.07744387,0.00095445,0.02023683,0.69606287,0.00682122,0.27528865,0.00434870,0.78203379,0.02115810,0.00461872,1.14033060,0.00754882,0.07047396,0.00135557
GTGA,Variance,0.01558177,0.01002862,3.79522966,0.00810811,0.05704972,0.00081263,0.01280526,0.50593081,0.00913321,0.36641821,0.00347996,1.13157250,0.02698335,0.00502231,1.37313049,0.00603505,0.07245904,0.00156821
GTGC,Variance,0.02470011,0.01017350,3.20363825,0.00783776,0.04660930,0.00065692,0.01200812,0.52468420,0.00699321,0.35535786,0.00329127,0.92261775,0.01696341,0.00501533,1.44647319,0.01258755,0.05103009,0.00168988
GTGG,Variance,0.02382777,0.00992830,2.55409776,0.00680460,0.03745340,0.00063516,0.01157039,0.66736534,0.00690505,0.44257165,0.00540962,0.77352981,0.01160194,0.00383831,1.72126706,0.00808481,0.03729227,0.00130775
GTGT,Variance,0.02462867,0.01048844,2.43500712,0.00788440,0.06750573,0.00071389,0.01056083,1.11379122,0.00587116,0.54666922,0.00491002,0.58790541,0.01261769,0.00362629,1.04790824,0.00570710,0.04051078,0.00101570
GTTA,Variance,0.02715881,0.01024757,2.35005202,0.00632225,0.07178518,0.00064330,0.01237313,0.87708871,0.00651352,0.40406180,0.00504291,0.71220046,0.01525923,0.00439740,1.62902500,0.00791174,0.05565008,0.00132136
GTTC,Variance,0.02443815,0.01385779,1.81912283,0.00656535,0.06897120,0.00074461,0.01521821,1.18171926,0.00716349,0.39578410,0.00473880,0.56165680,0.01330277,0.00385067,1.26372571,0.00814319,0.03723531,0.00075576
GTTG,Variance,0.02754987,0.01106568,1.67699936,0.00929901,0.07440806,0.00092432,0.01216955,1.21872278,0.00773248,0.28977381,0.00508414,0.50119614,0.01359072,0.00418504,1.33536974,0.00445210,0.03089310,0.00096391
GTTT,Variance,0.02213545,0.00820421,1.92112481,0.01052431,0.07294855,0.00107744,0.02175356,1.06862403,0.00905379,0.23158888,0.00444559,0.77061221,0.02069772,0.00560697,2.22605206,0.00495281,0.03740290,0.00113419
TAAA,Variance,0.02840885,0.00793422,2.56609876,0.00849209,0.06626989,0.00081270,0.01749408,0.86461936,0.01024614,0.29966549,0.00347966,0.67320007,0.01689164,0.00608278,2.00108898,0.00608070,0.04338961,0.00125781
TAAC,Variance,0.02711606,0.00666978,2.52592318,0.00998684,0.06191887,0.00067734,0.01597704,1.03390348,0.01039104,0.28836147,0.00482189,0.58589360,0.01133024,0.00505986,1.67800888,0.00724845,0.03005014,0.00095051
TAAG,Variance,0.03164227,0.00588589,2.04062511,0.00955824,0.05037412,0.00079929,0.01831510,0.95870730,0.00783662,0.29994049,0.00435075,0.50984421,0.01036183,0.00431323,1.96347217,0.00785250,0.03166730,0.00098307
TAAT,Variance,0.02987518,0.00803334,1.98166448,0.00875864,0.07710294,0.00085832,0.01460318,1.32274365,0.00912864,0.31920815,0.00429296,0.55843131,0.01088606,0.00424911,2.02877202,0.00788610,0.02687572,0.00081635
TACA,Variance,0.03453355,0.00914236,1.59609444,0.01218194,0.12167227,0.00104943,0.01501002,1.28149826,0.00712759,0.32173348,0.00468073,0.62200688,0.01389089,0.00433682,1.66721735,0.00832508,0.04439099,0.00058114
TACC,Variance,0.03465899,0.00748358,1.69173659,0.00857727,0.10342522,0.00105240,0.01690449,1.50794064,0.00942090,0.32955987,0.00279251,0.39696306,0.00977969,0.00364958,1.75703510,0.00781737,0.03729537,0.00069659
TACG,Variance,0.03405119,0.00981269,1.81227919,0.01141585,0.08528840,0.00127866,0.02085271,0.93102859,0.00989447,0.26758089,0.00394931,0.31647711,0.01061160,0.00346290,2.14812633,0.00729453,0.03779461,0.00072128
TACT,Variance,0.02271299,0.00839552,1.52317816,0.01290241,0.12980663,0.00112945,0.03030579,0.82466529,0.00843840,0.28275866,0.00306040,0.47218316,0.01789331,0.00404168,1.43528735,0.00693500,0.04241913,0.00096905
TAGA,Variance,0.02435211,0.00713057,1.70052166,0.01313949,0.07701348,0.00136819,0.01725143,0.91904366,0.01609012,0.25696678,0.00255379,0.61553350,0.01676776,0.00452954,2.01139816,0.01031382,0.05205586,0.00091527
TAGC,Variance,0.03187129,0.00660985,2.83859607,0.01162873,0.06492181,0.00093011,0.01783578,0.78172867,0.01203173,0.33925184,0.00264279,0.53946606,0.01183650,0.00324166,1.79138490,0.01151638,0.03755746,0.00108427
TAGG,Variance,0.03980507,0.00641753,2.34216512,0.01137777,0.04163955,0.00096175,0.01319902,0.96684898,0.01158431,0.38207469,0.00344556,0.43325258,0.01263276,0.00248628,2.36612694,0.00964436,0.02871275,0.00071331
TAGT,Variance,0.02676750,0.00642200,2.23091602,0.01082237,0.05260959,0.00133531,0.01558093,0.93825955,0.00843756,0.29011198,0.00400277,0.54643938,0.01306326,0.00274261,1.36513059,0.00860731,0.05045229,0.00094588
TATA,Variance,0.02346555,0.00975762,2.29961239,0.00921769,0.06718679,0.00121966,0.00961525,1.00696615,0.00867929,0.40620884,0.00357145,0.41200198,0.01604299,0.00285400,1.19970710,0.00930553,0.05330557,0.00064851
TATC,Variance,0.02515387,0.00946828,2.29551542,0.00610668,0.06288761,0.00095805,0.01242174,0.91925429,0.00862701,0.44283539,0.00174407,0.43185955,0.01901567,0.00207976,1.14278845,0.01342527,0.05522760,0.00070754
TATG,Variance,0.02155791,0.00907048,2.27878106,0.01085172,0.05842428,0.00122548,0.02058721,1.08895013,0.00979428,0.42949924,0.00270437,0.36980570,0.02219607,0.00239810,1.09860299,0.00883884,0.05824211,0.00081668
TATT,Variance,0.01730718,0.01207003,1.52535885,0.01263371,0.05461679,0.00156703,0.01258585,0.76088956,0.01509974,0.32072153,0.00359132,0.59150713,0.02440438,0.00280904,1.27556686,0.01150694,0.08115190,0.00091487
TCAA,Variance,0.01732037,0.00840203,3.36357829,0.01134090,0.05644755,0.00110561,0.01565299,0.62465299,0.01201215,0.38436280,0.00222859,0.69186485,0.01867390,0.00416333,1.23334086,0.01041023,0.06968111,0.00101823
TCAC,Variance,0.02025869,0.00696583,3.70091600,0.00758415,0.04671453,0.00072784,0.01338766,0.59417191,0.00979135,0.39204468,0.00230558,0.98457037,0.01368388,0.00375249,1.26031764,0.01255613,0.05810940,0.00108549
TCAG,Variance,0.02253583,0.00675433,3.54322644,0.00902844,0.03423071,0.00082180,0.01269851,0.67395226,0.00800062,0.48482442,0.00404132,0.59885414,0.01429811,0.00292461,1.36447732,0.01118086,0.04299366,0.00117769
TCAT,Variance,0.01629719,0.01209843,4.29248373,0.00731092,0.04812684,0.00114707,0.01077802,0.60838454,0.00764209,0.50896692,0.00640314,0.58892553,0.01451775,0.00286273,1.22024113,0.00878894,0.06078659,0.00113329
TCCA,Variance,0.02810335,0.00869323,2.76832826,0.00605459,0.05167207,0.00110554,0.01043958,0.76714819,0.00623330,0.57467044,0.00435095,0.76521369,0.02068874,0.00312622,1.48410539,0.01081941,0.06404990,0.00106072
TCCC,Variance,0.02173019,0.01182600,2.54275460,0.00685613,0.05493156,0.00102117,0.00916959,0.87513331,0.00576215,0.62647275,0.00433400,0.86897119,0.01560325,0.00365170,1.27283015,0.00886746,0.04941908,0.00088430
TCCG,Variance,0.01958381,0.01074011,2.01889982,0.00718694,0.05433528,0.00086606,0.01444150,0.66746379,0.00597862,0.48893329,0.00417515,0.53764455,0.02223397,0.00255361,1.09663368,0.00723130,0.07202930,0.00141617
TCCT,Variance,0.01630780,0.00987806,1.97735985,0.00890700,0.07168014,0.00090833,0.01592804,0.61169099,0.00587831,0.43551663,0.00515299,0.81665650,0.02296551,0.00432881,1.17041775,0.00634355,0.07901513,0.00135847
TCGA,Variance,0.01742879,0.01120156,2.70210771,0.00737731,0.05746363,0.00073535,0.01047714,0.66413009,0.00886244,0.34203310,0.00371192,1.04025120,0.01898924,0.00554508,1.30819491,0.00776884,0.06472841,0.00163176
TCGC,Variance,0.02449556,0.01004238,4.14684843,0.00891485,0.04544451,0.00047117,0.01159563,0.75751593,0.00808687,0.41516713,0.00339900,0.80948771,0.01482668,0.00499870,1.42154895,0.00714761,0.05478007,0.00105892
TCGG,Variance,0.03153848,0.00930470,2.74740321,0.00628974,0.04597354,0.00054327,0.01323789,0.70507178,0.00678265,0.40478218,0.00468164,0.61567500,0.01577191,0.00388437,1.76145132,0.01099828,0.03380839,0.00130900
TCGT,Variance,0.02546905,0.01147693,3.12147810,0.00810164,0.07478092,0.00067338,0.01035098,0.86303158,0.00516431,0.48565099,0.00594287,0.85587526,0.01936498,0.00410724,1.57214585,0.00723224,0.04271123,0.00105296
TCTA,Variance,0.02948202,0.01299953,2.37833705,0.00926157,0.06995884,0.00079743,0.01234926,0.76544930,0.00839722,0.31470059,0.00483465,0.56315217,0.01500617,0.00525036,1.48577472,0.00608079,0.04320160,0.00104153
TCTC,Variance,0.02763439,0.00836495,2.40999613,0.00434526,0.10205159,0.00077719,0.01241602,0.92751057,0.00803207,0.40680073,0.00535506,0.49794621,0.01324723,0.00405871,1.42322643,0.00830575,0.03526283,0.00107383
TCTG,Variance,0.02345690,0.01101835,1.42397534,0.00723802,0.06781404,0.00089819,0.02257233,1.32070997,0.00678272,0.36959268,0.00479911,0.49744605,0.01479060,0.00576519,1.81473368,0.00648884,0.05200051,0.00075969
TCTT,Variance,0.02054881,0.00876985,1.89102486,0.01009128,0.06347049,0.00093000,0.01938180,0.95129408,0.01037513,0.28095823,0.00447496,0.70063888,0.01783210,0.00434788,1.51360103,0.00513031,0.03146193,0.00104069
TGAA,Variance,0.02224263,0.00749404,2.16441757,0.01183499,0.08415021,0.00086997,0.01796694,0.94303554,0.00893893,0.28754858,0.00348978,0.69562493,0.01440837,0.00609774,1.44340054,0.00577179,0.03571838,0.00103337
TGAC,Variance,0.02786014,0.00645730,2.04202993,0.01192482,0.06727730,0.00078345,0.01664918,0.94123377,0.00850142,0.29418638,0.00466476,0.72712380,0.01050788,0.00665628,1.76745569,0.00615626,0.02841236,0.00109065
TGAG,Variance,0.02465875,0.00702693,1.81672683,0.01110850,0.06975021,0.00078340,0.01470708,0.89297807,0.00963568,0.36307189,0.00472101,0.53603731,0.01240630,0.00435836,2.97089674,0.00765378,0.02669370,0.00078000
TGAT,Variance,0.03088414,0.00911673,1.68936782,0.01237356,0.06643577,0.00104754,0.01535104,1.04329780,0.01171136,0.27821585,0.00520492,0.49022101,0.00850210,0.00441709,1.91443107,0.00622188,0.02985748,0.00092826
TGCA,Variance,0.02472009,0.00904462,1.53606696,0.00999849,0.07748146,0.00084579,0.02112990,1.09297398,0.00931289,0.27831787,0.00479961,0.55442693,0.01232193,0.00383832,1.81270412,0.00710869,0.04219551,0.00085400
TGCC,Variance,0.03990538,0.00523181,1.85266615,0.00812002,0.07750840,0.00120342,0.01585169,1.21575738,0.00993084,0.33662792,0.00412777,0.43041745,0.01396514,0.00318200,1.80322646,0.00846825,0.04562308,0.00062415
TGCG,Variance,0.03141745,0.00675298,1.37117539,0.00888332,0.10205340,0.00115632,0.02253331,1.30477795,0.00907529,0.32708602,0.00348796,0.37394054,0.01381441,0.00451049,1.65926469,0.00626132,0.03652333,0.00067460
TGCT,Variance,0.02640626,0.00704670,1.65315368,0.01179786,0.08507708,0.00129381,0.02581552,1.08120343,0.00853367,0.23056249,0.00283903,0.63995558,0.01451449,0.00475754,1.50754245,0.00941618,0.05456243,0.00073821
TGGA,Variance,0.02000752,0.00613764,1.73810706,0.01415332,0.05409242,0.00129604,0.02652490,0.93143257,0.01715636,0.27578482,0.00266665,0.54517546,0.01338033,0.00611595,1.58281141,0.00700524,0.05087724,0.00090950
TGGC,Variance,0.03238294,0.00611884,3.25442938,0.00726573,0.06052465,0.00097014,0.01628581,0.84607435,0.01313623,0.35428298,0.00291041,0.65449258,0.01593732,0.00342103,1.94078341,0.01140601,0.03913979,0.00075670
TGGG,Variance,0.02979720,0.00458503,2.42979688,0.00901508,0.04530082,0.00099384,0.02253341,1.13238623,0.01113620,0.45601869,0.00387627,0.42985803,0.01183804,0.00290329,1.89756536,0.01266632,0.03389628,0.00068765
TGGT,Variance,0.02540935,0.00711313,1.94729822,0.01215683,0.06369878,0.00092998,0.01493821,1.18306407,0.00781407,0.38799340,0.00433035,0.39899227,0.01751476,0.00283357,1.74447297,0.01058589,0.04967472,0.00092131
TGTA,Variance,0.03272514,0.00744895,2.41187644,0.00943192,0.06326832,0.00128273,0.01199325,0.75671840,0.01024679,0.42469880,0.00252171,0.40234967,0.01846351,0.00288832,1.32659383,0.01115158,0.03758482,0.00080107
TGTC,Variance,0.04183757,0.00767343,2.01792245,0.00629063,0.06503494,0.00141411,0.01188558,1.11201973,0.01197624,0.46243610,0.00371644,0.41474231,0.01526716,0.00279349,1.36703119,0.01126586,0.05122429,0.00080250
TGTG,Variance,0.01811301,0.00815579,2.61440519,0.00799500,0.05895534,0.00123900,0.01842529,0.94100848,0.00887018,0.34277104,0.00312526,0.51183002,0.01904360,0.00295006,1.42191905,0.01004456,0.06524758,0.00069471
TGTT,Variance,0.01777987,0.00934037,1.80902498,0.00777726,0.05238964,0.00107416,0.01726766,0.80666518,0.00888000,0.30311820,0.00370252,0.58751389,0.02213971,0.00338822,1.13617126,0.00657484,0.07725023,0.00072307
TTAA,Variance,0.01538621,0.00867311,3.09262505,0.00955054,0.03932944,0.00114112,0.01632090,0.52900806,0.01128296,0.43812084,0.00246272,0.76964365,0.01882297,0.00399537,1.39022418,0.00931870,0.05692679,0.00112414
TTAC,Variance,0.01955126,0.00688230,3.18574978,0.00929906,0.04186453,0.00090341,0.01369939,0.67645242,0.01100871,0.48824618,0.00313025,0.82139804,0.01644103,0.00271505,1.71188308,0.01173913,0.06212140,0.00094689
TTAG,Variance,0.02180639,0.00647991,3.27930504,0.00835206,0.03760891,0.00072465,0.01549790,0.69854719,0.00649578,0.46683094,0.00526786,0.55926664,0.01265421,0.00354046,1.54710500,0.01663967,0.04479011,0.00112933
TTAT,Variance,0.02168265,0.01058019,2.90588335,0.00860536,0.05168666,0.00100282,0.01087940,0.62878101,0.00593140,0.46463251,0.00434574,0.83690919,0.01959831,0.00297414,1.53438440,0.00951168,0.07333522,0.00119482
TTCA,Variance,0.02712347,0.01334602,3.16402927,0.00642178,0.04555045,0.00085608,0.01216721,0.72891954,0.00649289,0.60050315,0.00390560,0.66615983,0.02051243,0.00329882,0.89823273,0.01145034,0.05916281,0.00110698
TTCC,Variance,0.01682861,0.01161779,3.57185523,0.00597084,0.04972250,0.00096092,0.00900856,0.88680490,0.00781193,0.47120113,0.00420759,0.61286948,0.01755649,0.00347460,1.00092070,0.00786138,0.05733658,0.00105465
TTCG,Variance,0.01758890,0.01341692,2.73189785,0.00692439,0.04268840,0.00096769,0.01348732,0.80030373,0.00649629,0.51911200,0.00484267,0.65446699,0.02375900,0.00284458,1.20489394,0.00664502,0.05587346,0.00122961
TTCT,Variance,0.01535200,0.01114613,2.42867488,0.00809415,0.05643000,0.00108585,0.01256522,0.81576337,0.00698067,0.39824700,0.00389648,0.91327484,0.01980575,0.00440149,1.32121321,0.00707711,0.06509227,0.00107087
TTGA,Variance,0.01584900,0.00893003,2.94353365,0.00919605,0.05764635,0.00084191,0.01604059,0.59653975,0.00838795,0.43036772,0.00411213,0.98723897,0.01759524,0.00489388,1.22382436,0.00742934,0.06700013,0.00166288
TTGC,Variance,0.01851507,0.00987782,2.76719146,0.00746309,0.04528670,0.00054554,0.01053885,0.52877211,0.00759431,0.46965466,0.00414631,0.86022698,0.01482769,0.00432660,1.40376242,0.00866993,0.05043190,0.00100469
TTGG,Variance,0.02475978,0.00926542,2.32734645,0.00959244,0.05331134,0.00065186,0.01355227,1.00117802,0.00680006,0.56655031,0.00591659,0.77763456,0.01388256,0.00358807,2.06881010,0.00838340,0.04752123,0.00125389
TTGT,Variance,0.02273476,0.01619570,2.34331982,0.00614449,0.07515725,0.00067772,0.01597487,0.91913766,0.00606574,0.48004554,0.00598118,0.59710844,0.01564540,0.00528985,1.45821399,0.00725661,0.03551086,0.00143743
TTTA,Variance,0.02458319,0.01049946,4.05050064,0.00611109,0.06037635,0.00107946,0.01104536,0.74434024,0.00571054,0.53181796,0.00714574,0.71509828,0.01388934,0.00491537,1.11197803,0.00770506,0.03616892,0.00123510
TTTC,Variance,0.02857604,0.00875087,2.61566489,0.00662608,0.07879442,0.00084443,0.01440433,0.86410681,0.00578461,0.44561050,0.00471375,0.54324084,0.01512447,0.00452564,2.11778555,0.00811161,0.04298549,0.00100564
TTTG,Variance,0.02734433,0.01034771,2.00429718,0.00817346,0.06281988,0.00079599,0.01974437,1.31757073,0.00681658,0.26689097,0.00483578,0.47727862,0.01371266,0.00451949,1.99972137,0.00667697,0.03761021,0.00101783
TTTT,Variance,0.02168478,0.00984787,2.18748473,0.00903754,0.09442938,0.00085193,0.01918309,1.21759942,0.00732851,0.23043630,0.00425496,0.67482382,0.01498390,0.00573063,1.51232904,0.00439650,0.04556284,0.00109213
AA,Shape,0.14320002,0.01676732,-6.27898103,-0.23741420,0.89067275,3.46002939,-0.12127649,-0.12826386,-0.28680559,35.13022766,0.18255000,2.25629828,0.10740286,-0.15898439,-9.70014535,-0.34140078,0.55585285,3.40512435
AC,Shape,0.34337533,-0.10050131,-8.48623880,-0.20068884,1.00586061,3.44990240,-0.28782524,-0.63864932,-0.10537607,36.38615434,0.17930831,0.93984659,-0.03837834,-0.12546401,-8.96201344,-0.42252360,0.34050104,3.41395460
AG,Shape,0.14851160,-0.13631652,-6.92222816,-0.14392831,0.74198099,3.42661710,-0.31074026,1.47791317,0.08724549,36.17371498,0.06976778,0.40177273,0.06688962,-0.10306510,-11.20869560,-0.54208366,0.53776710,3.43607609
AT,Shape,0.14579123,-0.02592880,-6.45919384,-0.32401721,0.28484492,3.42506162,-0.10269029,2.92060813,0.05521113,35.48148791,0.07859854,1.28286425,0.02046200,-0.25221016,-13.35838869,-0.41725320,1.02904443,3.45399890
CA,Shape,0.45672965,0.00506283,-10.33266341,-0.56881368,0.36534447,3.44839336,0.02626513,2.42605890,-0.00051993,35.90085609,0.15700370,0.78116157,-0.31907016,-0.33059138,-11.13360288,-0.21619325,1.18575301,3.43814880
CC,Shape,0.47814384,-0.20389197,-13.85244652,-0.52913544,0.72278765,3.45062961,-0.03796636,2.19863217,0.12907529,36.69928190,0.08316439,-1.28145708,-0.43473876,-0.24003433,-8.36309499,-0.23638286,0.96858388,3.43965102
CG,Shape,0.04996225,-0.33335346,-12.76537857,-0.40164899,0.69420631,3.44181395,0.02160627,4.14464019,0.24455878,35.89855610,-0.07427171,-1.98663278,-0.26830776,-0.14970504,-8.86444213,-0.28324929,1.15877465,3.45217073
CT,Shape,-0.11886661,-0.28058305,-11.89813408,-0.51128265,0.46891671,3.45416519,0.24597798,5.23452695,0.11184850,34.66979416,-0.10604036,-0.81563468,-0.16866625,-0.19825765,-9.31841767,-0.13602362,1.51663741,3.45356318
GA,Shape,0.01693625,-0.28915298,-14.53592504,-0.60998244,0.72127559,3.47946241,0.33651104,3.47050928,-0.07128603,34.66522057,-0.05291667,-1.00686566,-0.34285637,-0.22182786,-6.31690898,0.02810189,1.43101627,3.42835757
GC,Shape,-0.07752205,-0.45785079,-16.30907926,-0.44839154,1.28372799,3.48763831,0.17718846,2.54077496,-0.03959812,35.00854261,-0.09872839,-2.14401095,-0.33352403,-0.06226076,-3.47657550,-0.03703837,0.97992430,3.41846560
GG,Shape,-0.47998194,-0.55722088,-12.98483238,-0.20575025,1.33199488,3.47231397,0.11253235,3.21520123,-0.00549864,34.23158666,-0.21466340,-1.90016587,-0.00435702,0.04755107,-4.43528885,-0.19079322,0.92567608,3.42244435
GT,Shape,-0.61372476,-0.39536991,-9.71304350,-0.18665115,1.11083527,3.47835431,0.25960524,3.16500875,-0.18799218,33.21655462,-0.17092154,0.12425851,0.19115784,-0.01399499,-6.37511980,-0.17696860,1.11756912,3.42382275
TA,Shape,-0.28954579,-0.26154624,-10.32522865,-0.28031282,1.32800486,3.49496166,0.19324047,0.98522997,-0.34201209,33.63147757,-0.00764719,0.69330219,0.08259789,-0.03320605,-5.06769791,-0.10398386,0.84965372,3.39933707
TC,Shape,-0.20991219,-0.35960589,-10.92044247,-0.11205193,1.64709476,3.48527023,-0.07658645,-0.45661591,-0.24044104,34.63831695,-0.00464273,0.10741800,0.07203963,0.05518920,-4.10029875,-0.23729330,0.32920350,3.39798209
TG,Shape,-0.38621205,-0.34189025,-7.35341089,0.06975034,1.47561614,3.45336949,-0.20222697,0.51928286,-0.14805583,34.50889352,-0.06896054,0.53436667,0.33279729,0.08979260,-6.82151703,-0.45950075,0.32373914,3.41122121
TT,Shape,-0.29259652,-0.12417158,-4.56379429,-0.04604655,0.96510444,3.44282880,-0.10505223,0.95953431,-0.22786254,34.13082460,0.02234846,2.26771865,0.38164795,-0.05250098,-10.27870121,-0.44128116,0.59586717,3.41178423
AA,Variance,0.02897793,0.00702803,2.20818777,0.00993869,0.06944104,0.00086079,0.01644231,0.97867344,0.00916172,0.30674831,0.00448907,0.60689792,0.01238186,0.00482245,2.10125717,0.00758935,0.03444669,0.00101385
AC,Variance,0.03027895,0.00777110,1.73172596,0.01114590,0.08970295,0.00116594,0.02006256,1.23590321,0.00911725,0.31934431,0.00350162,0.42110669,0.01334123,0.00384121,1.73807128,0.00796298,0.04080142,0.00073200
AG,Variance,0.02912473,0.00614267,2.21036268,0.01150710,0.06324887,0.00112211,0.01749529,0.92240401,0.01145173,0.33283789,0.00340335,0.52095790,0.01323994,0.00350401,1.82248890,0.01044070,0.04266323,0.00085031
AT,Variance,0.02144872,0.00901536,2.34864863,0.00949497,0.05945069,0.00131310,0.01606371,0.91669905,0.01035240,0.42600927,0.00295985,0.50344366,0.01970621,0.00276001,1.28593558,0.01092822,0.05591430,0.00079812
CA,Variance,0.02029908,0.00898804,3.33499844,0.00862423,0.04477670,0.00095425,0.01278033,0.61661589,0.00940120,0.49009710,0.00332274,0.72990799,0.01774861,0.00319151,1.33561161,0.01114468,0.05603669,0.00116705
CC,Variance,0.01923012,0.01132915,2.79355332,0.00694415,0.05358071,0.00091860,0.01279548,0.71403120,0.00698893,0.51871963,0.00400110,0.72831442,0.02179103,0.00346373,1.10907301,0.00911092,0.06108564,0.00110393
CG,Variance,0.02251796,0.00974410,3.07715881,0.00757184,0.05210095,0.00068766,0.01175328,0.72454452,0.00736820,0.39893134,0.00482013,0.83847145,0.01625554,0.00431158,1.52325161,0.00786883,0.05045308,0.00130017
CT,Variance,0.02707897,0.01048198,2.26511049,0.00775697,0.07352054,0.00089251,0.01632827,1.00822487,0.00732095,0.37275363,0.00493924,0.59813253,0.01532157,0.00473889,1.54101914,0.00666475,0.04089647,0.00094414
GA,Variance,0.03017603,0.00746134,2.06990449,0.01034771,0.07294261,0.00081551,0.01731063,0.99118130,0.00893022,0.29941406,0.00448878,0.60101401,0.01092495,0.00515038,2.11473881,0.00731652,0.03429384,0.00093980
GC,Variance,0.03190836,0.00791449,1.75543709,0.01047440,0.08852419,0.00116090,0.02114257,1.13076506,0.00983527,0.29806854,0.00371552,0.41499592,0.01309813,0.00395634,1.65329989,0.00829397,0.04219383,0.00069746
GG,Variance,0.02811586,0.00603154,2.24339555,0.01113432,0.05818288,0.00110854,0.01919975,0.90348340,0.01247102,0.33414516,0.00332777,0.52312799,0.01375373,0.00368978,1.85777000,0.01086234,0.04324972,0.00084035
GT,Variance,0.02384669,0.00842631,2.23052448,0.00841414,0.05925779,0.00128693,0.01707951,0.88465780,0.00991879,0.41873981,0.00292889,0.49138583,0.01873597,0.00295690,1.35797018,0.01054241,0.06125497,0.00074917
TA,Variance,0.01999976,0.00886106,3.10650355,0.00860080,0.04317947,0.00092192,0.01253781,0.61461672,0.00934604,0.46173457,0.00386739,0.66283998,0.01786254,0.00319776,1.39622593,0.01085892,0.05823039,0.00111093
TC,Variance,0.01865522,0.01276792,2.89971800,0.00659606,0.05821742,0.00094745,0.01302939,0.76660572,0.00715258,0.48335929,0.00416119,0.71620551,0.02044971,0.00355483,1.07199362,0.00898186,0.05816049,0.00109586
TG,Variance,0.02193112,0.01048552,2.93654966,0.00801741,0.05433878,0.00066839,0.01256852,0.71436239,0.00711340,0.44994326,0.00479308,0.82855019,0.01558754,0.00457178,1.50106801,0.00803489,0.04859373,0.00136087
TT,Variance,0.02527190,0.01093552,2.20814387,0.00746618,0.07418193,0.00086025,0.01502152,1.06647857,0.00672840,0.36097190,0.00495972,0.63442228,0.01455055,0.00484873,1.59167311,0.00663375,0.04418796,0.00105180
