Tetramer,Info,Buckle,Shift,Propeller,Slide,Opening,Rise,Shear,Roll,Stretch,Twist,Stagger,Tilt,Buckle_2,Shift_2,Propeller_2,Slide_2,Opening_2,Rise_2
AAAA,Shape,0.27997938,0.11730754,-3.47158977,-0.14957304,0.83858068,3.39243729,-0.11908594,-0.04363812,-0.31667958,34.76817794,0.16916858,2.48885103,0.24447151,-0.09239305,-9.00621812,-0.28921507,0.68900640,3.27545095
AAAC,Shape,-0.02493535,-0.03586516,-5.49605366,-0.34257559,0.83486322,3.39808432,-0.22732171,-0.23848116,-0.21404430,36.31328903,0.27573337,3.06552088,0.34845228,-0.11130183,-9.21379170,-0.35119053,0.56948906,3.28127040
AAAG,Shape,0.10992620,0.02521201,-7.76330261,-0.30572430,1.08417999,3.41293549,-0.14663412,-0.19840130,-0.11143961,36.55014618,0.24247249,2.17104855,0.05436368,-0.16582302,-10.63504559,-0.34315285,0.17564040,3.27720677
AAAT,Shape,0.30235080,0.04440642,-6.14771959,-0.16130235,1.30021453,3.43149055,-0.05480240,-0.54165715,-0.13531207,35.82841187,0.18370908,1.09512215,-0.00633032,-0.22384404,-9.37197562,-0.32616131,0.37067580,3.27343308
AACA,Shape,0.52575447,0.06079093,-7.00113017,-0.12376986,1.20096870,3.41223026,-0.27442315,-2.22758673,-0.19041686,36.74139532,0.15422679,0.98179207,0.13169518,-0.09511797,-7.64754941,-0.21880537,0.44023114,3.32521518
AACC,Shape,0.39635278,-0.11988332,-9.09250803,-0.30217012,0.93417915,3.36445389,-0.38902856,-1.49881949,-0.02682489,37.49047492,0.31684974,1.46887043,0.18866808,-0.07558420,-8.21111164,-0.35099356,0.15111023,3.28011494
AACG,Shape,0.10868258,-0.19448006,-10.26753137,-0.24199348,1.01395621,3.40330498,-0.28186508,1.04075746,0.14257212,37.76771454,0.23967389,0.98115910,0.10952616,-0.12917276,-9.29674841,-0.46554932,-0.03204162,3.30206843
AACT,Shape,0.33030311,-0.07276669,-7.55422473,-0.06678638,1.36175790,3.37724046,-0.38245778,0.45280327,0.03543820,37.96560015,0.12110945,-0.22313203,-0.13659912,-0.12724457,-9.92225811,-0.50080017,0.23402947,3.32300196
AAGA,Shape,0.39012055,-0.03308168,-6.72453322,-0.08297810,1.00914816,3.35315105,-0.55634824,-0.79596036,0.03685405,37.06726891,0.05948972,0.31285913,0.08985890,-0.08729493,-8.94994907,-0.42035772,0.46595573,3.34981679
AAGC,Shape,0.41460230,-0.15090263,-7.95405521,-0.25279487,0.86037298,3.36754497,-0.45258259,0.35036148,0.19080907,37.28743004,0.14433928,0.99794075,0.18129642,-0.05454780,-10.11044769,-0.50501782,0.30617116,3.31559112
AAGG,Shape,0.01302797,-0.16408182,-7.63020249,-0.14237051,0.86599538,3.35916819,-0.35451237,2.76544594,0.26899320,37.47824412,0.13909419,1.38229279,0.09223711,-0.13936443,-12.26920854,-0.59208623,0.33113424,3.34123544
AAGT,Shape,0.10723316,-0.04738694,-5.16359547,-0.02937573,0.83055047,3.36618030,-0.18625827,2.45336392,0.14579918,36.80405171,0.02459752,-0.07911054,-0.04612601,-0.20060740,-13.51040517,-0.48811469,0.72113111,3.32334329
AATA,Shape,0.27096206,0.00857926,-5.11489797,-0.15243525,0.52399625,3.36937781,-0.33392223,2.26000369,0.12555585,36.21960675,0.03531590,0.54839658,0.09617591,-0.14612976,-11.79807362,-0.38347579,0.97943043,3.34157627
AATC,Shape,0.11849265,-0.02842123,-6.51556083,-0.33793148,0.32499345,3.34601324,-0.20604238,2.58563249,0.14685846,37.10710464,0.13123200,2.28259656,0.27028195,-0.19061892,-11.91448823,-0.51578490,0.86847238,3.32681028
AATG,Shape,-0.00375011,-0.04395774,-6.31806435,-0.42896418,0.43042764,3.36111004,0.08537740,3.88200106,0.15841473,37.24200360,0.21150496,1.43605407,0.07895498,-0.32697161,-14.38583800,-0.45690782,0.81296871,3.31534890
AATT,Shape,0.28116756,0.06325815,-5.53779353,-0.39610420,0.52032682,3.38674973,0.13220830,3.44316146,0.14679082,36.16714965,0.09120130,0.82729330,-0.07889000,-0.35837294,-13.27349255,-0.33589131,1.10695096,3.33932613
ACAA,Shape,0.58879758,0.14561508,-6.69873623,-0.41326452,0.33029382,3.39080297,-0.07871287,1.70687818,-0.06551738,36.28415569,0.10087932,1.38721665,-0.04682920,-0.29206041,-11.88474496,-0.14932920,1.29300390,3.35766666
ACAC,Shape,0.47507266,0.04910444,-9.98667121,-0.59870394,0.12437170,3.38388108,0.00540900,1.60730966,0.06002787,37.33364577,0.22781505,1.61234839,-0.04959834,-0.30375786,-10.26686816,-0.17871019,1.11917932,3.34616950
ACAG,Shape,0.45843537,-0.06184137,-12.07966935,-0.66938564,0.44590132,3.37751923,0.04175182,2.65129719,0.12319466,37.57663548,0.23264120,0.63831656,-0.33522507,-0.33188282,-11.26536681,-0.27424925,1.12038665,3.32358066
ACAT,Shape,0.59266217,-0.02375242,-10.70384995,-0.48821178,0.82900109,3.39686347,0.03315237,2.12658366,0.09138954,37.14732423,0.14598994,-0.36077990,-0.46929630,-0.35052658,-9.46650497,-0.20657001,1.13506907,3.31143377
ACCA,Shape,0.77212284,-0.00156530,-11.70002124,-0.53508113,0.66490928,3.39097716,-0.09787455,1.17906087,0.07116563,37.45481231,0.12705339,-0.68509753,-0.33997497,-0.23546879,-7.59899000,-0.09246283,1.14226828,3.31845841
ACCC,Shape,0.66721513,-0.13124980,-14.24279225,-0.60917776,0.60398493,3.41040554,-0.07704764,1.83685660,0.15678425,38.16124567,0.15697024,-0.62476446,-0.21898218,-0.17559380,-6.77935858,-0.17568421,0.92393000,3.32637613
ACCG,Shape,0.37359803,-0.31460193,-14.72027539,-0.52195900,0.74635132,3.40899161,-0.05337260,3.17153861,0.31023250,37.96258686,0.12819855,-1.73324822,-0.40651900,-0.25870359,-8.90271323,-0.22370932,0.73019218,3.32628109
ACCT,Shape,0.36967886,-0.25923535,-13.17998746,-0.37511441,0.91940353,3.41003937,-0.01731048,3.31155662,0.26802603,37.37747207,0.00653391,-2.66900435,-0.47616811,-0.17836572,-9.11376393,-0.22571929,1.00235468,3.34102458
ACGA,Shape,0.43106299,-0.25879293,-11.45519617,-0.36440416,0.69007080,3.39721131,-0.17238856,2.28947307,0.19260701,36.94965174,-0.08021784,-2.77700653,-0.29156867,-0.13976264,-7.32423802,-0.16898291,1.22784350,3.33846086
ACGC,Shape,0.19188030,-0.33994777,-12.76143777,-0.46357316,0.55977669,3.37099906,-0.19922647,4.20379044,0.37298200,37.37386221,0.04406737,-1.64910679,-0.02379440,-0.07482510,-7.84735845,-0.20342926,0.90720410,3.32425399
ACGG,Shape,0.00457611,-0.49838665,-13.26821453,-0.40563367,0.86280606,3.39210625,0.05142782,6.03813083,0.40941403,37.07353658,-0.00249241,-2.00935247,-0.14257075,-0.14657657,-9.54465373,-0.25791232,1.11414423,3.34055209
ACGT,Shape,-0.05296347,-0.30110361,-10.09166151,-0.35466511,0.96066335,3.39748704,0.19245154,5.40004387,0.28136004,36.48495691,-0.19421547,-2.18825999,-0.24760104,-0.19116699,-10.52157972,-0.26773585,1.19335704,3.34702912
ACTA,Shape,0.05547195,-0.20488955,-9.80907134,-0.47936670,0.46057337,3.36911439,0.05074322,4.56962482,0.14843664,35.32643020,-0.15876073,-1.28559499,-0.12142401,-0.13198682,-8.45997088,-0.12571423,1.55526668,3.36669575
ACTC,Shape,-0.04951908,-0.35492451,-11.58164542,-0.56773749,0.15344060,3.38050676,0.16316068,5.54826776,0.19235696,35.67604334,-0.03220699,-0.55522659,0.04301154,-0.15386360,-8.26118193,-0.14009477,1.36981416,3.32839718
ACTG,Shape,-0.30975825,-0.28799932,-13.10598282,-0.59157205,0.57523360,3.40753395,0.39070833,6.27649424,0.22655114,36.01518979,-0.01325804,-0.70613012,-0.20987808,-0.24720038,-9.74408458,-0.21483805,1.19791140,3.33973176
ACTT,Shape,-0.07386892,-0.19663286,-9.55485353,-0.44504307,0.77515756,3.40068047,0.36054469,5.30249005,0.06027958,34.65461683,-0.06578066,-1.66790669,-0.28375818,-0.27756178,-9.10105439,-0.08047583,1.42009513,3.35112590
AGAA,Shape,0.21047657,-0.18685614,-11.59373896,-0.52079899,0.46908785,3.41823330,0.33898339,3.66638651,-0.00400012,34.73747348,-0.12498844,-1.32964610,-0.22641929,-0.17095991,-6.04908381,0.06028021,1.86608760,3.35547345
AGAC,Shape,0.08434986,-0.27742359,-13.66278838,-0.68267566,0.62697224,3.42034037,0.36098738,3.43522855,-0.08917811,35.92380412,-0.00303457,-0.32152748,-0.17355958,-0.18507258,-6.47792825,0.09566016,1.54579794,3.33858695
AGAG,Shape,-0.06666050,-0.41137460,-15.26077941,-0.64778123,0.90870523,3.44323237,0.48767130,3.80406341,-0.01531339,35.84909822,0.01408983,-0.73606995,-0.30163245,-0.21209058,-7.00618932,0.01733643,1.07192672,3.29474157
AGAT,Shape,0.14302731,-0.31263867,-14.13590942,-0.47994266,1.38804282,3.43067366,0.42674407,3.49124922,-0.03393470,35.45946275,-0.04898437,-1.99241598,-0.41932401,-0.20822643,-5.38638944,0.08887770,1.14237734,3.29979191
AGCA,Shape,0.07527325,-0.23581202,-14.56649196,-0.44723739,1.24806183,3.42967584,0.14464438,2.27553677,-0.15347135,35.83543953,-0.09792651,-1.88193706,-0.16235615,-0.09072875,-2.21476538,0.11193348,1.38845040,3.31636998
AGCC,Shape,0.09122782,-0.49614683,-16.35386937,-0.57516549,1.24467579,3.44021516,0.08799923,1.78900623,0.02178701,36.43731824,-0.00216816,-1.60957743,-0.17294416,-0.03151766,-2.12388494,0.08625139,0.85872535,3.29299608
AGCG,Shape,-0.27477167,-0.49251836,-17.19673495,-0.38404257,1.50772199,3.44292267,0.17018595,3.19403835,0.10548759,36.54784182,-0.04297236,-3.05495409,-0.21234116,-0.05402533,-4.41254432,-0.12821815,0.71675279,3.27305560
AGCT,Shape,-0.26640283,-0.49593130,-14.13938972,-0.18806368,1.64501166,3.42476844,0.11924222,2.94177107,0.08798866,35.77999369,-0.16081584,-2.87557668,-0.31345717,-0.07389381,-4.02114358,-0.09502978,0.99766664,3.33201888
AGGA,Shape,-0.11039813,-0.43805518,-13.35610311,-0.18861807,1.51482589,3.41881897,-0.03933061,1.90956214,0.01906434,35.09316295,-0.23984552,-2.22602351,-0.13854034,0.08444454,-3.17332872,0.00985215,1.04100834,3.32597378
AGGC,Shape,-0.36479674,-0.58315596,-15.20592044,-0.21533765,1.24124903,3.42370845,0.05297320,2.59988688,0.13661945,35.69510196,-0.14671517,-1.23107249,0.20016107,0.13411933,-2.79511893,-0.08415759,0.91210013,3.32410428
AGGG,Shape,-0.69629990,-0.69254671,-12.18926683,-0.20182153,1.53333898,3.41569501,0.23924906,4.07699592,0.18044015,35.44471419,-0.17336628,-1.28353395,0.20374041,0.03741003,-6.68855423,-0.21211809,0.69200665,3.31275201
AGGT,Shape,-0.64588708,-0.49161166,-9.30367145,-0.00205633,1.47653435,3.42444871,0.16758288,3.19880406,0.06902385,35.05632220,-0.27408012,-1.59531373,0.02418100,0.02884386,-6.23399791,-0.12840528,0.80735257,3.33559642
AGTA,Shape,-0.45405132,-0.37330548,-8.76955734,-0.13132857,1.13406279,3.43767603,0.13659054,2.87180695,-0.08584300,34.04440088,-0.21329789,-0.10787603,0.24373519,0.08600631,-4.46713775,-0.05799085,1.10814014,3.32641650
AGTC,Shape,-0.61465199,-0.47373865,-9.62068534,-0.27422445,1.08626227,3.40377033,0.08608132,3.15250034,-0.04124681,34.28964056,-0.13965686,0.55960505,0.42918066,0.06058469,-5.11129278,-0.13651042,0.86618581,3.31123527
AGTG,Shape,-0.64535611,-0.47007641,-10.55414471,-0.26198292,1.31299702,3.42023761,0.30766592,4.74963261,-0.04872472,34.47932377,-0.06615304,0.95120712,0.24949645,-0.00968171,-8.34429407,-0.20482789,0.89038745,3.32505016
AGTT,Shape,-0.45137825,-0.25522366,-7.84618906,-0.11596560,1.55247265,3.41939796,0.28526011,3.32148084,-0.23385167,33.84317381,-0.15854871,0.17667064,-0.00428943,-0.08978849,-7.08331667,-0.13898237,0.94157122,3.29347952
ATAA,Shape,-0.23320346,-0.21500177,-7.10073192,-0.24815944,1.36099991,3.41534879,0.10496508,1.17848728,-0.38214687,33.40915486,-0.05214972,0.76310319,0.24975548,0.04851218,-4.99470513,0.02152996,1.15874145,3.31088184
ATAC,Shape,-0.24475448,-0.34214775,-10.23055329,-0.35108878,1.00246825,3.44052531,0.16097818,1.12438060,-0.32471030,34.46380276,0.07175780,1.41036208,0.25391996,-0.01130748,-4.58438635,-0.05478726,0.79372958,3.26923402
ATAG,Shape,-0.40061246,-0.34891514,-12.65026302,-0.33255421,1.40712349,3.43725596,0.25209062,2.14346222,-0.19724086,35.56492401,0.03528260,0.79074504,0.13346727,-0.07747780,-4.95198162,-0.15251977,0.47839226,3.29868125
ATAT,Shape,-0.22096625,-0.20158111,-11.55448331,-0.10088646,1.74505539,3.43038757,0.15084692,1.03134863,-0.37766849,34.50910224,-0.00451722,-0.52546362,-0.07854619,-0.07715592,-4.84009396,-0.13277119,0.63708677,3.28583105
ATCA,Shape,0.06225265,-0.23163546,-10.44713239,-0.08289389,1.69925642,3.41837600,-0.08057665,-0.95642435,-0.33529279,34.77974892,0.00596138,0.21625653,0.13557907,0.05453029,-3.35249432,-0.09867966,0.57324404,3.27601084
ATCC,Shape,-0.10027555,-0.31686646,-11.33154159,-0.20674375,1.38342676,3.42051118,-0.18023148,-0.79225189,-0.24289610,36.08461124,0.05324065,0.59218842,0.26989779,0.13459177,-3.27513206,-0.05931512,0.20558639,3.25892153
ATCG,Shape,-0.34109266,-0.36513046,-11.81976336,-0.03347483,1.84764621,3.43677898,-0.07191173,-0.23231329,-0.06724117,36.57964333,0.07378926,-0.26988420,0.10218357,0.05884161,-4.56773544,-0.27922134,0.09450173,3.27780125
ATCT,Shape,-0.26902769,-0.32899121,-8.73336903,0.11869238,2.07186641,3.41605899,-0.16106299,-0.17495624,-0.12958267,35.33315990,-0.03737199,-1.02250883,0.11975311,0.04651709,-5.15069612,-0.39646179,0.16438483,3.31881394
ATGA,Shape,-0.11323564,-0.32924469,-7.27233797,0.17653478,1.68882603,3.41210149,-0.30349386,-0.87880286,-0.20562488,35.64015406,-0.08656219,-0.58064015,0.26184220,0.19640109,-4.70606906,-0.26868494,0.20375986,3.30879360
ATGC,Shape,-0.50068955,-0.42563600,-9.21263387,0.01403763,1.49234552,3.38500793,-0.38170508,-0.20415751,-0.06989625,35.74295035,0.00927411,1.43557030,0.44609974,0.19942221,-6.20340692,-0.40850514,0.25064988,3.27811166
ATGG,Shape,-0.51719642,-0.38815575,-7.33393280,0.02443864,1.67277543,3.40201747,-0.16192946,2.12246365,-0.07019064,36.27396776,0.01869825,0.81208562,0.36350746,0.07097832,-8.72635221,-0.59706758,-0.05708878,3.27339549
ATGT,Shape,-0.38664336,-0.19811271,-3.70820348,0.25105272,1.61047071,3.40435780,-0.12869051,0.63500916,-0.07616340,35.12971034,-0.08359127,0.52743934,0.32517101,0.02039183,-9.56651329,-0.48796448,0.37945824,3.34543815
ATTA,Shape,-0.33619640,-0.11508997,-3.10199363,0.10511945,1.34540228,3.38970737,-0.19999071,0.39276727,-0.17103259,34.56508370,-0.06799832,1.06386104,0.45566556,0.02750781,-7.96881963,-0.36882805,0.66607215,3.30872669
ATTC,Shape,-0.33957261,-0.14549665,-4.85148451,-0.10416889,1.00982147,3.37215085,-0.16285823,1.12218971,-0.20138914,35.42150625,0.11040389,2.45333702,0.64033862,0.04384665,-9.54247000,-0.38980988,0.47805300,3.28681602
ATTG,Shape,-0.47140840,-0.16125488,-5.30678502,-0.09727910,1.06417972,3.39043172,-0.02642599,2.05343256,-0.06304963,35.65181343,0.08405226,3.01810325,0.40637616,-0.04416559,-11.24473682,-0.43924693,0.32696039,3.30145618
ATTT,Shape,-0.08980814,0.02519172,-2.70240635,-0.07138307,1.20424421,3.40655964,-0.05420425,1.71168188,-0.21564735,34.80973018,0.07827269,1.96346348,0.19404849,-0.18058250,-10.85255064,-0.41928526,0.60258946,3.31472396
CAAA,Shape,0.03547419,0.07797736,-3.89114135,-0.13333207,0.90837535,3.37513082,-0.25136970,-0.85086914,-0.30123597,35.54949748,0.15014231,2.60051576,0.36448177,-0.13818743,-10.05742151,-0.25965909,0.75257036,3.32658020
CAAC,Shape,0.07353488,-0.00522797,-5.86705591,-0.33748409,0.89163533,3.39086608,-0.17732333,-0.54674974,-0.27459793,35.98843008,0.26771605,3.85157241,0.34542412,-0.09669684,-9.35237991,-0.26607714,0.43309594,3.29159184
CAAG,Shape,0.12741507,-0.08496092,-5.97783263,-0.21765997,0.99492390,3.41021132,-0.00487689,0.41490452,-0.10762000,36.98713218,0.22570125,3.20833123,0.16417712,-0.24593816,-9.74910332,-0.36115376,0.35465917,3.28057526
CAAT,Shape,0.40580104,-0.00781826,-6.61384704,-0.12851158,1.24190853,3.42162921,-0.05363668,-0.37483792,-0.15872190,36.32951965,0.19072854,1.51399794,-0.05639950,-0.17496471,-10.02480608,-0.31986045,0.35559219,3.30770039
CACA,Shape,0.42343310,0.04221061,-8.18613637,-0.25550922,1.23010419,3.39328165,-0.46041576,-1.75896614,-0.20455850,36.15306031,0.20077199,1.46029817,0.06418289,-0.14847455,-7.53719416,-0.25444188,0.42614955,3.29420622
CACC,Shape,0.37940622,-0.12609775,-9.75133889,-0.34908518,0.93636993,3.38244401,-0.42923446,-1.33410399,-0.08932522,37.29836098,0.26988706,1.82683368,0.11228881,-0.08465249,-7.14395680,-0.30462200,0.32588343,3.30078388
CACG,Shape,0.24956296,-0.20272588,-9.33247953,-0.22527002,1.26585936,3.39389529,-0.31665404,0.64839568,0.11845293,37.96138469,0.25830854,0.85723999,-0.04894872,-0.13262522,-10.06310821,-0.53613363,-0.04438308,3.30050311
CACT,Shape,0.30766608,-0.06892160,-6.50850825,-0.11429279,1.48973036,3.38151996,-0.38860942,-0.17346745,0.11388624,37.53404942,0.13835056,0.45756330,-0.07595819,-0.11013333,-10.14045634,-0.53393901,0.11033403,3.32693568
CAGA,Shape,0.53747174,-0.07245059,-6.05343015,-0.07890809,1.10370546,3.36741722,-0.48259642,-0.47839404,0.06061434,37.50874880,0.10185085,-0.21263887,0.08854789,-0.04251933,-9.48606005,-0.35693406,0.45338229,3.31606089
CAGC,Shape,0.14374873,-0.07311127,-8.75211474,-0.19273593,0.78650179,3.36354022,-0.46705907,1.40449828,0.20733201,37.63466202,0.16259848,1.04656763,0.23271994,-0.07913280,-9.46705593,-0.48280362,0.35069760,3.31192713
CAGG,Shape,0.02075269,-0.17425644,-8.07837497,-0.17475016,0.92819195,3.37058185,-0.30957814,3.22188526,0.24695368,37.56466996,0.15484904,0.18602850,0.17405152,-0.17515041,-12.79226589,-0.56433308,0.32017486,3.32601336
CAGT,Shape,0.06548668,-0.09590330,-4.10304316,-0.07427360,0.95322870,3.35703836,-0.23283817,2.98319438,0.18802113,36.42432757,0.06654088,-0.24295371,-0.04281224,-0.18612557,-13.35376902,-0.52837822,0.84987789,3.34281825
CATA,Shape,0.37219708,0.03556290,-5.25023414,-0.14602578,0.37106462,3.35220410,-0.37903117,1.73909924,0.10357537,36.26962947,0.00062424,0.98862666,0.17459301,-0.19979144,-13.10437118,-0.41797223,0.94966394,3.32456089
CATC,Shape,0.15727636,-0.04569123,-6.16847360,-0.30837721,0.06879448,3.32817155,-0.26774487,2.50835869,0.15487655,36.88813823,0.20162810,2.10856221,0.19197470,-0.17559726,-11.94427887,-0.42750856,1.03635648,3.32201579
CATG,Shape,0.03722389,-0.09001198,-7.31951626,-0.32869625,0.44884695,3.38101259,-0.05120923,3.62710980,0.29647446,36.46214118,0.15239256,1.76427951,0.03391351,-0.31234162,-14.01520279,-0.44656482,0.94182798,3.32944680
CATT,Shape,0.20152452,0.10657228,-5.27167667,-0.33371978,0.52198013,3.37597810,0.08385280,2.94577927,0.09401232,36.67721220,0.12619317,0.69074902,-0.11319372,-0.33419925,-14.19440961,-0.35126230,1.26698709,3.33088910
CCAA,Shape,0.66079039,0.09156463,-6.38791842,-0.42873464,0.08878368,3.37851177,-0.14497697,1.92594151,-0.03889186,36.55497618,0.09922209,0.86498064,-0.09610749,-0.26774373,-10.65003184,-0.17873868,1.32956304,3.36256619
CCAC,Shape,0.53455260,-0.10728239,-9.78700352,-0.66468066,0.02129050,3.36384867,-0.05700276,2.75306805,0.09105475,37.73312610,0.23083851,1.47847532,-0.11817477,-0.34245008,-11.75432606,-0.18485437,1.08736974,3.32969362
CCAG,Shape,0.44618368,-0.04169961,-11.02182158,-0.59910578,0.46058525,3.39463342,0.12710136,3.15836955,0.10904739,37.46384836,0.21371255,0.63319974,-0.25470421,-0.34862760,-11.57297763,-0.21819750,0.88481667,3.33061741
CCAT,Shape,0.67292318,-0.03315037,-11.11047961,-0.53018971,0.67815747,3.40949169,0.05733392,2.10292155,0.10159076,37.27467080,0.17816435,-0.31789412,-0.46304172,-0.34982328,-11.19610772,-0.14839843,1.07018573,3.32396403
CCCA,Shape,0.79162086,0.02605844,-11.36075272,-0.50973549,0.72130038,3.40402757,-0.07783265,0.96954836,0.07953905,37.25391606,0.15819841,-0.33025933,-0.32701033,-0.27237728,-6.32099311,-0.02157689,1.22021342,3.32908097
CCCC,Shape,0.53611108,-0.22306399,-14.41154707,-0.67337611,0.58277342,3.37034414,-0.17577530,1.43203217,0.16960515,37.74080875,0.18801024,-0.31711959,-0.21682555,-0.20707735,-8.48821734,-0.17361584,1.01307177,3.32060677
CCCG,Shape,0.29287722,-0.34955045,-14.51601516,-0.56421109,0.90060435,3.40780198,-0.00620986,3.62723786,0.30362222,38.10115713,0.13279295,-1.52352777,-0.40220486,-0.26535838,-9.43630115,-0.27363970,0.53705554,3.33224690
CCCT,Shape,0.35198059,-0.20016758,-11.71019839,-0.35733807,0.96756477,3.39725151,-0.00095157,2.39627188,0.24018751,37.27866333,0.01054962,-2.83877221,-0.50243627,-0.23632975,-8.99377990,-0.21072791,0.98854648,3.33031537
CCGA,Shape,0.52423767,-0.29260056,-12.29299855,-0.35138179,0.91298526,3.37286643,-0.07125249,2.70590903,0.23490225,37.17840240,-0.06499712,-2.16078641,-0.26262360,-0.11187254,-6.54140019,-0.15611484,1.14343450,3.36070386
CCGC,Shape,0.07182592,-0.37665422,-14.20406509,-0.52100113,0.79013778,3.37980628,-0.10504098,3.17979404,0.30800175,37.51165475,-0.01469860,-1.44372481,-0.05943645,-0.05094592,-7.13563480,-0.32231035,0.99121287,3.32614086
CCGG,Shape,-0.14731134,-0.38005733,-13.54716554,-0.42320207,0.65927120,3.38218913,0.12530609,4.93253156,0.46723797,37.57545025,-0.05832280,-2.23178474,-0.15165587,-0.12892504,-9.75975614,-0.31919967,0.84681122,3.34718026
CCGT,Shape,-0.05606089,-0.31015214,-10.51745707,-0.28311261,0.97354918,3.38740949,0.12037401,4.72865293,0.31671260,36.07160849,-0.12592202,-1.84779793,-0.28620809,-0.20573800,-10.29600365,-0.25803900,1.29279812,3.35049565
CCTA,Shape,0.08356261,-0.25071211,-9.51780196,-0.36329380,0.65099390,3.37174852,0.05894612,4.84468167,0.16611500,35.22887021,-0.14496435,-1.52093541,-0.16361527,-0.15641108,-7.48048955,-0.13892133,1.39813862,3.34537580
CCTC,Shape,-0.07513693,-0.32195548,-12.54133296,-0.56948747,0.36519713,3.38272984,0.21354282,5.06546795,0.15516147,36.04744445,-0.08358029,-0.44633239,-0.02171756,-0.11060418,-9.07025757,-0.14152213,1.54161087,3.35580611
CCTG,Shape,-0.33151647,-0.31139657,-11.52255822,-0.52923250,0.49329981,3.40054057,0.37822926,7.02618503,0.29659191,36.05870374,-0.03328157,-0.83471858,-0.17026441,-0.30431896,-10.22110040,-0.19390922,1.26069541,3.34140733
CCTT,Shape,-0.16016651,-0.24494922,-10.34838848,-0.46375584,0.61968012,3.41088198,0.46300411,4.85684049,0.12580334,35.36059402,-0.09218293,-1.59141600,-0.23881153,-0.31258958,-8.74126733,-0.01375548,1.55707849,3.33267274
CGAA,Shape,0.15725937,-0.14510777,-11.44869412,-0.49604063,0.51680921,3.39639608,0.31342402,3.32778690,-0.03004282,35.28935716,-0.04196755,-0.61265347,-0.19206140,-0.18759413,-7.39163747,0.12089789,1.69090674,3.32250042
CGAC,Shape,0.12234269,-0.26399791,-15.22031465,-0.67209948,0.59937841,3.40441357,0.39020163,3.90865985,0.01178412,35.63783931,0.01470054,-0.47481135,-0.09860074,-0.11672712,-6.35592787,0.08918010,1.47206689,3.32512950
CGAG,Shape,-0.02672802,-0.27215525,-15.16222219,-0.68214566,0.98659584,3.43496839,0.52496680,4.42206760,0.07027465,36.36374643,0.04070823,-0.87563072,-0.31277819,-0.24852860,-6.27420249,0.04414645,1.04250242,3.29723211
CGAT,Shape,0.11576009,-0.30439303,-13.48729445,-0.56173602,1.37903846,3.45462103,0.32323660,3.14467575,-0.03943051,35.42550373,-0.00743202,-1.93435092,-0.35460460,-0.21756170,-5.35329442,0.09423531,1.30267833,3.32039814
CGCA,Shape,0.22593365,-0.33451444,-15.54167981,-0.48566592,1.30811414,3.42737448,0.25553042,1.11451187,-0.01700689,35.61685024,-0.07548587,-1.48405629,-0.30917504,-0.12102461,-3.41571786,0.11352929,1.30060772,3.30363355
CGCC,Shape,0.04754343,-0.43748515,-16.17699739,-0.50637336,1.24665014,3.43903911,0.13638348,2.68331953,0.03379286,36.49773583,-0.01744835,-1.32935580,-0.14784581,-0.02168815,-2.38405823,0.01694264,1.06591108,3.30456455
CGCG,Shape,-0.23179309,-0.57322060,-15.69012106,-0.41099054,1.43590386,3.43258597,0.23022943,3.41803918,0.07956024,36.51035114,-0.03753685,-2.20743051,-0.26394166,-0.05425637,-3.15274027,-0.12590788,0.70383975,3.29093735
CGCT,Shape,-0.11725324,-0.48258647,-13.71118159,-0.18178349,1.62132251,3.42045265,0.15675284,2.99986829,0.04554493,35.77749412,-0.18659428,-3.29531728,-0.24871342,-0.05243709,-4.08838636,-0.05832410,0.81964885,3.31189993
CGGA,Shape,-0.17465171,-0.46909029,-12.77172644,-0.21548695,1.55760836,3.42299455,0.03292804,1.84176648,-0.08670971,34.92436596,-0.20449532,-2.36472430,-0.00032604,0.08927545,-2.02788979,-0.03304165,0.82125690,3.33983686
CGGC,Shape,-0.39877504,-0.54267407,-12.72843440,-0.31670828,1.35520907,3.39438480,-0.04801963,3.09699441,0.11533801,35.46780325,-0.15996480,-1.19593131,0.18465434,0.12009899,-3.15707876,-0.08135810,0.75885988,3.33260759
CGGG,Shape,-0.67626066,-0.63549953,-12.23038762,-0.14903069,1.46272621,3.42074011,0.13426197,4.00841101,0.17692541,35.53229843,-0.19050066,-1.69196104,0.17227769,0.05973241,-6.19855438,-0.22850936,0.80990531,3.30460677
CGGT,Shape,-0.54870116,-0.47431828,-10.18965907,-0.03242463,1.42712851,3.43202341,0.16146080,3.91497228,0.08974498,34.16988257,-0.23888743,-1.74858470,0.04673735,0.00904482,-5.59680784,-0.20674689,0.90841632,3.31812141
CGTA,Shape,-0.44214049,-0.47201626,-8.76675544,-0.07327372,1.23228887,3.40246939,0.11168801,2.81671129,-0.02720001,33.71214661,-0.25070864,-0.98189030,0.27256423,0.04708065,-4.55334339,-0.13595222,1.13353387,3.30280438
CGTC,Shape,-0.45848507,-0.46434857,-10.41304160,-0.29634768,0.87987670,3.40246912,0.19089438,3.70185771,-0.10581658,34.95716906,-0.15362294,-0.04262472,0.46078714,0.07892284,-5.00503853,-0.13310776,1.00058685,3.31286797
CGTG,Shape,-0.63977271,-0.36626142,-10.07081288,-0.21729739,1.21786623,3.45044237,0.35877232,3.80841480,-0.04850941,34.55529260,-0.10520339,0.15581531,0.26003590,-0.01175189,-7.68004388,-0.11401843,0.93432488,3.31549179
CGTT,Shape,-0.40641850,-0.29294056,-9.22067986,-0.15453357,1.31383958,3.43366117,0.35081101,2.84981875,-0.17456461,33.63282943,-0.14434604,0.17947178,0.10890856,-0.09848337,-7.17413025,-0.13194976,0.90309169,3.29681891
CTAA,Shape,-0.36720263,-0.21687600,-7.68177072,-0.18529088,1.24106942,3.42575471,0.15472530,1.69029218,-0.30640352,33.49219029,-0.08339053,1.00355642,0.19131050,0.02028425,-4.75711056,-0.01208150,1.29836795,3.29316853
CTAC,Shape,-0.33187147,-0.32494263,-11.20039481,-0.37387128,1.17927706,3.43140528,0.07426994,1.19812501,-0.29735812,34.99221937,0.05724463,1.66490247,0.23799680,0.02157519,-4.26434822,-0.03184331,0.88399828,3.29224831
CTAG,Shape,-0.42479771,-0.30341296,-11.21680189,-0.31349879,1.48832668,3.43709827,0.26814137,1.50752676,-0.18370980,34.52273477,0.10123847,0.83654620,0.10744699,-0.06930126,-5.94544344,-0.07837894,0.59570377,3.27363767
CTAT,Shape,-0.13344898,-0.22616001,-9.63691814,-0.16035767,1.93025039,3.44292667,0.17782703,0.35497843,-0.27182260,34.75463689,-0.03992300,-0.39662472,0.03994698,-0.06361509,-5.25924545,-0.09532986,0.59476380,3.29062569
CTCA,Shape,-0.10953244,-0.25730781,-9.30173285,-0.10350232,1.59656509,3.43349153,-0.03784485,-0.69231491,-0.29062173,35.05586463,-0.00517289,0.20220765,0.11684805,0.03619756,-2.07221568,-0.07373631,0.77606669,3.30901534
CTCC,Shape,-0.06475794,-0.32649006,-12.14579679,-0.21384340,1.38188210,3.39114097,-0.06393695,-0.99221213,-0.21488935,35.68762941,0.03513596,0.79408649,0.22004951,0.08259479,-3.32683427,-0.16543842,0.23864530,3.28610857
CTCG,Shape,-0.26418393,-0.41074847,-12.01355272,-0.11999588,1.94061520,3.44395201,-0.07367070,0.44522964,-0.10049037,36.32478370,0.06224273,-0.39891258,0.10168584,0.07620844,-5.16199684,-0.31183637,0.08117384,3.28846959
CTCT,Shape,-0.30018343,-0.30301656,-8.28326910,0.06169546,2.18127984,3.41159067,-0.14132271,0.66133068,-0.15334006,35.30767601,-0.03706511,-0.58144639,0.04242938,0.07535365,-5.48116337,-0.31588368,0.17744914,3.31781823
CTGA,Shape,-0.18569779,-0.31166935,-6.79436942,0.06085121,1.91901687,3.39002398,-0.42546364,-0.68697561,-0.19040947,35.26514305,-0.07927981,-0.42990970,0.41253787,0.13751772,-4.44924201,-0.24463416,0.22209511,3.30570519
CTGC,Shape,-0.39912622,-0.31621134,-8.87339890,0.06310250,1.50983845,3.39674998,-0.29636873,-0.23516777,-0.09626228,35.81857367,-0.01359608,1.14768691,0.45063974,0.16815563,-6.02085536,-0.29641929,0.14313070,3.30512300
CTGG,Shape,-0.55600615,-0.37245538,-6.63969072,0.01564201,1.61169524,3.39750565,-0.17436147,1.05338409,0.00125904,35.85704975,-0.02551615,1.05722949,0.41574124,0.07033431,-8.87036743,-0.46873449,0.12018195,3.29863043
CTGT,Shape,-0.37766720,-0.23403874,-4.02615252,0.16677882,1.61940959,3.38259414,-0.18783480,1.34939733,-0.06614697,35.02117820,-0.11465413,0.72158805,0.32536482,0.03753833,-9.00849726,-0.45391972,0.33909189,3.30228853
CTTA,Shape,-0.11499180,-0.14345256,-3.70183925,0.13263272,1.12123736,3.38442645,-0.24017050,-0.01443794,-0.16969518,34.61816057,-0.03386356,1.77702545,0.49977735,0.09722718,-8.57432617,-0.37329125,0.59086747,3.33500956
CTTC,Shape,-0.35510055,-0.17401170,-4.17395711,-0.02445262,0.85931323,3.36315216,-0.26245466,0.38731294,-0.08600367,35.49110289,0.11808914,2.99649780,0.56394853,0.02495650,-9.64439230,-0.43495503,0.50019390,3.28776486
CTTG,Shape,-0.36751227,-0.11437807,-5.43673315,-0.07899152,1.07417133,3.38361714,-0.06068887,1.60807260,-0.05307492,35.42887192,0.08138697,2.36545930,0.42503782,-0.08009025,-10.79996421,-0.45426228,0.32524768,3.30081614
CTTT,Shape,-0.12591633,0.00469370,-2.40254971,0.01544345,1.11374440,3.38199258,0.07361354,0.69504481,-0.18735645,34.82804724,0.11060514,1.72056568,0.32269847,-0.15513257,-12.11518576,-0.33991529,0.53964749,3.29380508
GAAA,Shape,0.26311981,0.13375765,-3.93347489,-0.09994858,1.12895602,3.38028724,-0.12666852,-0.04753981,-0.34760200,34.93986933,0.12077102,2.85679854,0.26291670,-0.09268676,-8.82555235,-0.22484673,0.78950489,3.29766930
GAAC,Shape,0.17293402,0.02739833,-6.37989290,-0.26341586,0.62634632,3.39312116,-0.13162036,-0.81579825,-0.20155079,35.97127853,0.21523022,3.42946681,0.34644773,-0.06704777,-8.93759176,-0.29052627,0.44860023,3.27851993
GAAG,Shape,0.16695330,0.01003378,-8.26037725,-0.26941953,1.00029568,3.40510356,-0.03574621,0.93376736,-0.08626738,36.31731342,0.28471423,2.06810993,0.11391944,-0.21127108,-11.18267142,-0.35305903,0.33382495,3.28615343
GAAT,Shape,0.27175646,0.07808916,-6.67245908,-0.09285444,1.41726020,3.41241127,-0.10135475,-0.70958419,-0.22551286,35.95938983,0.21751177,0.67453915,-0.01632793,-0.25944426,-10.04006935,-0.33779994,0.46685311,3.30524140
GACA,Shape,0.54137898,0.05729524,-6.24240374,-0.18795409,1.10582269,3.40439531,-0.32837142,-1.59405790,-0.24319534,36.23886158,0.21380134,1.58810854,-0.00179543,-0.11778859,-7.75234092,-0.25990473,0.59536010,3.31969901
GACC,Shape,0.36046227,-0.15496041,-9.38320485,-0.23901257,0.89919678,3.38378080,-0.28234240,-0.83388178,-0.08724882,37.60791079,0.26878332,2.44775900,0.13843606,-0.10720012,-7.01860239,-0.35312319,0.29594868,3.27382796
GACG,Shape,0.32017860,-0.15746249,-9.53561078,-0.24383928,1.09631897,3.38394319,-0.30247686,0.32538465,0.05435621,37.79694886,0.28355983,1.20531596,-0.04838705,-0.08991100,-9.28990216,-0.48507006,-0.00375012,3.30121616
GACT,Shape,0.38367745,-0.06467258,-7.40247199,-0.01040924,1.32030850,3.38663252,-0.30250325,0.44679501,0.05923662,37.24281195,0.11800855,-0.24628693,-0.16900636,-0.15681332,-10.10887539,-0.48008249,0.27405393,3.31039157
GAGA,Shape,0.42372467,-0.06273155,-6.43295106,-0.11941641,1.24277141,3.38935362,-0.50114475,-0.64450705,0.01308644,37.74623536,0.11369562,0.25065278,0.01815742,-0.05976456,-9.29125996,-0.37967469,0.36677581,3.31718436
GAGC,Shape,0.18807425,-0.15798826,-9.12010549,-0.24429280,0.81746502,3.35873445,-0.48490852,0.05067556,0.18568282,37.85665067,0.17144655,0.22642501,0.18024606,-0.02863737,-10.58067382,-0.49446642,0.38834664,3.31885168
GAGG,Shape,0.02856067,-0.22458307,-8.27439492,-0.12801116,0.89143413,3.37074321,-0.40096693,2.50665359,0.22471179,37.55329154,0.10777951,0.47552289,0.07812368,-0.13036162,-12.67017013,-0.60421169,0.27931940,3.32509113
GAGT,Shape,0.08630128,-0.08680573,-4.95809793,-0.08339060,0.83284293,3.36814106,-0.32263245,2.04478497,0.17805738,36.53915984,-0.00961523,0.46877476,0.02687195,-0.20167265,-13.88142747,-0.49662057,0.79286889,3.33606632
GATA,Shape,0.23200397,-0.02637137,-5.09537014,-0.14681271,0.60180182,3.35879669,-0.22757252,1.82036982,0.07210929,36.58244705,0.00386103,1.13268073,0.21354341,-0.14994264,-11.98264471,-0.37771985,0.94089243,3.34245719
GATC,Shape,0.18745190,-0.00950775,-7.24296867,-0.39697111,0.20669828,3.35846247,-0.14891109,3.13585466,0.11467962,36.59961716,0.13779077,1.30408198,0.17551006,-0.14598707,-12.53599786,-0.36853070,0.94216693,3.35831985
GATG,Shape,0.20734685,-0.05962527,-7.22628546,-0.32348697,0.23440346,3.37106608,-0.02846658,3.85961111,0.23197228,37.26183092,0.17345647,2.02911700,0.06896671,-0.29998722,-14.19360874,-0.47581291,0.80803059,3.32887443
GATT,Shape,0.28984761,0.04914936,-5.81403162,-0.33332003,0.44287102,3.38029377,0.04000219,3.12012689,0.07960283,36.47647111,0.06265774,0.95971563,-0.12862676,-0.30879172,-13.35618803,-0.28563583,1.20089372,3.33974689
GCAA,Shape,0.52652891,0.07152977,-6.94512127,-0.49893906,0.30980347,3.36608439,-0.03683451,1.64811456,0.00045424,36.58591941,0.12007726,1.37869686,-0.13466983,-0.28785345,-11.21155775,-0.17411731,1.39238373,3.32149621
GCAC,Shape,0.41911647,-0.00269973,-9.25382964,-0.63033614,0.26490403,3.36672351,-0.09384855,2.16945771,0.04871057,36.98365436,0.27932423,1.58455374,-0.13164233,-0.33833881,-10.37336926,-0.21674123,1.03261539,3.33442390
GCAG,Shape,0.32086919,-0.01835122,-10.90743212,-0.58066924,0.45430884,3.40035797,0.17536840,2.99462409,0.17294212,37.87089790,0.19922306,0.75504151,-0.27251609,-0.33702404,-11.64547692,-0.25089058,1.06556382,3.30948474
GCAT,Shape,0.63614929,0.00570014,-9.77900431,-0.52180942,0.82193457,3.41295989,0.01062540,1.78379914,0.10978336,36.80129254,0.16141995,-0.99394408,-0.43840945,-0.40679773,-9.90660940,-0.21824546,1.08694460,3.32401056
GCCA,Shape,0.82171545,-0.05352169,-11.55616259,-0.51577715,0.87179274,3.40317800,-0.15073348,1.33415374,0.04554951,37.17987090,0.14355322,-0.68375518,-0.39157052,-0.24519535,-7.25790325,-0.11188198,1.02410287,3.31902629
GCCC,Shape,0.57501636,-0.14821397,-14.72274709,-0.55343315,0.50016178,3.38720805,-0.27654856,1.44629118,0.12261031,38.29007515,0.20539837,-0.17446299,-0.28664767,-0.13764017,-6.48278118,-0.16142834,0.80264822,3.31828463
GCCG,Shape,0.36084626,-0.25559533,-15.57339948,-0.49651061,0.73595930,3.38771230,0.04614995,3.24988524,0.34380098,38.44394649,0.09942310,-1.64779800,-0.38700820,-0.20974702,-8.20419659,-0.23732974,0.53283090,3.30846562
GCCT,Shape,0.40694758,-0.22060426,-12.65902987,-0.35562474,1.17565494,3.40668751,-0.04102432,2.93912349,0.29796909,37.04567775,0.00757884,-2.43135077,-0.51419137,-0.25424947,-8.99780925,-0.29099377,0.73456584,3.31898380
GCGA,Shape,0.45035262,-0.22548522,-13.38190692,-0.39013632,0.89693415,3.38946899,-0.09996694,2.94270131,0.23562945,37.19086942,-0.07774734,-2.42037675,-0.26352095,-0.14008057,-7.64828857,-0.15763771,1.10096629,3.32515306
GCGC,Shape,0.06787925,-0.34237293,-14.12712762,-0.44657788,0.59405494,3.35603253,-0.18759569,3.98549052,0.33997314,37.48862044,0.03074111,-1.04621275,-0.08691191,-0.08143786,-7.24049766,-0.24404389,0.81457886,3.33065338
GCGG,Shape,-0.13901627,-0.41269019,-12.65175290,-0.45660168,0.76238144,3.39528273,0.07344420,5.29643493,0.40800523,37.20734749,-0.06257217,-1.35625933,-0.08442155,-0.12733385,-9.40845496,-0.27681050,0.96405597,3.33550698
GCGT,Shape,-0.03009750,-0.28637401,-9.35804790,-0.39549125,0.81715858,3.39789815,0.12376215,5.20510516,0.29907815,35.96598602,-0.13852579,-3.01018448,-0.29292244,-0.21520344,-10.51356099,-0.25048145,1.12872350,3.35616046
GCTA,Shape,0.02309546,-0.27589196,-9.39000414,-0.39362176,0.60763104,3.40011086,0.06408573,4.63611439,0.13667284,35.46833367,-0.16697711,-1.37612377,-0.12481867,-0.10850020,-7.79927619,-0.10056763,1.51647451,3.36990617
GCTC,Shape,-0.13824368,-0.27165864,-12.56940385,-0.57631548,0.27244030,3.36653570,0.23813753,5.57434783,0.20282442,35.77538910,-0.05109796,-0.02930303,0.02615465,-0.12576563,-8.68898804,-0.07712381,1.58002077,3.35920748
GCTG,Shape,-0.30571786,-0.33328001,-11.92254184,-0.46792604,0.57770712,3.38476198,0.45924622,6.40507298,0.23329724,36.16860977,-0.08099254,-0.73702116,-0.15450975,-0.23903224,-10.42618559,-0.20672812,1.30769100,3.32216892
GCTT,Shape,-0.07637551,-0.14303236,-10.99615778,-0.44708339,0.62014259,3.42237897,0.46131596,5.27212646,0.05533903,35.28390948,-0.10007109,-1.38524522,-0.29162243,-0.28142921,-9.42325543,-0.06727914,1.56343010,3.32658949
GGAA,Shape,0.20871073,-0.24061177,-10.81924329,-0.58000099,0.52396273,3.38636714,0.26024212,3.82192787,-0.08355908,35.21814372,-0.06309292,-0.93919480,-0.19738011,-0.16104913,-7.48741089,0.04386720,1.80681816,3.34109649
GGAC,Shape,0.02513404,-0.25937790,-14.48814077,-0.73193529,0.53845762,3.40182172,0.33136117,4.25232551,0.07004231,35.91556754,0.02598036,-0.53685209,-0.15846018,-0.20483291,-6.77212621,0.05162255,1.39743825,3.30479245
GGAG,Shape,-0.08138374,-0.32080027,-14.79426203,-0.61438514,0.84872708,3.41709507,0.47523691,3.62005676,0.08433762,35.83553453,0.06815451,-0.94083967,-0.31293085,-0.25543348,-6.98546352,0.01503642,1.19636838,3.32073399
GGAT,Shape,0.15164415,-0.30462368,-12.35843870,-0.51024356,1.32964070,3.42718879,0.39011105,3.43183005,-0.03522642,35.67099554,-0.05118988,-1.64617164,-0.41825002,-0.19683315,-6.15327320,0.05424332,1.16565441,3.32664265
GGCA,Shape,0.28364920,-0.28529257,-13.92870575,-0.50806450,1.21307476,3.40491289,0.19356852,1.50910935,-0.10414512,36.06553484,-0.05045316,-1.90921209,-0.39097800,-0.06881151,-2.80844111,0.15588942,1.23413305,3.30340284
GGCC,Shape,0.13166186,-0.43703013,-15.49270317,-0.55002171,1.10909451,3.41927936,0.13852002,2.64455228,-0.07040453,36.03677959,0.00171229,-1.04175205,-0.15072458,-0.04960072,-2.41890206,0.03897262,0.94725292,3.31273343
GGCG,Shape,-0.34262209,-0.53813721,-16.57230388,-0.41183212,1.49899759,3.44443603,0.16386160,3.02997279,0.07842029,36.57708745,-0.00629520,-1.88624759,-0.35551629,-0.07297071,-5.33414611,-0.11571968,0.67873032,3.31910019
GGCT,Shape,-0.11487410,-0.51242239,-14.11211360,-0.20775823,1.68784507,3.43887235,0.17378499,2.81208446,0.05857274,35.50919935,-0.19236732,-2.78258772,-0.19120545,-0.06049276,-4.37110687,-0.09153400,0.76572114,3.32022404
GGGA,Shape,-0.15592192,-0.47897280,-12.26657235,-0.19157951,1.38974374,3.42081517,0.07508302,1.66145485,0.05103010,35.01703162,-0.21308172,-2.59226220,-0.01179431,0.09456637,-2.18250703,-0.06516291,0.99551767,3.31698019
GGGC,Shape,-0.39874793,-0.54805083,-13.14203747,-0.21836520,1.19939794,3.40175818,-0.04286168,2.87105033,0.01583994,35.64637264,-0.15495725,-1.26611991,0.11424789,0.10982509,-4.35915959,-0.16559382,0.83823108,3.31021094
GGGG,Shape,-0.61935069,-0.56586986,-13.30253078,-0.11230762,1.37883943,3.43329834,0.17262957,4.49664984,0.12253784,35.68855631,-0.15825549,-0.92909799,0.15589676,0.08319299,-6.05110607,-0.30522556,0.72507727,3.31665420
GGGT,Shape,-0.51630754,-0.46743305,-9.60502557,-0.09304347,1.52930182,3.42558024,0.23773261,4.50420431,0.09321767,34.61501649,-0.25576833,-1.47132594,0.06634497,0.03374191,-7.04779147,-0.20689909,0.94820113,3.31318142
GGTA,Shape,-0.39325776,-0.37736704,-9.61748605,-0.00262012,1.29299460,3.41882434,0.03173058,2.43325663,-0.08033061,34.00001656,-0.22303162,-0.83674541,0.26817488,0.08371694,-5.98915910,-0.07917273,1.09492111,3.32773564
GGTC,Shape,-0.60218075,-0.42508660,-10.43891049,-0.23944261,1.11056737,3.38507512,0.13944897,3.09515609,-0.06433394,34.57261095,-0.12368194,0.24680797,0.41061334,0.08163460,-5.06816741,-0.17011128,1.06785550,3.30714541
GGTG,Shape,-0.63311224,-0.38421367,-9.44728747,-0.17649835,1.25831658,3.42507755,0.24126905,5.39266120,-0.02328599,34.07398375,-0.11247504,0.18324292,0.26147989,-0.01808004,-7.11227506,-0.21326091,0.93307176,3.29367197
GGTT,Shape,-0.51320118,-0.30635174,-7.85395007,-0.15607134,1.58710073,3.41722081,0.30328136,3.32218817,-0.21636220,33.99966488,-0.14406226,0.00325352,0.11406644,-0.05812347,-7.45108917,-0.19202271,0.96609145,3.29609562
GTAA,Shape,-0.25329132,-0.23946920,-8.47750572,-0.20002482,1.38109180,3.42687348,0.11481757,1.29969733,-0.34291893,33.81026077,-0.08162965,0.69201179,0.22965839,-0.01049913,-5.13084895,-0.02908920,0.95606218,3.31155528
GTAC,Shape,-0.26349140,-0.27662263,-11.66269708,-0.34261631,1.13186900,3.42453288,0.11485732,1.31592421,-0.25479480,34.59004075,-0.02281661,0.88191522,0.25162499,0.01798880,-3.83604505,-0.02651482,0.81761046,3.27782871
GTAG,Shape,-0.42136342,-0.36412203,-11.09404007,-0.28493187,1.63534927,3.42492184,0.22430998,0.56636046,-0.18348596,35.16829187,0.09053316,0.96924757,0.07927159,-0.04071896,-5.22587604,-0.17696505,0.61862827,3.28387652
GTAT,Shape,-0.03575790,-0.25370360,-9.07671013,-0.10594602,1.91398702,3.44623026,0.15653985,1.03664952,-0.32952955,34.61335143,-0.02531677,-0.06374787,-0.07675284,-0.06515110,-5.04652412,-0.08379605,0.66572551,3.26692676
GTCA,Shape,0.08836155,-0.21147395,-9.46648967,-0.12358966,1.66088345,3.44294673,-0.06587621,-0.96358797,-0.28608149,35.17093560,-0.00915860,0.13040343,0.00462088,0.07124222,-2.31094537,-0.05398265,0.51291093,3.28861349
GTCC,Shape,-0.00469334,-0.33314810,-11.81512215,-0.24841346,1.62317831,3.42596517,-0.24908125,-1.26020926,-0.27800169,35.62971854,0.08457588,0.52084357,0.29491380,0.10182448,-2.77100882,-0.13641757,0.38259358,3.28250528
GTCG,Shape,-0.32979828,-0.45870759,-12.30073509,-0.09419918,1.95674214,3.43421277,0.01015307,0.71248451,-0.11822507,35.83396521,0.04964961,0.82493217,0.17542445,0.03654876,-5.12369447,-0.33183341,-0.06305219,3.28517498
GTCT,Shape,-0.24504449,-0.30130397,-7.54563740,0.12743315,2.07165762,3.41423418,-0.14605499,-0.28027765,-0.02552171,35.54861143,-0.08625713,-0.51131126,0.02779584,0.05901825,-5.02612675,-0.37401008,0.24291309,3.30698891
GTGA,Shape,-0.11696199,-0.35242982,-7.67122265,0.12586859,1.88087209,3.39499904,-0.36818196,-1.18404042,-0.19641454,35.12095939,-0.06987192,-0.63628440,0.31230838,0.18893487,-4.43204406,-0.28699931,0.28871430,3.30964558
GTGC,Shape,-0.30698131,-0.35914468,-8.76839036,0.00105302,1.52223457,3.37716682,-0.35470352,0.25403015,-0.04619536,35.78404083,0.04172046,0.71600675,0.48101763,0.20931437,-5.17924846,-0.36528880,0.23200523,3.30406896
GTGG,Shape,-0.59384957,-0.44400896,-7.02190241,0.07357192,1.62921619,3.39894533,-0.15848178,1.64946782,-0.02364822,36.21041434,0.02352849,1.13990923,0.30223708,0.03765196,-8.64349832,-0.54103242,0.09966259,3.29525005
GTGT,Shape,-0.39334336,-0.27572796,-5.48137415,0.19455810,1.57881532,3.41198476,-0.20183432,1.15011274,-0.09683009,34.94685903,-0.04857682,0.65506651,0.30643946,0.02886780,-9.63969797,-0.46889463,0.33999142,3.29964208
GTTA,Shape,-0.23887322,-0.10165454,-3.42088191,0.07262145,1.28366104,3.38728427,-0.27995539,0.42060134,-0.21317364,34.63301278,-0.06309701,1.48237812,0.48414223,0.05073475,-8.69920872,-0.40313133,0.68023300,3.30236111
GTTC,Shape,-0.24631292,-0.17982695,-5.17112555,-0.11051875,0.88091336,3.37699056,-0.23630550,0.49715168,-0.14882706,35.76144022,0.06607147,2.76634459,0.66537772,0.03351192,-9.09369426,-0.42450572,0.44354277,3.29603615
GTTG,Shape,-0.45332453,-0.17393468,-4.72218747,-0.01444713,1.09307182,3.37877867,-0.01018780,1.38108811,-0.06976546,35.15014521,0.13462110,2.62462138,0.47045552,-0.09530626,-11.17802245,-0.43716819,0.36210373,3.30334698
GTTT,Shape,-0.07247169,-0.00163547,-2.20268273,-0.02434897,1.00869284,3.40551969,-0.05793271,1.43450088,-0.14777002,35.05377139,0.10710628,1.89651505,0.31046416,-0.15976999,-11.29068686,-0.39192592,0.60159537,3.32045825
TAAA,Shape,0.11889242,0.11168565,-3.35124323,-0.12115020,0.97962762,3.38755675,-0.14239352,0.13316658,-0.27540774,35.28478640,0.12437730,2.21063777,0.31231963,-0.11839039,-9.76756087,-0.29268151,0.70885884,3.31239840
TAAC,Shape,0.07076650,0.00454830,-7.74928312,-0.32313643,0.89594395,3.36580128,-0.16069719,-0.11587997,-0.16672028,36.40564296,0.22557396,3.45684320,0.36695173,-0.10811136,-8.83538846,-0.27272732,0.59960670,3.29712840
TAAG,Shape,0.04222230,-0.03949782,-7.72333432,-0.22167044,1.09929427,3.38318034,-0.08019812,0.52083072,-0.14710822,37.22088133,0.22408713,1.68822213,0.05899514,-0.18473691,-10.98624566,-0.38089000,0.36003449,3.29893322
TAAT,Shape,0.26500582,0.08675336,-6.04658449,-0.08663846,1.30984658,3.40486511,-0.07398663,-0.55871245,-0.12634999,36.25824114,0.23420214,1.06782367,-0.02331748,-0.23877484,-10.41123022,-0.35434809,0.40385152,3.29634835
TACA,Shape,0.56169445,0.03377099,-6.79313478,-0.20093967,1.21751147,3.38287389,-0.33802774,-1.66060610,-0.18317975,36.70900035,0.16748862,1.68934608,0.06510914,-0.14330603,-7.68476066,-0.23600212,0.40402389,3.30674258
TACC,Shape,0.47116426,-0.10321379,-10.26483270,-0.27351696,0.92833539,3.40426041,-0.44989100,-1.39005763,-0.00392361,37.51575699,0.28629675,1.50284956,0.05642659,-0.09560521,-7.27598870,-0.45199947,0.24926000,3.29587798
TACG,Shape,0.23974065,-0.18701851,-10.55684171,-0.22932650,1.14857907,3.39249631,-0.28594094,0.90148026,0.07637101,37.84731460,0.26553065,0.56771487,0.01047809,-0.15734147,-9.42341053,-0.47342685,0.03808969,3.30158884
TACT,Shape,0.38167856,-0.05099812,-6.80918052,0.02126121,1.35722070,3.37780870,-0.33316481,0.00641084,0.06097821,37.16673327,0.20559240,0.40875807,-0.00766779,-0.12584704,-9.72611408,-0.41661258,0.28740070,3.31323297
TAGA,Shape,0.53996378,-0.03290507,-6.49471840,-0.03891397,1.08517650,3.36401141,-0.49384255,-0.11711854,0.09574966,36.70507439,0.10389179,0.48173368,0.17443267,-0.07967185,-8.08250797,-0.41066423,0.45619997,3.30990240
TAGC,Shape,0.23142391,-0.13168505,-8.29452456,-0.21869807,0.87248619,3.37760485,-0.45811523,0.89352406,0.19347652,37.66678363,0.15392531,1.01925357,0.29448788,-0.03655730,-9.36869334,-0.56590868,0.32941439,3.31631276
TAGG,Shape,0.01119052,-0.20881977,-8.63768696,-0.09929489,0.75753076,3.35582987,-0.17235669,2.10001966,0.27205095,37.78510946,0.14204274,0.59407375,0.09887994,-0.13401588,-12.77761679,-0.55883467,0.43111163,3.31361481
TAGT,Shape,0.11188732,-0.07875343,-3.79899349,-0.03893063,0.98025179,3.37874450,-0.22025142,3.37393668,0.15781586,36.43518540,0.04922286,0.06932566,0.03860394,-0.17458327,-12.84546670,-0.45102734,0.62511430,3.35854316
TATA,Shape,0.19134477,0.03825446,-6.33494177,-0.14639107,0.37121902,3.36134240,-0.28104476,1.91997775,0.08630202,36.43562782,0.08033067,0.74418108,0.13544549,-0.14950610,-12.04144129,-0.38715562,0.97780575,3.36004795
TATC,Shape,0.20415977,-0.07273499,-7.04107078,-0.34399697,0.12232515,3.37109577,-0.23331435,2.54517388,0.16687059,36.65447950,0.16586766,1.87986081,0.29091568,-0.14365917,-12.26067960,-0.45050194,0.77477079,3.32510654
TATG,Shape,-0.04582870,-0.03542347,-5.92869264,-0.40393430,0.32070212,3.37777480,0.05432738,3.99858691,0.22046391,36.72101866,0.14755746,1.41793301,0.00744997,-0.29426719,-14.10399208,-0.47727212,0.83492226,3.31790602
TATT,Shape,0.34377621,0.09295340,-5.82597435,-0.35166009,0.59882151,3.37760060,0.03779975,3.03728499,0.05834445,35.70359100,0.05569377,0.94845974,-0.18531837,-0.34761111,-13.88310116,-0.34124604,1.10385635,3.33638086
TCAA,Shape,0.55902164,0.09433701,-6.67237512,-0.43448169,0.23281380,3.38200690,-0.10575830,2.09287546,-0.03164999,36.51995650,0.14664181,0.89988731,-0.17705428,-0.27850620,-11.98614427,-0.17187344,1.30601005,3.31790761
TCAC,Shape,0.55699277,-0.00017567,-10.96048287,-0.63725374,-0.05192710,3.37791856,-0.10577987,1.95647713,0.07577626,37.33147291,0.22713720,1.06965801,-0.07539506,-0.31720731,-10.67752888,-0.14324026,1.15822942,3.33655548
TCAG,Shape,0.39690363,-0.07457898,-10.69889358,-0.64546531,0.50153337,3.40739363,0.11478683,3.28843876,0.10725576,37.57948656,0.27950779,0.33694545,-0.27089717,-0.34949635,-11.71643381,-0.23003859,0.84705619,3.31555161
TCAT,Shape,0.55525829,0.05147122,-11.29241876,-0.41992096,0.77244420,3.40353365,0.09535808,2.40180417,0.12085787,37.14450317,0.11969497,-0.67278840,-0.48901574,-0.32871973,-10.46463676,-0.25749127,1.07473237,3.31994691
TCCA,Shape,0.79214188,0.06572273,-11.38661388,-0.54097228,0.57529908,3.41604299,-0.19329088,0.76390597,0.05006081,36.90919330,0.14191147,-1.11658398,-0.40944978,-0.25105792,-7.85577951,-0.09141829,1.10447314,3.34116309
TCCC,Shape,0.54085171,-0.20327317,-14.33899313,-0.64637637,0.47789007,3.38564237,-0.17949845,2.23587591,0.18076455,38.15725111,0.17020034,-1.24012615,-0.28661006,-0.19820042,-7.79218281,-0.15586081,0.83432613,3.33501352
TCCG,Shape,0.33003429,-0.30651537,-15.33149471,-0.55204664,0.78952509,3.40314686,0.00339744,3.27001142,0.22629286,38.26348386,0.11564743,-0.90514920,-0.32006638,-0.19048068,-9.63799783,-0.20989413,0.52402991,3.32178378
TCCT,Shape,0.40250484,-0.33804924,-11.91795978,-0.32966188,1.09191053,3.39160835,0.00468528,2.73380662,0.21433466,37.61946538,0.04262642,-2.40900533,-0.51324424,-0.22502454,-8.32819973,-0.26769055,0.92785594,3.34681717
TCGA,Shape,0.43396035,-0.24626746,-12.97990841,-0.33382544,0.91975015,3.38392010,-0.24207697,2.74539077,0.19028153,37.07187898,-0.03755367,-2.42069898,-0.26881919,-0.09143900,-6.56573872,-0.21975239,1.15789813,3.32243783
TCGC,Shape,0.14812065,-0.38422958,-14.18697355,-0.45787263,0.46273595,3.37468174,-0.15988273,3.86213092,0.30860257,37.04280666,-0.00399465,-1.55289244,-0.08965698,-0.13950362,-7.36807542,-0.24895244,0.89889780,3.32650568
TCGG,Shape,-0.16147587,-0.47086989,-13.12751758,-0.37009978,0.95791531,3.38803865,0.09638555,5.99398875,0.36228211,36.85053574,-0.02101007,-1.52229286,-0.14958129,-0.16028205,-9.97841300,-0.32560312,0.87582297,3.32556525
TCGT,Shape,-0.04813428,-0.28599265,-10.57846466,-0.33946329,0.84628956,3.40202630,0.09376445,4.96360883,0.30369358,36.24491285,-0.16491601,-1.86747603,-0.16850512,-0.21025588,-9.24906994,-0.32479281,1.10644656,3.32844175
TCTA,Shape,-0.05821497,-0.30417819,-9.68868428,-0.38245233,0.52340300,3.37408788,0.03212195,4.81701137,0.17570024,35.13213141,-0.15431388,-1.73159157,-0.04055739,-0.12647903,-8.19873767,-0.08718551,1.51003706,3.36051012
TCTC,Shape,-0.11909782,-0.33337743,-11.49801068,-0.55377610,0.37034810,3.37026811,0.11182139,5.07233570,0.19317622,35.98443522,-0.06792425,-0.23910320,0.03749941,-0.10536798,-8.72021450,-0.13454761,1.33818630,3.36560814
TCTG,Shape,-0.32845401,-0.33660366,-12.39437722,-0.53010391,0.51241290,3.41368355,0.28697430,6.27272477,0.14653329,36.16593222,0.00771616,-0.77783816,-0.05344019,-0.24079887,-9.97953208,-0.14277823,1.35981939,3.31426534
TCTT,Shape,0.01085011,-0.26086798,-10.84753894,-0.43414375,0.95782650,3.40990580,0.39661084,5.14821216,0.12563324,34.86812373,-0.09646253,-1.23829301,-0.21467851,-0.28346337,-9.61976470,-0.03449531,1.54699467,3.32854540
TGAA,Shape,0.23371983,-0.13624818,-11.62321450,-0.61762256,0.70858521,3.40023224,0.29336807,3.71401377,-0.06072812,35.13157332,-0.05984515,-1.26760508,-0.18143298,-0.26979052,-6.46415344,0.11175702,1.74424044,3.34481023
TGAC,Shape,-0.06753269,-0.24677240,-14.64068043,-0.57726205,0.49287553,3.42471215,0.22045487,3.88877104,0.02227315,35.76875514,0.05622894,-0.77040886,-0.13043966,-0.15035370,-5.83267274,0.12697476,1.34443550,3.31193203
TGAG,Shape,-0.06345649,-0.40604404,-14.82339276,-0.66337384,0.85727488,3.43981593,0.41474356,3.80415583,0.03622859,36.28173344,0.02659594,-0.90018086,-0.36582682,-0.19685452,-6.54691753,0.05896485,1.00101934,3.30713069
TGAT,Shape,0.09523921,-0.34296030,-14.03272704,-0.46777080,1.21596131,3.40809168,0.41577829,2.50177876,-0.02637735,35.49544161,-0.06163699,-2.17404433,-0.43089169,-0.21543582,-5.54011454,0.04322976,1.21603654,3.30454025
TGCA,Shape,0.18216005,-0.27989922,-14.23763662,-0.45719768,1.18519754,3.42358501,0.17548895,1.85347284,-0.06350964,35.55825165,-0.10776861,-1.85643686,-0.34785295,-0.10471417,-2.99621465,0.13663859,1.20614630,3.31872657
TGCC,Shape,0.06184860,-0.46506778,-16.94686480,-0.51605168,1.22657813,3.43187092,0.16015758,2.01790141,0.03105433,36.41879556,0.00361074,-1.74752564,-0.23032919,-0.01017413,-2.15210609,0.08689084,1.07747251,3.29197932
TGCG,Shape,-0.24489435,-0.60253346,-17.18544837,-0.40639012,1.41764420,3.44310183,0.18006979,3.26099685,0.16218497,36.96482271,-0.04320561,-1.79241839,-0.25764283,-0.02662621,-3.53734617,-0.08827604,0.68675489,3.31060801
TGCT,Shape,-0.27234158,-0.50362282,-13.39605113,-0.31617526,1.89412905,3.42783424,0.22706155,3.10513130,0.05882092,35.88842613,-0.18425979,-3.15066468,-0.35433266,-0.01783764,-4.39393767,-0.10962635,0.93752340,3.32070690
TGGA,Shape,-0.14298547,-0.47773364,-13.68961973,-0.23509776,1.53210945,3.43453328,-0.04029121,1.99527591,0.07412851,35.36611925,-0.17433958,-2.17431476,-0.09726063,0.13070903,-2.66047851,-0.03290617,1.01010869,3.32456697
TGGC,Shape,-0.41572462,-0.58988565,-14.17293272,-0.23826553,1.29513744,3.39695175,0.09478395,3.31580817,0.01952433,35.29798993,-0.19166682,-1.63720427,0.12090954,0.11162934,-3.72916412,-0.15822687,0.75130377,3.30276683
TGGG,Shape,-0.66322799,-0.58206379,-12.07730771,-0.20720115,1.54749693,3.41361101,0.14650939,4.21547892,0.12561012,35.56497075,-0.16065386,-1.11273725,0.12461991,0.01578537,-5.43897473,-0.26874776,0.53554691,3.30802760
TGGT,Shape,-0.65517671,-0.45716508,-10.30686898,-0.07210902,1.38496136,3.42117922,0.16252361,3.96158932,0.05726655,34.28311162,-0.29412364,-1.97398691,0.05974900,0.02645825,-6.46770518,-0.32374574,0.91544152,3.32719762
TGTA,Shape,-0.41867795,-0.31643951,-8.78988144,-0.18086470,1.19425262,3.40657156,0.05375952,3.20745752,-0.11581201,33.89010917,-0.26958896,-0.91698073,0.26774490,0.10725663,-4.58488520,-0.09085860,1.21455009,3.31263116
TGTC,Shape,-0.56735972,-0.38282749,-11.26975162,-0.20101483,1.08101613,3.41363412,0.12563736,3.48450871,-0.09757213,34.42790771,-0.13400101,0.74092121,0.45159445,0.06529070,-5.94695903,-0.06374189,1.00782447,3.29785152
TGTG,Shape,-0.79844164,-0.39714456,-10.28593657,-0.20379833,1.20678805,3.43352279,0.29845683,3.97028238,-0.13258716,34.71902383,-0.06474264,-0.10202012,0.28533210,-0.03152097,-7.20078772,-0.17198199,0.87982669,3.27507592
TGTT,Shape,-0.53575406,-0.22963149,-8.69887897,-0.16257862,1.41528817,3.43074995,0.29871103,3.04489531,-0.17130235,33.96671542,-0.17002583,-0.42619236,0.05955391,-0.09438405,-7.48262437,-0.08762063,1.06347315,3.30090206
TTAA,Shape,-0.24965264,-0.14396532,-8.35292593,-0.21760181,1.29696440,3.43977475,0.16599807,1.04522556,-0.40730239,33.77946152,-0.11509114,1.10186060,0.11508984,-0.04148999,-5.07084541,0.01918628,1.02721127,3.30256227
TTAC,Shape,-0.34540799,-0.25568216,-11.14133161,-0.35516360,1.09233664,3.41436030,0.18924536,0.92150026,-0.26474699,34.64139529,0.00480374,0.96295232,0.21741394,-0.00636663,-4.20776775,-0.05483783,0.84928017,3.29939357
TTAG,Shape,-0.28365580,-0.36841371,-11.23580980,-0.33048261,1.46044670,3.43623234,0.28968322,1.57912118,-0.20964931,35.52026122,0.10857342,0.72268304,0.05519471,-0.10981389,-5.94801867,-0.11340999,0.45863940,3.26636192
TTAT,Shape,-0.15290995,-0.20162864,-8.60465399,-0.14787913,1.66986504,3.46503224,0.15317174,0.76403388,-0.26217266,34.62628853,0.00337218,-0.02627363,-0.12605902,-0.05750107,-5.28365605,-0.09609219,0.58101171,3.27128135
TTCA,Shape,-0.03342577,-0.21197879,-9.65459937,-0.13865523,1.52424150,3.43060365,0.00279131,-1.16283300,-0.29116248,34.92321578,0.01141064,0.46724696,0.00914959,0.05776699,-2.26089641,-0.04341585,0.71457580,3.30471066
TTCC,Shape,-0.18251439,-0.29224108,-11.57340690,-0.19386713,1.71450146,3.43308683,-0.18185805,-0.42530977,-0.24315862,36.16628773,0.13132095,0.51186525,0.13568528,0.12586017,-2.80904465,-0.13942843,0.10020377,3.29360894
TTCG,Shape,-0.33165114,-0.41674721,-11.56671705,-0.04599206,1.76185798,3.42237112,-0.11581556,1.00671791,-0.12503438,36.16480769,0.06368399,0.12434464,0.10819495,0.03458682,-4.33846694,-0.33096458,-0.01892554,3.26686142
TTCT,Shape,-0.08431245,-0.31122603,-8.74943676,0.10056222,1.97937322,3.42175864,-0.18744859,0.73665776,-0.15038184,35.77427905,-0.10141738,-1.15699656,0.16300703,0.03859971,-4.07383421,-0.31818405,0.18638547,3.28922554
TTGA,Shape,-0.13768073,-0.27670905,-8.13768993,0.08275258,1.91698997,3.40223086,-0.28696681,-0.78884099,-0.24265398,35.49923983,-0.07523347,-0.34994808,0.37409412,0.10825645,-4.44833860,-0.26193202,0.40487437,3.28114038
TTGC,Shape,-0.34340731,-0.31825554,-9.76202658,0.02585393,1.58555191,3.39288962,-0.39920516,0.46152341,-0.04310766,36.30324470,-0.02033562,1.23572268,0.42035479,0.13774548,-5.57880894,-0.35387313,0.14920622,3.29597552
TTGG,Shape,-0.52776118,-0.38083205,-7.42048732,0.05917738,1.51065470,3.39370316,-0.24062558,1.74096038,-0.00479409,36.14434351,0.04985490,0.97062803,0.38442352,0.09686612,-9.20241680,-0.51605013,-0.01858401,3.31318700
TTGT,Shape,-0.41853302,-0.23953415,-3.20598830,0.15316923,1.55786070,3.39834216,-0.09257423,1.61554355,-0.08253446,34.60475808,-0.11255754,0.46503096,0.27847112,0.08869843,-9.93520224,-0.45199227,0.41615703,3.32078115
TTTA,Shape,-0.10102531,-0.11364722,-3.09642164,0.15163810,1.23883168,3.39045342,-0.17807895,0.76618952,-0.23095092,34.62682042,-0.04069904,1.55494434,0.40829108,0.03674822,-8.09223660,-0.37022782,0.66134968,3.30308150
TTTC,Shape,-0.37514532,-0.18102021,-5.40944516,-0.07982632,0.82353811,3.39178682,-0.14947526,1.18719426,-0.13723785,35.31063812,0.05982629,2.79980565,0.57609496,0.03134172,-9.12229533,-0.48987959,0.34507008,3.30786020
TTTG,Shape,-0.36891023,-0.13946117,-3.95591366,-0.06854554,1.08015294,3.39384802,-0.10792131,2.21766009,-0.11897374,35.70988121,0.09915137,2.72590272,0.41656127,-0.06513448,-11.44857054,-0.54651712,0.39222025,3.29127669
TTTT,Shape,-0.12561512,0.01410750,-3.27055274,0.01128864,1.18405224,3.40834017,-0.02168652,1.19744850,-0.21672690,35.08077321,0.07251240,1.90939811,0.21570250,-0.17138603,-11.22941778,-0.39637614,0.47972105,3.31154936
AAAA,Variance,0.02876898,0.00925059,2.05977665,0.01097604,0.07994927,0.00092503,0.02029148,0.80008840,0.01164153,0.25439227,0.00403282,0.83257442,0.01514956,0.00617066,2.27833784,0.00649748,0.04222720,0.00123438
AAAC,Variance,0.02965422,0.00718627,2.12882602,0.01079335,0.05795163,0.00087352,0.01807999,1.08771545,0.00971013,0.27402384,0.00371381,0.66159493,0.01314205,0.00589785,2.57908748,0.00741598,0.03390798,0.00103483
AAAG,Variance,0.03981423,0.00656395,2.11336796,0.01248609,0.05929394,0.00082734,0.01640216,1.08875017,0.00935451,0.39167462,0.00454245,0.43937226,0.01088009,0.00519898,2.39338829,0.00889211,0.03069352,0.00071975
AAAT,Variance,0.02598351,0.00806227,2.21989571,0.00952021,0.07666777,0.00094354,0.01698838,1.00827169,0.00935656,0.32907891,0.00527710,0.51822560,0.01252174,0.00406048,2.23744804,0.00748767,0.03574612,0.00083573
AACA,Variance,0.03739124,0.00699018,1.99984633,0.00866642,0.11150630,0.00103924,0.01690405,0.95818880,0.00856657,0.29308248,0.00422934,0.46488853,0.01494523,0.00403512,1.90792740,0.00821593,0.04173501,0.00073590
AACC,Variance,0.03651685,0.00745831,1.73420084,0.00948781,0.07802969,0.00111184,0.01806862,1.31240383,0.00877875,0.39155280,0.00324416,0.40237209,0.01152931,0.00391650,1.77882269,0.01185993,0.03057853,0.00074213
AACG,Variance,0.03377785,0.00926286,1.59730860,0.01130133,0.09915802,0.00134458,0.02426387,1.41606349,0.01033208,0.37332353,0.00320657,0.45373677,0.01141185,0.00413329,1.85822227,0.00908486,0.04569696,0.00070887
AACT,Variance,0.02590702,0.00860490,1.36790531,0.01413175,0.07341075,0.00167833,0.02405608,1.16217232,0.01107732,0.25966313,0.00334980,0.52041239,0.01470009,0.00531294,1.72048982,0.00700370,0.03784813,0.00083595
AAGA,Variance,0.02718281,0.00775777,2.28786457,0.01419156,0.07273714,0.00125466,0.02085788,0.90258237,0.01287441,0.26945897,0.00300798,0.60734789,0.01503311,0.00452438,1.88799454,0.00853453,0.05886461,0.00096741
AAGC,Variance,0.03254964,0.00489292,2.92552933,0.01020597,0.06022660,0.00101074,0.01723331,0.83771769,0.01287540,0.35778571,0.00303845,0.62803327,0.01396089,0.00474193,2.12051190,0.01025984,0.05234993,0.00093774
AAGG,Variance,0.02350096,0.00644637,2.30464352,0.01050716,0.05012211,0.00107194,0.01675581,0.97341690,0.01053035,0.38302292,0.00386696,0.51585451,0.01470834,0.00322962,1.96060573,0.01215796,0.04474320,0.00093841
AAGT,Variance,0.02529244,0.00800203,2.32205060,0.01073144,0.05303834,0.00106244,0.01647605,0.94700405,0.01031314,0.36069778,0.00385905,0.52096598,0.01520928,0.00224508,1.57331222,0.01150234,0.04744223,0.00074567
AATA,Variance,0.03000625,0.00600973,3.00280014,0.00848971,0.07112510,0.00116267,0.01286367,0.84510633,0.01051634,0.39363028,0.00354930,0.49989758,0.01738625,0.00287491,1.22614831,0.01163473,0.04685095,0.00088210
AATC,Variance,0.02379699,0.00838798,2.16085169,0.00765675,0.06092777,0.00138752,0.01760349,0.91720798,0.01071439,0.49824611,0.00308828,0.51822455,0.02111927,0.00293304,1.04438253,0.01304028,0.05348052,0.00073072
AATG,Variance,0.02505137,0.01062509,2.11941180,0.01005624,0.06124952,0.00146642,0.01801161,1.15922057,0.00903435,0.43258476,0.00330095,0.42647895,0.02106179,0.00303759,1.49448849,0.01257834,0.04821441,0.00084258
AATT,Variance,0.01780743,0.01131696,2.49351303,0.00999896,0.05563559,0.00129649,0.02140712,0.76707684,0.01092058,0.35423473,0.00245587,0.59165284,0.02318567,0.00404397,1.31417427,0.00805603,0.06652255,0.00109470
ACAA,Variance,0.01835283,0.00930482,3.29526088,0.00931574,0.06006275,0.00120482,0.01237282,0.58768531,0.01398211,0.37709993,0.00271427,0.78493616,0.02185102,0.00398867,1.36805378,0.00935970,0.06164959,0.00126570
ACAC,Variance,0.02083802,0.00829655,4.32311975,0.00895616,0.04792392,0.00105028,0.01413474,0.66457049,0.01011260,0.48852549,0.00293540,0.74468840,0.01913022,0.00372446,1.46184668,0.01022830,0.06095745,0.00129075
ACAG,Variance,0.01972017,0.00843761,3.23523918,0.00860735,0.03224462,0.00074761,0.01470529,0.62553947,0.00763331,0.52228256,0.00431709,0.80273137,0.01666788,0.00313790,1.65802083,0.01219466,0.05901676,0.00123864
ACAT,Variance,0.01992303,0.01045984,3.03961263,0.00653678,0.04724139,0.00106022,0.00905502,0.65567342,0.00898133,0.63019198,0.00438870,0.69234591,0.02293439,0.00267475,1.34007518,0.01048248,0.05991853,0.00120912
ACCA,Variance,0.02597555,0.01058783,3.04085802,0.00633745,0.06041632,0.00091830,0.01386325,0.66358181,0.00746281,0.63747030,0.00507358,0.77286958,0.02266945,0.00293694,0.96360671,0.01132602,0.07047862,0.00127042
ACCC,Variance,0.02419169,0.01269100,3.13727520,0.00558710,0.05613782,0.00078432,0.01069492,0.75234405,0.00788769,0.78724763,0.00424741,0.82930642,0.01876830,0.00325595,1.07059742,0.01221580,0.07855900,0.00118848
ACCG,Variance,0.02115982,0.01336757,2.46276137,0.00719076,0.05829779,0.00098840,0.01367559,0.93853302,0.00690445,0.47291309,0.00484235,0.66156744,0.02360774,0.00322127,1.22383998,0.00824781,0.05741657,0.00109767
ACCT,Variance,0.01632777,0.01237092,2.53638997,0.00861263,0.05950686,0.00126064,0.01291834,0.87162712,0.00839496,0.42511446,0.00410208,0.77937601,0.01980346,0.00484120,1.26376011,0.00681797,0.08351810,0.00125336
ACGA,Variance,0.01799257,0.01254100,3.32868614,0.00894198,0.06137199,0.00088894,0.01244481,0.57815061,0.01036238,0.43876630,0.00409054,0.95411368,0.02373686,0.00532950,1.25116768,0.00857961,0.06030086,0.00159119
ACGC,Variance,0.02370820,0.00845154,3.65427236,0.00786197,0.05363916,0.00065943,0.01491887,0.68944419,0.00825498,0.50984767,0.00441084,0.74156930,0.01726350,0.00413866,1.35998806,0.00971682,0.04695433,0.00166791
ACGG,Variance,0.02914318,0.01102201,3.07672895,0.00796987,0.04323399,0.00072390,0.01339912,0.81656182,0.00684847,0.49812527,0.00629905,0.87828975,0.01392270,0.00396232,1.67912526,0.01100424,0.04265367,0.00123217
ACGT,Variance,0.02208178,0.01233781,2.60251154,0.00811385,0.05946500,0.00087211,0.01288545,0.77935731,0.00503533,0.42345432,0.00772350,0.80248825,0.01484679,0.00477503,1.58234676,0.00887225,0.03844625,0.00109849
ACTA,Variance,0.03044827,0.01027668,3.23547082,0.00698656,0.09399018,0.00076810,0.01218083,1.05800793,0.00640913,0.46418450,0.00503647,0.81403567,0.01567589,0.00426515,1.40343126,0.00706827,0.05135669,0.00104283
ACTC,Variance,0.03914906,0.01367761,2.02050262,0.00689030,0.07288863,0.00075852,0.01249141,1.27582076,0.00586111,0.53850417,0.00408469,0.66714124,0.01437335,0.00444169,1.33832233,0.00751007,0.04654923,0.00113243
ACTG,Variance,0.02307786,0.01164994,1.86528439,0.00754972,0.07605163,0.00094609,0.01747303,1.20376416,0.00725131,0.34882157,0.00509549,0.51335501,0.01579410,0.00504056,1.84057643,0.00676194,0.04456838,0.00089306
ACTT,Variance,0.02189132,0.01065972,1.93921897,0.00933816,0.09832302,0.00094442,0.02150250,1.26104905,0.00998748,0.30300660,0.00477443,0.58211399,0.01746281,0.00574798,1.64257335,0.00545640,0.05458070,0.00117066
AGAA,Variance,0.02667068,0.00992437,2.48818761,0.01180612,0.08243113,0.00097962,0.01871282,0.87260492,0.00993703,0.34061889,0.00444075,0.84191787,0.01446541,0.00690275,1.81961841,0.00602947,0.05173065,0.00150266
AGAC,Variance,0.02721914,0.00647237,2.27495328,0.00919682,0.06555398,0.00074727,0.01583177,0.98004238,0.00885762,0.38688088,0.00458634,0.65253531,0.00975776,0.00506447,2.27645763,0.00951690,0.04020541,0.00117644
AGAG,Variance,0.03197291,0.00692515,2.34183327,0.01108481,0.06729955,0.00082209,0.01823616,1.11742988,0.00885253,0.34910243,0.00587834,0.53399974,0.01279447,0.00468761,2.56021389,0.00958860,0.03263613,0.00076876
AGAT,Variance,0.03327216,0.00926311,2.18527887,0.01298746,0.07568229,0.00103525,0.01810993,1.16368468,0.00788964,0.31079898,0.00611214,0.49414578,0.01182018,0.00474618,2.72170899,0.00960996,0.03799801,0.00085374
AGCA,Variance,0.03600971,0.00907157,2.19568311,0.00841885,0.09768544,0.00109053,0.01320844,1.14097367,0.00907282,0.36638418,0.00439292,0.59252877,0.01474075,0.00429016,1.53789269,0.00847170,0.04659464,0.00082105
AGCC,Variance,0.03782149,0.00809348,1.88349093,0.00896347,0.09096439,0.00114119,0.01664236,1.56169151,0.00907399,0.41153183,0.00332644,0.48066219,0.01312771,0.00435855,2.11169952,0.00949513,0.03766236,0.00064660
AGCG,Variance,0.02669658,0.00709050,1.43894857,0.01181913,0.08045590,0.00142997,0.02229203,1.29237622,0.00951566,0.29157566,0.00351465,0.50099599,0.01470546,0.00435933,1.98547863,0.00725870,0.03785857,0.00071803
AGCT,Variance,0.02414060,0.00880820,1.56738520,0.01200213,0.08813187,0.00151471,0.02245981,1.22938449,0.01344652,0.25710941,0.00337602,0.47612400,0.01619859,0.00478750,2.17399272,0.00707974,0.04824228,0.00075312
AGGA,Variance,0.02533769,0.00736611,2.14385484,0.01203745,0.08671024,0.00141513,0.02008412,1.04018263,0.01450508,0.28564396,0.00268059,0.65746863,0.01698429,0.00441259,1.84684978,0.00689884,0.04462376,0.00090928
AGGC,Variance,0.03217603,0.00571824,2.57618981,0.01126715,0.06486138,0.00093663,0.01973322,0.78774660,0.01426525,0.41534362,0.00329376,0.62685977,0.01343622,0.00318863,1.91835794,0.01222832,0.04164765,0.00083926
AGGG,Variance,0.03240347,0.00680409,2.22339724,0.01218639,0.05572692,0.00115939,0.02189803,0.95950193,0.01214450,0.47484174,0.00329599,0.50975967,0.01218098,0.00334581,2.06427085,0.01206097,0.04157151,0.00080035
AGGT,Variance,0.02493241,0.00713228,2.28767080,0.00997115,0.06854571,0.00147834,0.01567130,1.16521016,0.01049836,0.33807610,0.00337966,0.46421013,0.01752712,0.00259028,1.59049265,0.01311555,0.04331347,0.00084926
AGTA,Variance,0.02296098,0.00824542,2.42930925,0.00852269,0.06273019,0.00133688,0.01078194,0.89325741,0.01190552,0.48793041,0.00278619,0.57331064,0.01849212,0.00343338,1.25433222,0.01352780,0.05744167,0.00074649
AGTC,Variance,0.02543815,0.00794501,2.64469436,0.00854093,0.07147846,0.00115197,0.01478467,0.87436025,0.01031525,0.44243617,0.00284310,0.52315738,0.01680772,0.00325408,1.45237197,0.01129264,0.06830123,0.00083951
AGTG,Variance,0.02092988,0.00911176,1.98757971,0.00933492,0.06218544,0.00130465,0.01836037,0.97547061,0.00821863,0.37505866,0.00324928,0.39528330,0.01977478,0.00332002,1.50838845,0.01222767,0.05238710,0.00082702
AGTT,Variance,0.01852999,0.01009444,2.43495687,0.01083362,0.07028127,0.00136474,0.01687426,0.91211865,0.00933523,0.33698497,0.00315807,0.59059501,0.02168400,0.00388689,1.13086001,0.00943797,0.06649008,0.00098210
ATAA,Variance,0.01873939,0.00936116,3.15923474,0.01252636,0.05213737,0.00139796,0.01577152,0.63741672,0.01277166,0.45092935,0.00241318,0.97618806,0.02723024,0.00357288,1.15189398,0.00971531,0.06878312,0.00127959
ATAC,Variance,0.02107372,0.00749816,4.35443091,0.00802263,0.04021514,0.00099257,0.01509028,0.58628773,0.01160643,0.50472042,0.00271625,0.74329296,0.01812949,0.00305232,1.31359115,0.01260997,0.07271800,0.00141575
ATAG,Variance,0.02249517,0.00861619,3.80704389,0.00778433,0.04207584,0.00079681,0.01345749,0.77957187,0.00755802,0.59813047,0.00466370,0.68681694,0.01406330,0.00286972,2.11693545,0.01263622,0.04587158,0.00119918
ATAT,Variance,0.01962010,0.00971150,3.52142455,0.00899694,0.04989044,0.00094947,0.01260699,0.62842226,0.00648453,0.66020671,0.00470674,0.73169867,0.01952535,0.00270023,1.44817176,0.00873976,0.05901281,0.00110919
ATCA,Variance,0.02219098,0.01277629,3.63415858,0.00575426,0.06204597,0.00095514,0.01279058,0.64073685,0.00925523,0.54320032,0.00387997,0.57367268,0.02019403,0.00356727,1.01624856,0.01066464,0.07106163,0.00132026
ATCC,Variance,0.02127778,0.01272398,3.46232567,0.00749458,0.05301307,0.00074561,0.01156592,0.72616488,0.00662965,0.60946989,0.00398145,0.65563024,0.02118647,0.00351358,1.03537226,0.01196307,0.07380436,0.00107428
ATCG,Variance,0.02268135,0.01340452,2.50742874,0.00652646,0.06729739,0.00088024,0.01300577,1.02096967,0.00688495,0.43000927,0.00372656,0.63378985,0.01905425,0.00345646,1.20991915,0.00887443,0.05458959,0.00104025
ATCT,Variance,0.01674579,0.01176019,2.28053190,0.00946240,0.05629950,0.00089390,0.01760106,0.75631973,0.00639736,0.37552082,0.00438786,0.92480725,0.02074696,0.00462577,1.45629461,0.00532246,0.06792343,0.00143498
ATGA,Variance,0.01767939,0.01119369,2.90339827,0.00877355,0.05720055,0.00075977,0.01436282,0.67212925,0.00870879,0.42852441,0.00407268,0.98486639,0.02614714,0.00542531,1.27997249,0.00795024,0.07198403,0.00162653
ATGC,Variance,0.01972820,0.00945095,3.33348513,0.00709659,0.05603974,0.00073379,0.01323715,0.79183796,0.00930909,0.54302892,0.00447319,0.95352552,0.01500911,0.00584150,1.55090199,0.01002796,0.04420296,0.00162127
ATGG,Variance,0.02482191,0.00893762,3.34836634,0.00800891,0.04778829,0.00063623,0.01311111,0.91873244,0.00643413,0.43821805,0.00650861,0.68705859,0.01383516,0.00453691,1.90330886,0.01046941,0.05147713,0.00114776
ATGT,Variance,0.02320492,0.01086350,2.77455118,0.00678394,0.06995837,0.00085798,0.01538774,0.87580690,0.00603748,0.41006775,0.00728094,0.83591997,0.01616607,0.00427724,1.53351740,0.00912346,0.04972581,0.00120472
ATTA,Variance,0.02801913,0.01192235,2.93843263,0.00820610,0.08151385,0.00081052,0.01332266,0.89370977,0.00632797,0.44110309,0.00513357,0.70828517,0.01673236,0.00499651,1.62456496,0.00870584,0.04984256,0.00120580
ATTC,Variance,0.03197350,0.01093799,2.29661805,0.00701198,0.09568729,0.00090667,0.01290808,0.92867393,0.00779293,0.46476384,0.00390117,0.49863676,0.01378764,0.00422602,1.49357829,0.00858432,0.03980695,0.00096128
ATTG,Variance,0.03154382,0.01182311,1.82701012,0.00713766,0.08736527,0.00088821,0.02081653,1.50649717,0.00651478,0.43542868,0.00501930,0.52238150,0.02027974,0.00482125,1.97619367,0.00559664,0.04562551,0.00086278
ATTT,Variance,0.02086060,0.00992779,1.98187518,0.00990729,0.08958873,0.00111971,0.01985086,0.97359580,0.00868942,0.25743294,0.00490205,0.60339099,0.01877607,0.00579398,1.62067192,0.00545268,0.04600323,0.00116536
CAAA,Variance,0.02620879,0.00866640,2.48816396,0.01222109,0.07067632,0.00086292,0.02269628,1.01910017,0.00983004,0.27877433,0.00448603,0.62642031,0.01377255,0.00564399,1.84092324,0.00694526,0.06298515,0.00130345
CAAC,Variance,0.03780120,0.00639772,2.46289684,0.01099673,0.05567828,0.00073457,0.01932623,0.98239972,0.00953455,0.35866921,0.00400330,0.70516424,0.00946973,0.00531825,2.35955320,0.00912324,0.04352007,0.00093612
CAAG,Variance,0.04045990,0.00756319,2.53547750,0.01057899,0.06152398,0.00104980,0.01932820,1.21270649,0.00963425,0.32839636,0.00430473,0.50991636,0.00855936,0.00457805,2.81577642,0.01027505,0.03563741,0.00098486
CAAT,Variance,0.03171265,0.00713223,1.83984362,0.01232747,0.07958955,0.00114603,0.02051405,1.00037190,0.00903344,0.28831626,0.00568881,0.73465948,0.01051956,0.00448671,2.65869375,0.00691144,0.03157397,0.00078902
CACA,Variance,0.03601224,0.00879625,2.10046466,0.01016886,0.08447112,0.00100330,0.01434606,1.21280603,0.01117729,0.33839181,0.00417383,0.54305697,0.01376124,0.00470211,1.88915607,0.00712933,0.04659212,0.00082127
CACC,Variance,0.03684404,0.00771399,2.20360003,0.00849040,0.09861191,0.00110062,0.01683408,1.34270370,0.01090328,0.42846339,0.00368741,0.42341368,0.01348621,0.00406158,1.64806118,0.00957360,0.04228087,0.00070361
CACG,Variance,0.03656183,0.00807002,1.53700545,0.01067443,0.07444644,0.00135338,0.01966928,1.47417591,0.01040624,0.28671221,0.00303935,0.39002423,0.01827543,0.00401798,1.99947727,0.00832307,0.03715495,0.00065196
CACT,Variance,0.02553762,0.00793042,1.88151329,0.01311349,0.08323862,0.00168032,0.02441941,1.13160609,0.01135359,0.26107621,0.00344214,0.44433499,0.01808358,0.00449955,2.36481859,0.00863107,0.04551403,0.00076570
CAGA,Variance,0.02286469,0.00707548,2.23346114,0.01254151,0.07599673,0.00129475,0.02251315,0.79300942,0.01432466,0.26100319,0.00319560,0.66669075,0.01481679,0.00509661,1.72718556,0.00864098,0.05900434,0.00106216
CAGC,Variance,0.03338032,0.00564576,2.04817835,0.01132174,0.05920747,0.00114264,0.01587538,0.74248970,0.01269993,0.34932636,0.00257363,0.51985132,0.01313294,0.00451749,1.99546842,0.01188893,0.05206869,0.00082150
CAGG,Variance,0.03504647,0.00641380,2.06401098,0.01160845,0.05835351,0.00102854,0.01848385,1.16553188,0.01127862,0.36191965,0.00415517,0.54987930,0.01551104,0.00285798,2.10099164,0.01327361,0.04473400,0.00062538
CAGT,Variance,0.02840915,0.00685330,2.07522680,0.01077833,0.05629275,0.00126644,0.01685841,1.02156983,0.01063145,0.39831609,0.00416311,0.56708152,0.01560861,0.00362459,1.69939643,0.01034458,0.04712313,0.00085908
CATA,Variance,0.02980544,0.00780022,3.14220796,0.00981196,0.07593800,0.00135342,0.01379996,0.92831684,0.00956653,0.44344690,0.00341664,0.54844197,0.01668711,0.00355168,1.26939450,0.01226177,0.05523217,0.00096994
CATC,Variance,0.02733310,0.00804855,2.79382213,0.00780476,0.07645652,0.00123984,0.01353398,1.02624555,0.01073697,0.49262895,0.00296073,0.38729499,0.02033474,0.00309852,1.37019541,0.01168165,0.06060971,0.00092950
CATG,Variance,0.01918907,0.01081379,1.83015109,0.00897028,0.05545235,0.00117206,0.02060800,1.00361806,0.00915653,0.38351513,0.00309317,0.49650650,0.02148319,0.00267085,1.30222287,0.01062412,0.05687345,0.00080501
CATT,Variance,0.01772704,0.00934170,1.97807316,0.01116558,0.05341523,0.00144580,0.01838911,0.72399235,0.01170331,0.34387872,0.00329741,0.69105010,0.02366270,0.00375680,1.35110943,0.00821339,0.06831633,0.00108809
CCAA,Variance,0.02024211,0.00839251,2.59894010,0.00863583,0.05918659,0.00125786,0.01518688,0.59258664,0.01265293,0.44849857,0.00290469,0.82940534,0.01985957,0.00383660,1.35314897,0.00948650,0.07950218,0.00129080
CCAC,Variance,0.02525572,0.00665656,3.02211658,0.00826488,0.04514467,0.00094673,0.01354956,0.65922057,0.01199522,0.45821689,0.00349313,0.83715393,0.01784113,0.00337895,1.43472747,0.01262829,0.06043128,0.00113027
CCAG,Variance,0.02244072,0.00814803,3.56093208,0.00832790,0.04284937,0.00083199,0.01246977,0.79089847,0.00720977,0.61533592,0.00474036,0.61551155,0.01829722,0.00282655,1.78787981,0.01227322,0.04269586,0.00105181
CCAT,Variance,0.02249040,0.01082208,3.08700437,0.00729047,0.04763378,0.00093995,0.01187845,0.70885516,0.00732789,0.55877081,0.00517543,0.84165333,0.01765103,0.00300304,1.27279168,0.01074486,0.06073218,0.00105199
CCCA,Variance,0.02075606,0.01134986,3.99499562,0.00632476,0.05806558,0.00089279,0.01012591,0.65333240,0.00757520,0.48210130,0.00392029,0.75789293,0.02097031,0.00333587,1.02009892,0.00991557,0.07121974,0.00121201
CCCC,Variance,0.02107818,0.01269216,3.33680811,0.00691868,0.05800945,0.00090471,0.01197169,0.89143851,0.00740185,0.56206275,0.00378932,0.80961142,0.02002457,0.00423972,0.89148630,0.01041902,0.06453221,0.00093174
CCCG,Variance,0.01944068,0.01288776,2.68075111,0.00664272,0.06270112,0.00090466,0.01316377,0.96805495,0.00744612,0.51504568,0.00392734,0.54869813,0.02249535,0.00366247,1.45212274,0.00742146,0.06197427,0.00137726
CCCT,Variance,0.01732573,0.01233692,2.99823807,0.00751620,0.05933417,0.00109746,0.01454213,0.66341328,0.00690500,0.44500305,0.00446832,0.83405664,0.02071732,0.00497343,1.31306491,0.00661039,0.06539833,0.00110847
CCGA,Variance,0.01748396,0.01080175,3.13067829,0.00908279,0.06744727,0.00072962,0.01437528,0.58944221,0.00879512,0.39359471,0.00395091,1.02208906,0.02018816,0.00558793,1.11861752,0.00626940,0.06003499,0.00166036
CCGC,Variance,0.02369398,0.00971682,2.82426069,0.00716038,0.05537941,0.00065208,0.01304016,0.70492565,0.00816079,0.42462117,0.00473970,0.85290998,0.01576189,0.00508350,1.49287519,0.00981370,0.05091561,0.00142834
CCGG,Variance,0.02451426,0.00898473,3.33122562,0.00780826,0.04446918,0.00068814,0.01174170,0.73213446,0.00617663,0.50421258,0.00500334,0.63176585,0.01120632,0.00443617,2.10805656,0.00903319,0.04045532,0.00133078
CCGT,Variance,0.02035466,0.01029480,2.69297267,0.00784638,0.05158791,0.00091649,0.01183816,0.77743702,0.00532421,0.45398319,0.00638084,0.87470153,0.01372673,0.00439448,1.89532642,0.00897305,0.04432055,0.00110952
CCTA,Variance,0.02617515,0.01113329,2.53206318,0.00745748,0.09902277,0.00076711,0.01205717,0.86194325,0.00696923,0.47997084,0.00599796,0.74275849,0.01586008,0.00502634,1.65099467,0.00837139,0.05330723,0.00098835
CCTC,Variance,0.03154315,0.01045841,2.39941045,0.00698413,0.08490939,0.00073773,0.01481137,1.03867118,0.00769078,0.45743838,0.00542397,0.64215884,0.01427665,0.00471072,1.33898153,0.00656097,0.04446172,0.00101690
CCTG,Variance,0.02725169,0.01227625,1.84252644,0.00925851,0.08127089,0.00095927,0.01993684,1.16177070,0.00668491,0.41213437,0.00435239,0.56106394,0.01684624,0.00465301,1.89688479,0.00679972,0.04743495,0.00108588
CCTT,Variance,0.02257856,0.01245986,2.29973385,0.01259765,0.09896057,0.00105216,0.02257398,1.02037680,0.00914733,0.25774668,0.00464420,0.76009819,0.01691057,0.00534353,1.64341643,0.00498954,0.05002094,0.00107477
CGAA,Variance,0.02463746,0.00929727,2.39870317,0.00971736,0.09114223,0.00090539,0.02295689,0.97383728,0.00989797,0.29377578,0.00463590,0.73561421,0.01519212,0.00639408,1.92044560,0.00632569,0.04410631,0.00124793
CGAC,Variance,0.03588176,0.00673371,2.41044617,0.00877859,0.07334195,0.00073579,0.01486195,0.80232489,0.00950873,0.29271785,0.00490520,0.77050712,0.01075602,0.00602629,2.32877249,0.00755171,0.03869642,0.00110402
CGAG,Variance,0.03287056,0.00752055,2.29037396,0.01045748,0.07970628,0.00083318,0.01804133,0.96661212,0.00770579,0.32727210,0.00529267,0.65411845,0.01083557,0.00417829,2.39239422,0.00849475,0.03201198,0.00092220
CGAT,Variance,0.04122693,0.00831061,1.91845454,0.01054743,0.08291486,0.00101550,0.01720897,1.32454718,0.00728686,0.31932880,0.00547748,0.58921303,0.01275298,0.00436624,2.45461437,0.00898360,0.02775510,0.00081599
CGCA,Variance,0.03877410,0.00759416,1.95830452,0.00993151,0.09585719,0.00118497,0.01899008,1.08569669,0.00883107,0.33316641,0.00504994,0.47400832,0.01321259,0.00470608,1.60806619,0.00867953,0.04328885,0.00080323
CGCC,Variance,0.03678644,0.00790380,1.84124762,0.00961597,0.10335340,0.00114106,0.02054745,1.28903472,0.01064699,0.34788811,0.00312669,0.36628408,0.01342493,0.00379640,1.78356637,0.00991535,0.03854911,0.00059112
CGCG,Variance,0.03532613,0.00979152,1.48840198,0.01055421,0.08017670,0.00141249,0.02452138,1.38312249,0.01263871,0.33300513,0.00400925,0.44027690,0.01702401,0.00393846,1.92564883,0.00866966,0.04207083,0.00059449
CGCT,Variance,0.02637716,0.00872484,1.92783830,0.01386429,0.08312787,0.00171001,0.02886883,1.28490808,0.01407616,0.22947706,0.00318871,0.47574068,0.01626573,0.00451506,2.01741659,0.00719319,0.05229584,0.00081165
CGGA,Variance,0.03028029,0.00855406,1.97879205,0.01402747,0.08073164,0.00123659,0.02356523,0.91203870,0.01419555,0.30615156,0.00257086,0.59126834,0.01301871,0.00545916,1.84664816,0.00911939,0.05594549,0.00100398
CGGC,Variance,0.02738944,0.00526951,2.37096191,0.01312333,0.06759332,0.00105173,0.01986233,0.85061954,0.01218935,0.36364789,0.00269965,0.59746426,0.01141871,0.00411073,1.78889022,0.01217471,0.04390980,0.00094234
CGGG,Variance,0.03326229,0.00677812,2.50325967,0.01213746,0.05195910,0.00099511,0.01947927,0.93627265,0.01160310,0.29793991,0.00363305,0.46838209,0.01325897,0.00337906,2.02781154,0.01136162,0.04386289,0.00092086
CGGT,Variance,0.02790684,0.00799613,2.55032006,0.00946793,0.05711653,0.00140665,0.01743847,0.93450910,0.01082877,0.40981442,0.00417277,0.44130985,0.01468915,0.00293760,1.78554441,0.01214950,0.04588453,0.00073792
CGTA,Variance,0.02921047,0.00780112,2.78367571,0.00822449,0.08147452,0.00121257,0.01164193,0.75046377,0.01064528,0.46318229,0.00415039,0.53699544,0.01761146,0.00310756,1.33712007,0.01135491,0.05632307,0.00077982
CGTC,Variance,0.02777602,0.00873187,2.32812642,0.00764694,0.06601710,0.00132024,0.01400465,1.18757401,0.01184871,0.54663529,0.00305312,0.43694900,0.01587507,0.00296402,1.29306535,0.01086343,0.05287981,0.00092422
CGTG,Variance,0.02342908,0.00862371,1.96982768,0.00833824,0.06132902,0.00138109,0.02007252,0.88249431,0.01092296,0.50421617,0.00309430,0.42392854,0.02096478,0.00309616,1.40235595,0.01096565,0.05606671,0.00076336
CGTT,Variance,0.01529977,0.01172635,2.55267714,0.01097464,0.05941306,0.00152821,0.01919051,0.78653343,0.01301428,0.34471365,0.00299040,0.66273355,0.02361922,0.00454162,1.52446976,0.01187050,0.08142755,0.00110589
CTAA,Variance,0.01831079,0.00962626,3.25695653,0.00976892,0.04613420,0.00147845,0.01736128,0.65763311,0.01264642,0.46043576,0.00324040,0.62985555,0.02287598,0.00382783,1.25105789,0.00843908,0.07603909,0.00144662
CTAC,Variance,0.01929564,0.00895563,3.54615664,0.00844510,0.04537970,0.00082363,0.01477090,0.62144675,0.01155184,0.59239576,0.00338150,0.79939089,0.01631427,0.00354653,1.41030407,0.01289565,0.05700381,0.00122548
CTAG,Variance,0.02581107,0.00751520,2.84122254,0.00987835,0.03918074,0.00094467,0.01449513,0.73317574,0.00839185,0.55416375,0.00444643,0.67881121,0.01254005,0.00237705,1.57302278,0.01443398,0.04677479,0.00124892
CTAT,Variance,0.01790301,0.01133522,3.53968619,0.00720032,0.04296849,0.00097584,0.01302880,0.67285585,0.00954050,0.49772787,0.00468909,0.64299952,0.01984447,0.00330811,1.32388844,0.01150218,0.05256314,0.00107908
CTCA,Variance,0.02175190,0.01331322,3.49090958,0.00719882,0.05757375,0.00089192,0.00994111,0.69581514,0.00729660,0.59778147,0.00468676,0.64178878,0.02238145,0.00395870,0.97441661,0.01092380,0.06643347,0.00099752
CTCC,Variance,0.02202786,0.01386676,3.31034966,0.00584342,0.05315307,0.00093599,0.01520236,1.04881564,0.00625303,0.55420348,0.00384583,0.63795276,0.01525905,0.00384559,1.19577490,0.00839402,0.07618128,0.00117675
CTCG,Variance,0.01880438,0.01434563,2.24572704,0.00652155,0.05470250,0.00092767,0.01429134,0.95131383,0.00726614,0.52573059,0.00400879,0.66570293,0.02118875,0.00390538,1.19163081,0.00996009,0.06293759,0.00108498
CTCT,Variance,0.01723271,0.01419425,2.71925724,0.00996800,0.06359753,0.00095466,0.01717100,0.73453748,0.00753465,0.35298289,0.00430751,0.63496225,0.02646252,0.00474114,1.27675713,0.00755824,0.07452475,0.00126055
CTGA,Variance,0.01855800,0.01202961,3.20373126,0.00859549,0.06522914,0.00080681,0.01237150,0.50854853,0.00908116,0.36360366,0.00375587,0.86663876,0.01995156,0.00543394,1.42322609,0.00770890,0.08196046,0.00172672
CTGC,Variance,0.02237247,0.00970486,3.63100208,0.00766744,0.04751899,0.00056835,0.01120503,0.80471556,0.00960214,0.38691000,0.00376257,0.98853897,0.01592603,0.00594765,1.80331285,0.00793107,0.04820795,0.00135120
CTGG,Variance,0.02576817,0.01018428,2.88835479,0.00816977,0.05116921,0.00066381,0.01502788,0.75953991,0.00616480,0.60755899,0.00595091,0.94248759,0.01162674,0.00510411,1.82468913,0.00876390,0.04646497,0.00127547
CTGT,Variance,0.02889299,0.01374267,2.75136698,0.00747436,0.06888529,0.00073502,0.01178009,0.81421270,0.00655290,0.38847356,0.00720913,0.71692162,0.01378221,0.00447647,1.69987073,0.00837671,0.04666408,0.00145392
CTTA,Variance,0.02627844,0.00958167,2.71715044,0.00733960,0.08494407,0.00084348,0.01252522,0.79260554,0.00688142,0.39558437,0.00652228,0.72772975,0.01384279,0.00488897,1.36952452,0.00626243,0.04414000,0.00119828
CTTC,Variance,0.02845143,0.00902872,2.36140969,0.00556867,0.07363606,0.00087093,0.01465461,1.04449708,0.00882558,0.46319650,0.00487069,0.60520318,0.01401295,0.00381283,1.50670030,0.00779180,0.04409736,0.00099573
CTTG,Variance,0.02602791,0.01096942,1.63476913,0.00762857,0.08380947,0.00084266,0.01772631,1.27252660,0.00756309,0.42723185,0.00523060,0.57554260,0.01791574,0.00584231,1.63393447,0.00592119,0.04545758,0.00094749
CTTT,Variance,0.02118728,0.01279322,1.85739016,0.00990445,0.08606993,0.00108304,0.02292099,1.02252460,0.00725973,0.22965839,0.00425874,0.77174912,0.01719460,0.00520560,1.57777166,0.00487057,0.05058620,0.00104337
GAAA,Variance,0.02638628,0.00916304,2.15081479,0.01221321,0.09306670,0.00082113,0.01570395,1.00627904,0.01044681,0.26880394,0.00389967,0.78224600,0.01251193,0.00646280,1.94233545,0.00592156,0.04144168,0.00117854
GAAC,Variance,0.03529784,0.00820095,2.36813125,0.00967194,0.06748631,0.00075212,0.01734376,1.07967729,0.01161999,0.34300331,0.00471128,0.69552572,0.01158397,0.00571649,2.47353683,0.00683496,0.03568415,0.00089207
GAAG,Variance,0.03557858,0.00644665,1.88860816,0.01118053,0.06454076,0.00084083,0.02048506,1.04752735,0.00848030,0.33463640,0.00493930,0.52062326,0.01220613,0.00422475,2.99191186,0.00983930,0.02534768,0.00087828
GAAT,Variance,0.03129946,0.00853467,2.05101348,0.01143979,0.07354783,0.00104386,0.01718553,0.99450267,0.00776294,0.35080641,0.00563115,0.50301592,0.01226253,0.00459231,2.05364599,0.00903292,0.03015033,0.00086775
GACA,Variance,0.02883551,0.00761466,2.07753330,0.00923948,0.10532995,0.00118169,0.01335744,1.04568008,0.00941521,0.27682251,0.00496092,0.52417548,0.01459708,0.00517661,1.87790353,0.00825288,0.03265183,0.00089756
GACC,Variance,0.03338916,0.00622720,1.80393021,0.01183188,0.08899356,0.00122175,0.01748354,1.55349317,0.00988780,0.36738355,0.00306699,0.39887564,0.01236555,0.00367358,1.76905871,0.01120706,0.03873296,0.00067070
GACG,Variance,0.02725117,0.00644559,1.46737960,0.01084762,0.09266647,0.00113696,0.02321350,1.60508356,0.01113022,0.32949926,0.00346154,0.48985775,0.01386334,0.00490240,2.08700350,0.00882757,0.04357947,0.00060073
GACT,Variance,0.02589474,0.00659729,1.82011674,0.01454110,0.07481465,0.00149623,0.02723665,1.28174357,0.01139201,0.25986656,0.00327661,0.57259120,0.01906902,0.00454206,1.57415600,0.00750394,0.04282652,0.00081752
GAGA,Variance,0.02767951,0.00739495,2.25075755,0.01382846,0.09427124,0.00156470,0.02143778,0.78378077,0.01673832,0.26585434,0.00282027,0.57338738,0.01288891,0.00451733,1.74108548,0.00815109,0.04816495,0.00095752
GAGC,Variance,0.03182548,0.00474907,2.55123239,0.01296486,0.06356293,0.00108236,0.02054040,0.97768771,0.01374582,0.29643224,0.00299076,0.61510946,0.01053163,0.00471154,2.11903076,0.01092789,0.04565550,0.00093272
GAGG,Variance,0.03155243,0.00526138,2.28557084,0.01271534,0.06074504,0.00109694,0.01838293,1.04372443,0.01218558,0.39691335,0.00378996,0.48168236,0.01142751,0.00268415,2.53878567,0.01340464,0.03786227,0.00070383
GAGT,Variance,0.02560203,0.00745522,2.74395416,0.01085866,0.06247587,0.00123124,0.01674034,0.99158153,0.01021691,0.34964606,0.00441421,0.52402378,0.01552883,0.00358564,1.71318051,0.01237342,0.04176417,0.00086387
GATA,Variance,0.02675473,0.00791339,2.68283064,0.00935303,0.06327703,0.00124980,0.01574837,0.90592445,0.01172459,0.42277011,0.00346416,0.51296595,0.01552882,0.00327030,1.40026722,0.01362385,0.05852089,0.00082465
GATC,Variance,0.02646168,0.00740807,2.60763719,0.00816773,0.07100910,0.00120611,0.01517366,1.02060286,0.00990906,0.47711987,0.00269845,0.48933237,0.01798043,0.00291037,1.09293609,0.01037976,0.06803172,0.00064052
GATG,Variance,0.02342988,0.00897540,1.79998336,0.00867585,0.05398819,0.00152389,0.02008548,1.00473507,0.00967061,0.49451507,0.00280207,0.42163112,0.01943786,0.00269456,1.41941036,0.01100575,0.05246178,0.00088150
GATT,Variance,0.02007853,0.01027875,2.34070132,0.00947173,0.05497770,0.00152147,0.01900805,0.86202300,0.01068642,0.37650015,0.00338242,0.53991368,0.02338773,0.00377010,1.44361729,0.00858125,0.05941805,0.00095149
GCAA,Variance,0.01601433,0.00829372,3.47236606,0.00823077,0.06377315,0.00122965,0.01872872,0.56317513,0.01274478,0.42699078,0.00280800,0.76867147,0.02143195,0.00477570,1.45700472,0.01061063,0.07484816,0.00133270
GCAC,Variance,0.02156218,0.00722517,3.57510512,0.01014904,0.04453883,0.00080946,0.01385881,0.64464988,0.01139264,0.51054230,0.00335845,0.75537733,0.01609750,0.00333595,1.53170070,0.01254004,0.06387140,0.00125411
GCAG,Variance,0.02472267,0.00867906,3.38836731,0.00768308,0.04244171,0.00082463,0.01417699,0.76275706,0.00884559,0.55857959,0.00385426,0.72609030,0.01601300,0.00289458,1.59305359,0.01297659,0.04507184,0.00129701
GCAT,Variance,0.01774407,0.01065419,3.55066226,0.00725572,0.04292152,0.00105681,0.01429118,0.54492026,0.00656114,0.51363217,0.00465858,0.83275236,0.01896938,0.00289189,1.20805639,0.00969116,0.06436249,0.00128749
GCCA,Variance,0.02255342,0.01064875,3.25842401,0.00641562,0.05188557,0.00090982,0.01086661,0.78894018,0.00632867,0.58559400,0.00491371,0.73777315,0.01975928,0.00264406,0.89069050,0.01123699,0.06151310,0.00119525
GCCC,Variance,0.02593752,0.01043327,3.28104793,0.00544484,0.05546068,0.00082545,0.01123825,0.78254235,0.00672493,0.53556774,0.00402683,0.75330807,0.01791425,0.00353308,0.76465059,0.01077198,0.07174877,0.00119202
GCCG,Variance,0.01980700,0.01129928,2.50423022,0.00658691,0.06084129,0.00097084,0.01565061,0.93662755,0.00620676,0.61347395,0.00458146,0.67874716,0.02278015,0.00331429,1.24344713,0.00841367,0.07633577,0.00091378
GCCT,Variance,0.01726538,0.01465395,2.68821387,0.00690635,0.05506228,0.00117477,0.01903887,0.73524437,0.00688408,0.38713190,0.00403837,0.87167743,0.02234796,0.00443209,1.31082373,0.00726075,0.06887453,0.00106192
GCGA,Variance,0.01628227,0.01037032,3.18101801,0.00862354,0.07353919,0.00081223,0.01423291,0.61841622,0.00998073,0.37087561,0.00512207,1.00941025,0.02215158,0.00578127,1.49159776,0.00758830,0.06220781,0.00165119
GCGC,Variance,0.02125349,0.01022362,3.86758182,0.00767462,0.04524445,0.00066434,0.01266529,0.62549922,0.00847771,0.47360556,0.00485048,1.04631744,0.01805765,0.00519234,1.48914026,0.00816790,0.05341241,0.00178208
GCGG,Variance,0.03048304,0.00917518,3.34454926,0.00847546,0.03874728,0.00061531,0.01130756,0.76524076,0.00670297,0.47254334,0.00506432,0.85837989,0.01237741,0.00375509,1.73104441,0.00948887,0.04245404,0.00132318
GCGT,Variance,0.02735954,0.01037746,2.52735301,0.00822721,0.04534490,0.00079189,0.01260778,0.71039760,0.00628672,0.48068050,0.00682958,0.76391801,0.01647653,0.00390631,1.68922312,0.00809290,0.04977357,0.00102913
GCTA,Variance,0.02462482,0.01031002,2.31220911,0.00592249,0.08087429,0.00085319,0.01288732,1.00516318,0.00742908,0.39926602,0.00544534,0.66994613,0.01808658,0.00464855,1.27925720,0.01047968,0.04669592,0.00108556
GCTC,Variance,0.03124600,0.00963514,2.17747797,0.00698410,0.06980586,0.00078951,0.01272071,0.80286828,0.00792523,0.48003832,0.00567545,0.57918136,0.01492100,0.00504960,1.54492167,0.00780601,0.04692289,0.00093907
GCTG,Variance,0.02803020,0.01150352,1.90400451,0.00848051,0.07404512,0.00097016,0.01856024,1.40963079,0.00732564,0.37091612,0.00477907,0.45945791,0.01368212,0.00437561,1.55632819,0.00622630,0.04913615,0.00099183
GCTT,Variance,0.02413459,0.01318643,1.88136039,0.01025190,0.08155499,0.00102725,0.02247630,1.09971634,0.00899349,0.22758745,0.00518271,0.66402043,0.01616985,0.00517476,1.70203776,0.00525235,0.05257238,0.00105448
GGAA,Variance,0.02477951,0.00841783,2.25470638,0.00965143,0.08443677,0.00107659,0.01917864,0.68206517,0.01126421,0.32079164,0.00402889,0.86642835,0.01157041,0.00624228,1.55284023,0.00748665,0.04724469,0.00120777
GGAC,Variance,0.04142482,0.00703164,2.37656259,0.00959104,0.06579440,0.00069506,0.01958664,0.99617207,0.01148365,0.33227278,0.00352711,0.73288428,0.01044205,0.00616597,1.99931702,0.00817255,0.03347877,0.00117197
GGAG,Variance,0.03405930,0.00703311,2.17167745,0.01164868,0.06250326,0.00072372,0.02022582,0.90984304,0.00741819,0.39431276,0.00533347,0.56862611,0.01269799,0.00427873,3.06333861,0.00967579,0.03483689,0.00087809
GGAT,Variance,0.03031522,0.00884100,2.27138845,0.01193711,0.08180211,0.00107680,0.02076726,1.24822932,0.00720548,0.32634869,0.00581253,0.59975483,0.01122420,0.00399424,2.11393846,0.00868190,0.02818661,0.00082453
GGCA,Variance,0.04190361,0.00729353,2.04061682,0.01155775,0.09257136,0.00128355,0.01825547,1.12601072,0.00844890,0.35391206,0.00408988,0.51924347,0.01290595,0.00485256,1.43801880,0.00794735,0.03690212,0.00092324
GGCC,Variance,0.04243531,0.00941455,2.06100463,0.00785483,0.08111674,0.00131921,0.02023478,1.23350577,0.01078531,0.34379879,0.00383494,0.44849218,0.01324219,0.00446489,1.70215537,0.00943565,0.03733818,0.00077203
GGCG,Variance,0.02955106,0.00745549,1.71103026,0.00832431,0.08921195,0.00137740,0.02478158,1.46251287,0.01049470,0.30538399,0.00331823,0.36396174,0.01150165,0.00433242,2.00681681,0.00738923,0.03889812,0.00085909
GGCT,Variance,0.02615395,0.01026538,1.41557490,0.01355512,0.07256234,0.00132784,0.02482202,1.21587242,0.01021242,0.29540332,0.00321211,0.49574693,0.01776710,0.00463909,1.98034026,0.00664851,0.04637764,0.00084278
GGGA,Variance,0.02620670,0.00621790,2.33854250,0.01114883,0.07725845,0.00149094,0.02286114,0.93095284,0.01386248,0.29072546,0.00292382,0.54973794,0.01803329,0.00507349,1.74632269,0.00748272,0.05371178,0.00086876
GGGC,Variance,0.03365565,0.00523486,2.36077499,0.01092186,0.07151737,0.00090628,0.01793537,1.03720243,0.01456931,0.28908600,0.00284198,0.57451320,0.01201891,0.00421649,2.24652226,0.01075786,0.04108968,0.00083405
GGGG,Variance,0.03046839,0.00593283,2.46208226,0.01154491,0.05483577,0.00113013,0.01669117,0.76337557,0.01085428,0.40008591,0.00419854,0.58754123,0.01368587,0.00320016,2.56844791,0.01172101,0.03853202,0.00077457
GGGT,Variance,0.02681169,0.00690938,2.31793147,0.01134109,0.05627120,0.00126687,0.01686688,1.00776350,0.00920147,0.38260422,0.00492108,0.45131131,0.01564433,0.00315311,2.22132012,0.01150184,0.04526662,0.00078870
GGTA,Variance,0.02762201,0.00924256,2.74866112,0.00872995,0.07480086,0.00112739,0.01372691,1.07918146,0.01170287,0.35247134,0.00360521,0.49654853,0.01985353,0.00375513,1.37881787,0.01152876,0.04923836,0.00104474
GGTC,Variance,0.02835783,0.00895628,2.71361527,0.00735934,0.06037701,0.00135083,0.01532992,0.95121416,0.01183435,0.42166445,0.00300762,0.42641338,0.01594883,0.00254945,1.29905060,0.01286663,0.05419933,0.00067676
GGTG,Variance,0.02518409,0.00920027,2.43163202,0.00793916,0.06426795,0.00123572,0.01755232,0.96762964,0.00884855,0.40949774,0.00318507,0.44571623,0.02454166,0.00285168,1.43381386,0.01116417,0.05499868,0.00060195
GGTT,Variance,0.01647920,0.00944314,2.28958091,0.01239169,0.06281617,0.00170106,0.01882696,0.84750065,0.01189139,0.34857517,0.00303646,0.58296860,0.01772227,0.00369998,1.30094808,0.00945838,0.07833040,0.00087037
GTAA,Variance,0.01620114,0.00753179,2.85609104,0.01087946,0.05696957,0.00112566,0.01471508,0.65555535,0.01288697,0.43438732,0.00251705,0.82530691,0.01875989,0.00419949,1.25318282,0.01001841,0.06791321,0.00130620
GTAC,Variance,0.02323386,0.00779981,3.49560249,0.01055756,0.04674895,0.00075865,0.01449869,0.57136097,0.01251711,0.53582307,0.00316770,0.75989441,0.01479808,0.00310968,1.54733195,0.01282875,0.06448540,0.00109002
GTAG,Variance,0.02166745,0.00783321,3.12792457,0.00797283,0.03977206,0.00091347,0.01251683,0.71602059,0.00869901,0.55364999,0.00431900,0.66679388,0.01704023,0.00279712,1.91439407,0.01422654,0.04509852,0.00095688
GTAT,Variance,0.01952198,0.01037849,3.80285545,0.00766339,0.04820733,0.00072149,0.01230736,0.56293425,0.00649749,0.55017495,0.00493438,0.64034819,0.01713845,0.00281477,1.66243797,0.01223467,0.05322018,0.00107143
GTCA,Variance,0.02412023,0.01241866,3.11719216,0.00618655,0.05137169,0.00078754,0.01071829,0.89710797,0.00662965,0.55202645,0.00336741,0.71923474,0.01994607,0.00338111,1.00300922,0.00984784,0.06780824,0.00115629
GTCC,Variance,0.02131727,0.01082935,2.91309349,0.00572021,0.05080579,0.00093383,0.01168563,0.77954453,0.00770673,0.63897385,0.00362797,0.68224213,0.02275574,0.00345957,1.24034286,0.00987970,0.07124399,0.00101113
GTCG,Variance,0.01563041,0.01168443,2.97210318,0.00654027,0.05015915,0.00096897,0.01551109,1.05303594,0.00704675,0.48618419,0.00446293,0.64465118,0.02328579,0.00395823,1.27998847,0.00896448,0.06397765,0.00097054
GTCT,Variance,0.01731851,0.01244133,2.73193308,0.00807619,0.06405462,0.00117002,0.01658059,0.88935222,0.00724635,0.42999348,0.00436758,0.72673183,0.02618934,0.00524887,1.19958928,0.00671139,0.05306960,0.00149841
GTGA,Variance,0.01775527,0.01206889,3.73336045,0.00915069,0.06349309,0.00084458,0.01420703,0.56701959,0.01037769,0.49191992,0.00419678,1.03027820,0.02026888,0.00545506,1.36950569,0.00724992,0.06556042,0.00173409
GTGC,Variance,0.02180326,0.00960347,3.55224246,0.00818738,0.06016488,0.00066166,0.01195506,0.86513189,0.00840327,0.46506830,0.00448187,0.99978910,0.01224682,0.00435713,1.43224707,0.00992410,0.05117926,0.00135395
GTGG,Variance,0.02868912,0.00947965,3.18472698,0.00673327,0.04547985,0.00079814,0.01168770,0.85823777,0.00651300,0.45864882,0.00670972,0.83260525,0.01539762,0.00440011,1.60288141,0.00865772,0.03816989,0.00140923
GTGT,Variance,0.02797258,0.01331657,2.76177899,0.00694803,0.06136096,0.00070025,0.01452741,0.94826176,0.00659090,0.46099158,0.00649345,0.88353725,0.01438486,0.00416127,1.70382273,0.00889191,0.04022858,0.00136990
GTTA,Variance,0.02922389,0.01170070,3.22241525,0.00670948,0.07875402,0.00081889,0.01199440,0.84026845,0.00720242,0.50585472,0.00538571,0.71106477,0.01541935,0.00511018,1.56006427,0.00809721,0.04764500,0.00106656
GTTC,Variance,0.02881866,0.00877287,1.81784596,0.00600419,0.07965286,0.00081988,0.01413403,0.90119556,0.00740693,0.47202703,0.00457564,0.58595904,0.01483039,0.00490648,1.39460688,0.00710619,0.04567506,0.00092240
GTTG,Variance,0.02735930,0.01066064,1.69652889,0.00896008,0.07526455,0.00096046,0.01765177,1.11948945,0.00771787,0.38087855,0.00462139,0.57786674,0.01581445,0.00481672,1.74885585,0.00571291,0.04428459,0.00088315
GTTT,Variance,0.02125411,0.00950325,1.94119134,0.01116485,0.08949320,0.00102221,0.02739923,1.21028909,0.00740913,0.25885960,0.00464621,0.81644797,0.01883949,0.00620961,2.08499012,0.00425076,0.05446433,0.00095090
TAAA,Variance,0.02854964,0.00894765,2.49417142,0.00898927,0.07808408,0.00111617,0.02077572,0.74766651,0.01130954,0.33299022,0.00327566,0.75345330,0.01263866,0.00641089,1.77901394,0.00653379,0.05168227,0.00118503
TAAC,Variance,0.02800511,0.00749204,2.74131670,0.01000904,0.05996460,0.00061517,0.01922692,0.95695016,0.00920504,0.34452706,0.00430511,0.64291284,0.01007520,0.00553401,2.16736054,0.00835639,0.03553629,0.00106868
TAAG,Variance,0.03717582,0.00649690,1.89681991,0.01196509,0.06680791,0.00094356,0.01759992,1.19514453,0.00721251,0.32939159,0.00476474,0.56024380,0.01012555,0.00440639,2.43111895,0.00911835,0.02636009,0.00089562
TAAT,Variance,0.03963421,0.00758592,1.93958493,0.01122978,0.08623189,0.00086754,0.02055369,1.16492201,0.00647016,0.36465786,0.00494230,0.62054088,0.01153978,0.00403593,2.24591902,0.00814066,0.03710745,0.00075663
TACA,Variance,0.02954255,0.00864168,2.03078282,0.01144680,0.10485048,0.00107058,0.01866261,1.23482794,0.00899473,0.34487653,0.00369404,0.50231975,0.01427412,0.00487653,1.92125851,0.00713284,0.04575712,0.00101807
TACC,Variance,0.03390619,0.00813643,1.87717752,0.00905871,0.08698674,0.00124657,0.01845575,1.54557999,0.01123856,0.33529756,0.00421469,0.51527705,0.01116436,0.00376570,1.91318906,0.01004832,0.04352381,0.00066076
TACG,Variance,0.03184618,0.00868129,1.56399621,0.01157274,0.08063500,0.00143834,0.02298498,1.31886904,0.00777559,0.30859963,0.00306329,0.43007515,0.01745794,0.00426477,1.91805482,0.00903873,0.03927521,0.00058241
TACT,Variance,0.02388182,0.00830790,1.62282869,0.01210530,0.08660841,0.00138163,0.02660252,1.15510419,0.01091855,0.22992776,0.00371229,0.46234450,0.01476782,0.00488312,2.35487991,0.00697406,0.05596071,0.00085778
TAGA,Variance,0.02413638,0.00747815,2.13302366,0.01341984,0.06711413,0.00114138,0.02332691,0.85296710,0.01414773,0.29496667,0.00244780,0.65079785,0.01775352,0.00401997,1.78870794,0.00849463,0.04000239,0.00108136
TAGC,Variance,0.03401854,0.00542649,2.58586453,0.01048017,0.06102276,0.00119532,0.01785288,0.81320673,0.01505668,0.36178688,0.00241306,0.57978276,0.01128228,0.00442101,2.12401352,0.01203291,0.04370400,0.00100337
TAGG,Variance,0.03037668,0.00659893,2.37234261,0.01222235,0.04546896,0.00104680,0.01989071,0.93992419,0.01120720,0.45720835,0.00405582,0.41170866,0.01303822,0.00298303,1.98863673,0.01139736,0.03973025,0.00069525
TAGT,Variance,0.03181005,0.00843988,2.51605360,0.01083086,0.05831282,0.00134351,0.02002785,1.07228802,0.00903217,0.41520057,0.00422462,0.50993504,0.01584798,0.00327628,1.82675474,0.01139334,0.05569176,0.00073758
TATA,Variance,0.03376737,0.00749184,2.30367262,0.01001009,0.07884945,0.00105031,0.01583002,0.96178926,0.01078333,0.46256184,0.00311812,0.48976932,0.01690700,0.00282232,1.35323201,0.00968733,0.05738896,0.00076525
TATC,Variance,0.02631948,0.00786870,2.32138798,0.00702894,0.06538545,0.00131423,0.01562994,1.05881507,0.00973946,0.44251922,0.00276134,0.52281732,0.01731933,0.00331259,1.26144973,0.01250400,0.05710937,0.00075621
TATG,Variance,0.02551797,0.00830825,2.00223489,0.00952939,0.05480189,0.00139443,0.01809420,0.97483486,0.00916109,0.40996084,0.00323345,0.46690993,0.01872672,0.00304255,1.37401707,0.00967794,0.05517037,0.00084049
TATT,Variance,0.01872879,0.01013155,2.53114509,0.01129078,0.05384924,0.00149465,0.01759778,0.81192390,0.01046447,0.33779808,0.00335397,0.61682071,0.02486139,0.00366730,1.43014417,0.00994253,0.05938474,0.00116647
TCAA,Variance,0.01780420,0.00958078,2.98046233,0.01157889,0.06729281,0.00126832,0.01548625,0.65706746,0.01407531,0.39733960,0.00299443,0.97539673,0.02001448,0.00370361,1.46486918,0.00989325,0.06435554,0.00122974
TCAC,Variance,0.01892980,0.00885910,3.20735259,0.00909602,0.04745124,0.00094912,0.01397364,0.68495515,0.01083779,0.63581183,0.00368066,0.83355051,0.01813751,0.00353448,1.43005595,0.01237337,0.05289148,0.00117729
TCAG,Variance,0.02452172,0.00896198,3.39135695,0.00613266,0.03649497,0.00081496,0.01378153,0.55612877,0.00834333,0.58831625,0.00437784,0.82751312,0.01930830,0.00262290,1.33136585,0.01522044,0.05849569,0.00108947
TCAT,Variance,0.01971895,0.01182051,3.24228502,0.00661835,0.04240112,0.00103743,0.01151069,0.62600097,0.00752346,0.49248007,0.00572644,0.84312753,0.01916561,0.00290289,1.37165285,0.01248028,0.06157853,0.00120605
TCCA,Variance,0.01957521,0.01319890,3.44722399,0.00664630,0.05618234,0.00105620,0.00895746,0.72486441,0.00809530,0.45950032,0.00407989,0.79127244,0.02266092,0.00287231,1.23786290,0.01087434,0.06664882,0.00126953
TCCC,Variance,0.02522352,0.01203398,2.74197288,0.00535034,0.05922587,0.00099410,0.01246085,0.88762158,0.00657826,0.63318185,0.00388921,0.59286684,0.02006181,0.00352168,1.18392429,0.00959709,0.06097982,0.00112521
TCCG,Variance,0.02082794,0.01358284,2.63231624,0.00661589,0.05725401,0.00084833,0.01512267,1.05972212,0.00695463,0.53758711,0.00394564,0.69568250,0.02610392,0.00332738,1.46270012,0.01032025,0.06771912,0.00118327
TCCT,Variance,0.01577430,0.01390858,2.95066553,0.00762760,0.06401929,0.00091697,0.01945411,0.66292812,0.00648593,0.32183733,0.00398955,0.88537350,0.02187192,0.00428231,1.49858330,0.00711124,0.07144640,0.00138413
TCGA,Variance,0.01524689,0.01265266,3.12229266,0.00881417,0.04575614,0.00079714,0.01434388,0.71198266,0.00824237,0.39345480,0.00438335,0.74914823,0.02073890,0.00467154,1.26504724,0.00722289,0.06518643,0.00147696
TCGC,Variance,0.01957804,0.00893365,3.68764757,0.00756189,0.04747474,0.00057617,0.01362421,0.66403810,0.00773946,0.50785424,0.00354984,0.81820735,0.01473070,0.00547024,1.49846905,0.01131427,0.04241803,0.00168201
TCGG,Variance,0.02846379,0.00970341,2.82876389,0.00713119,0.04736940,0.00066021,0.01300442,0.84328756,0.00780175,0.45826639,0.00531041,0.79063911,0.01352718,0.00409046,2.00620782,0.00866995,0.04515040,0.00122794
TCGT,Variance,0.02473993,0.01071084,3.06519651,0.00700454,0.05224573,0.00082150,0.01798284,0.89259684,0.00579333,0.43138327,0.00593916,0.61212062,0.01631900,0.00423716,1.74626283,0.00703438,0.04106414,0.00116137
TCTA,Variance,0.02825067,0.01249567,2.44782744,0.00726031,0.07851224,0.00079180,0.01012927,1.00036290,0.00722176,0.42767870,0.00587482,0.74058081,0.01379593,0.00429168,1.46367573,0.00731613,0.04658221,0.00138325
TCTC,Variance,0.02577865,0.01038374,2.63775090,0.00656096,0.07969891,0.00084092,0.01306909,1.12014453,0.00668864,0.40418342,0.00480153,0.52379612,0.01301217,0.00440064,1.42378560,0.00818691,0.03989474,0.00107460
TCTG,Variance,0.02911140,0.01153544,2.00919029,0.00727778,0.08821955,0.00093501,0.01968208,1.35164821,0.00729180,0.41256311,0.00501444,0.58334016,0.01523861,0.00419486,1.47256203,0.00704017,0.04377557,0.00092632
TCTT,Variance,0.02243896,0.01158511,1.96233455,0.01104993,0.08025125,0.00114363,0.01909929,1.03865536,0.00815789,0.24692843,0.00368734,0.59362528,0.01579510,0.00682681,1.63280183,0.00561657,0.04799522,0.00099797
TGAA,Variance,0.02583190,0.00908905,2.21524354,0.01202329,0.08282105,0.00103840,0.01980457,0.99540675,0.01019803,0.27874721,0.00419439,0.75183112,0.01338637,0.00762814,2.11348709,0.00668189,0.04387130,0.00123233
TGAC,Variance,0.02723471,0.00686609,2.69427022,0.01041606,0.07985020,0.00066897,0.01808011,1.15084780,0.01099872,0.35870632,0.00396009,0.69256790,0.01085204,0.00607108,2.10227587,0.00785726,0.03485566,0.00116133
TGAG,Variance,0.04252068,0.00692307,2.26358610,0.01253261,0.06157559,0.00099452,0.02147151,0.99736402,0.00972386,0.37606094,0.00489179,0.56114543,0.01077642,0.00419797,2.69290114,0.00765956,0.03292326,0.00089049
TGAT,Variance,0.03730174,0.00871491,2.11989571,0.01073324,0.08708114,0.00099030,0.01804660,1.16116925,0.00945110,0.32207821,0.00522691,0.55579467,0.01368540,0.00475584,2.27750711,0.00816507,0.03510704,0.00098122
TGCA,Variance,0.03776924,0.00792402,2.04955523,0.00958727,0.11083928,0.00118765,0.01594435,0.97933276,0.00987992,0.36767316,0.00445639,0.51213863,0.01064561,0.00466103,2.12334420,0.00786329,0.04081270,0.00089378
TGCC,Variance,0.03418198,0.00671682,1.66815681,0.00921411,0.09214386,0.00104884,0.02342862,1.13063735,0.01063240,0.27079127,0.00304203,0.46154054,0.01283426,0.00450962,1.70927782,0.00897134,0.04663230,0.00066017
TGCG,Variance,0.02908461,0.00953890,1.52332388,0.00898601,0.09742167,0.00149754,0.02064842,1.35571210,0.00897507,0.33586530,0.00351204,0.43261022,0.01651508,0.00417873,1.84223525,0.00819665,0.03687981,0.00059989
TGCT,Variance,0.02359306,0.00847645,1.70094476,0.01258659,0.08231993,0.00132309,0.02486683,1.34934652,0.01174089,0.26021127,0.00267918,0.49893630,0.01457210,0.00591111,1.86095424,0.00724870,0.05597125,0.00081779
TGGA,Variance,0.02391992,0.00720305,2.22637811,0.01519027,0.08764643,0.00110467,0.02346030,0.94891795,0.01448204,0.31534778,0.00281256,0.63445576,0.01706268,0.00473310,2.19398022,0.00796518,0.05411376,0.00103391
TGGC,Variance,0.02800633,0.00484338,2.89896334,0.01160751,0.04774186,0.00097952,0.02015629,0.79591976,0.01607294,0.32237754,0.00280814,0.53664755,0.01339997,0.00413977,1.86747066,0.01123107,0.04130825,0.00080691
TGGG,Variance,0.03000415,0.00681461,2.52647500,0.01171595,0.04825554,0.00108747,0.01941524,1.00711089,0.01102223,0.34058303,0.00439541,0.42871303,0.01251706,0.00290476,2.22586667,0.01369230,0.03764682,0.00083155
TGGT,Variance,0.02576955,0.00811648,2.25345243,0.01218788,0.05336986,0.00129460,0.01874836,0.89156975,0.00881951,0.37846169,0.00360423,0.49166764,0.01737460,0.00325949,1.61577811,0.01055496,0.04830126,0.00092465
TGTA,Variance,0.02442219,0.00862437,2.75893291,0.00780613,0.07655332,0.00128473,0.01338289,0.72401664,0.01362231,0.42738122,0.00342875,0.45020907,0.01554102,0.00387706,1.53611154,0.01020828,0.05071670,0.00077251
TGTC,Variance,0.02355640,0.00847125,2.71515160,0.00801905,0.06293943,0.00127054,0.01384983,1.19835032,0.00970635,0.50946969,0.00249346,0.49636897,0.01824475,0.00307602,1.30467279,0.01225306,0.05118662,0.00086624
TGTG,Variance,0.02417417,0.00896543,1.87398711,0.00764630,0.05738527,0.00127664,0.01913818,0.97941992,0.00913853,0.34642002,0.00311161,0.59583331,0.01906507,0.00272826,1.59115977,0.01158967,0.05750950,0.00075213
TGTT,Variance,0.01583657,0.00884286,2.13405977,0.01206778,0.07183795,0.00149903,0.01697478,0.87694840,0.01011817,0.36514570,0.00296239,0.66361788,0.02461079,0.00302288,1.37720425,0.01064164,0.07071944,0.00103267
TTAA,Variance,0.01923810,0.00839462,3.57144567,0.00973867,0.04723872,0.00117282,0.01845781,0.66916451,0.01392110,0.42922061,0.00309471,0.73866792,0.01965911,0.00392248,1.12987979,0.01174565,0.06920018,0.00135265
TTAC,Variance,0.02374293,0.00700363,3.23229491,0.00905273,0.03548856,0.00100495,0.01382315,0.53505995,0.01119740,0.53580684,0.00326754,0.82850307,0.01645485,0.00405626,1.53067857,0.01185167,0.05375884,0.00123241
TTAG,Variance,0.01854982,0.00766872,3.47851525,0.00856040,0.03712934,0.00083553,0.01114594,0.72850061,0.00938054,0.50518831,0.00342834,0.69513024,0.01506669,0.00261759,1.56973741,0.01516573,0.06524500,0.00119868
TTAT,Variance,0.02289449,0.00984841,2.92737253,0.00810423,0.05822052,0.00084895,0.01368702,0.72278060,0.00805293,0.54762582,0.00473382,0.59084057,0.01620062,0.00291246,1.69173118,0.01301229,0.05078982,0.00119590
TTCA,Variance,0.02001598,0.01014556,4.00766086,0.00669141,0.05849450,0.00093677,0.01063690,0.69749752,0.00748698,0.57999516,0.00436772,0.72715354,0.01959460,0.00343054,1.00819429,0.01046157,0.05710959,0.00104972
TTCC,Variance,0.01941016,0.01054538,3.09243698,0.00661867,0.06094454,0.00085457,0.01240351,0.85825324,0.00761402,0.55393587,0.00442864,0.60387918,0.02027336,0.00300296,0.98665436,0.01068362,0.06644297,0.00121077
TTCG,Variance,0.01750276,0.01183890,2.08898978,0.00646005,0.05410720,0.00113973,0.01419642,0.84076627,0.00655304,0.47773521,0.00393084,0.65915633,0.02568645,0.00385143,1.21973201,0.00908561,0.06565562,0.00105034
TTCT,Variance,0.01520676,0.01350719,2.95615954,0.00790739,0.05358706,0.00107647,0.01642498,0.83415911,0.00761163,0.35248490,0.00449660,0.84065359,0.02614588,0.00466043,1.23114703,0.00729863,0.07056508,0.00112815
TTGA,Variance,0.01621519,0.01071729,3.37652211,0.00716066,0.04980145,0.00094176,0.01119417,0.60355352,0.00850125,0.35235159,0.00417070,1.02816081,0.02250488,0.00600638,1.30122068,0.00667678,0.05983150,0.00161505
TTGC,Variance,0.02414876,0.00932408,3.53011607,0.00751805,0.04864044,0.00058102,0.01314834,0.58299249,0.00742131,0.48263092,0.00404509,0.88143526,0.01584202,0.00491985,1.58378748,0.00983600,0.04592516,0.00153459
TTGG,Variance,0.02322143,0.00907609,3.04922066,0.00666921,0.04750767,0.00064785,0.01284958,0.80188072,0.00563713,0.47855781,0.00512350,0.68069311,0.01366646,0.00391578,2.07126628,0.00776486,0.03964122,0.00138403
TTGT,Variance,0.02548225,0.01315086,2.72212743,0.00714232,0.05721219,0.00071782,0.01354485,0.85498554,0.00589677,0.41847070,0.00584976,0.86684047,0.01604529,0.00444374,1.72424235,0.00870624,0.04841249,0.00127967
TTTA,Variance,0.02864897,0.01171375,3.16431033,0.00618587,0.06606596,0.00076478,0.01123740,0.83775246,0.00671288,0.42793531,0.00518094,0.64455764,0.01863559,0.00432625,1.44884605,0.01010959,0.05399321,0.00110095
TTTC,Variance,0.02643068,0.01041075,2.08007150,0.00710086,0.07900152,0.00091370,0.01604654,1.23346278,0.00692429,0.44060712,0.00434072,0.67190560,0.01425081,0.00607552,1.48555943,0.00934096,0.04090654,0.00093340
TTTG,Variance,0.02994323,0.00923729,2.02062751,0.00860397,0.08269039,0.00107780,0.01690117,1.32069933,0.00745418,0.31870525,0.00454695,0.59218271,0.01454864,0.00572336,1.63012376,0.00634084,0.04516750,0.00084327
TTTT,Variance,0.02253690,0.01066562,2.32070724,0.01032585,0.08301801,0.00125857,0.01989078,1.06619570,0.00797019,0.24017073,0.00385530,0.77359549,0.01395091,0.00651702,1.84291743,0.00561004,0.05357650,0.00120938
AA,Shape,0.16757480,0.03398747,-5.95907449,-0.20339981,1.03451576,3.39781949,-0.11798225,-0.18996750,-0.19976066,36.04200046,0.20948996,2.34046257,0.18003410,-0.15810078,-9.77481575,-0.31395932,0.48824150,3.29288758
AC,Shape,0.37382103,-0.08182084,-8.41759615,-0.19016338,1.15663871,3.38903510,-0.34658791,-0.54059500,-0.02296134,37.31483617,0.21926497,1.06088687,0.02427802,-0.11855112,-8.64014862,-0.39509415,0.23448125,3.30471290
AG,Shape,0.20709814,-0.11221541,-6.90442639,-0.12494597,0.92610335,3.36673657,-0.38099949,1.38202274,0.16662550,37.25355584,0.10535932,0.43604674,0.10497357,-0.11312545,-11.21481110,-0.49371461,0.46672974,3.32639830
AT,Shape,0.19032477,-0.00108845,-6.12534705,-0.30492671,0.38182954,3.36606561,-0.10773071,2.90175823,0.14105647,36.59175431,0.11108174,1.31641174,0.07698103,-0.24273594,-13.06173802,-0.40620267,0.97162480,3.33367587
CA,Shape,0.52501611,0.00911191,-9.64285672,-0.54757202,0.39276250,3.38828317,0.00237333,2.27299752,0.06725162,37.13659787,0.18514308,0.64336960,-0.23891107,-0.32692600,-11.00241783,-0.20010536,1.12519436,3.32906680
CC,Shape,0.52407894,-0.18208914,-13.33299939,-0.50852474,0.77031784,3.39881658,-0.08082735,2.24357228,0.19253407,37.70247663,0.11466541,-1.33312657,-0.37493184,-0.22130439,-8.13693546,-0.18272710,0.87765408,3.32712051
CG,Shape,0.10555227,-0.33824857,-12.40811849,-0.39731512,0.79165502,3.38546401,-0.02253219,4.27957356,0.31442271,36.95513006,-0.06077359,-1.96901333,-0.17936239,-0.13845932,-8.55892025,-0.25011241,1.04776223,3.33657757
CT,Shape,-0.11581812,-0.27702187,-11.08052209,-0.48718198,0.53346798,3.39159183,0.25807457,5.41799985,0.16502953,35.57592232,-0.08338367,-1.00767374,-0.12390190,-0.20033581,-8.99596005,-0.11874602,1.43895403,3.34425085
GA,Shape,0.07761890,-0.27696159,-13.59699007,-0.59411341,0.83688220,3.41926272,0.37296945,3.63968609,-0.00767814,35.62525188,-0.01348210,-1.09077521,-0.26716203,-0.19983402,-6.37979907,0.06976938,1.37539719,3.31972080
GC,Shape,-0.04785344,-0.44826380,-15.32801832,-0.40955086,1.40562642,3.43068293,0.16959256,2.54058203,0.02216731,36.12637012,-0.07499843,-2.11906564,-0.25683478,-0.05692498,-3.36409010,-0.00409923,0.96158357,3.30768483
GG,Shape,-0.44895083,-0.53088290,-12.28362904,-0.16809084,1.42660053,3.41878383,0.09420094,3.22930655,0.07872510,35.17892626,-0.20191887,-1.65588714,0.07659991,0.07305486,-4.61301358,-0.15568705,0.84189588,3.31957405
GT,Shape,-0.53588998,-0.37418582,-9.47899681,-0.17799017,1.24224940,3.41880001,0.20750364,3.45141433,-0.10420895,34.19775056,-0.15457168,-0.01358339,0.25868617,0.01241746,-6.26590902,-0.13263190,1.00033976,3.30595461
TA,Shape,-0.27264924,-0.26766529,-10.05734946,-0.25314711,1.43353003,3.43366629,0.17202922,1.17231959,-0.28722882,34.52863228,0.00299821,0.67423601,0.11754621,-0.03262737,-4.95918105,-0.06860629,0.77593455,3.28713092
TC,Shape,-0.15686746,-0.31731332,-10.42176889,-0.07479922,1.77468586,3.42481746,-0.10898427,-0.27314187,-0.19074510,35.64780863,0.01841050,0.02770721,0.12670113,0.06814266,-3.81889286,-0.21430058,0.27304105,3.29066553
TG,Shape,-0.36717380,-0.32638539,-6.95811259,0.09302769,1.64416083,3.39628876,-0.26015131,0.50336920,-0.09435083,35.58516168,-0.03666867,0.55544885,0.36626564,0.11231718,-7.16315993,-0.40449953,0.21958162,3.30232355
TT,Shape,-0.26138655,-0.10630445,-3.93293497,-0.01157613,1.08656425,3.38781497,-0.12342019,1.06611864,-0.15191716,35.13379992,0.05727757,2.19488894,0.44093628,-0.03785581,-10.05603613,-0.41745786,0.49971672,3.30406805
AA,Variance,0.03264565,0.00773065,2.21116931,0.01103741,0.07069130,0.00089769,0.01890633,1.02450460,0.00941264,0.32325891,0.00453239,0.63165558,0.01168490,0.00517116,2.32800318,0.00795788,0.03747508,0.00097255
AC,Variance,0.03144350,0.00784244,1.79284935,0.01104238,0.08898488,0.00128034,0.02040990,1.29690636,0.01020924,0.31778368,0.00361394,0.47110976,0.01460951,0.00442274,1.91140496,0.00867543,0.04185677,0.00075443
AG,Variance,0.02907672,0.00661822,2.35623529,0.01182542,0.06243427,0.00117715,0.01895335,0.92865515,0.01236615,0.34872120,0.00343853,0.55763324,0.01414249,0.00381479,1.93160386,0.01092363,0.04743159,0.00087080
AT,Variance,0.02448595,0.00879500,2.38190150,0.00921761,0.06289613,0.00132994,0.01708653,0.93571456,0.01028050,0.42286942,0.00312352,0.51373174,0.01994188,0.00321609,1.32169936,0.01084329,0.05772412,0.00088558
CA,Variance,0.02064256,0.00903703,3.31063645,0.00829248,0.04810015,0.00100186,0.01369752,0.64529276,0.01001370,0.51391342,0.00388298,0.79443158,0.01896064,0.00332706,1.44151898,0.01144899,0.06064868,0.00121268
CC,Variance,0.02082623,0.01237772,2.98076076,0.00667026,0.05827503,0.00096549,0.01335906,0.81130099,0.00713979,0.52505203,0.00423971,0.75000498,0.02140979,0.00364963,1.17445373,0.00928502,0.06864770,0.00117278
CG,Variance,0.02264872,0.01039360,3.14160869,0.00801863,0.05201973,0.00074184,0.01340078,0.71868201,0.00749893,0.45220431,0.00522800,0.83787927,0.01656449,0.00467575,1.58778100,0.00874011,0.04910927,0.00140329
CT,Variance,0.02723315,0.01145168,2.21664787,0.00817816,0.08364871,0.00089280,0.01635321,1.10684959,0.00756467,0.38943554,0.00499190,0.63104210,0.01549381,0.00488697,1.55190942,0.00696515,0.04786593,0.00105362
GA,Variance,0.03232622,0.00796024,2.29222258,0.01081935,0.07649605,0.00089615,0.01882006,1.02138630,0.00922996,0.33311339,0.00489400,0.66256776,0.01206309,0.00535626,2.27436445,0.00815508,0.03722777,0.00104621
GC,Variance,0.03291281,0.00838520,1.77946922,0.01042722,0.08987124,0.00131188,0.02128203,1.25750740,0.01052947,0.31894856,0.00363309,0.47120568,0.01429273,0.00451881,1.86293152,0.00815398,0.04289841,0.00075675
GG,Variance,0.02865818,0.00668069,2.37619040,0.01186729,0.06438383,0.00118375,0.01961667,0.93555587,0.01244464,0.35067068,0.00338951,0.53820690,0.01451568,0.00375651,1.97216089,0.01087599,0.04504558,0.00086665
GT,Variance,0.02307543,0.00900161,2.42477924,0.00902349,0.06661794,0.00133414,0.01590579,0.93040835,0.01081677,0.41761144,0.00313471,0.51878930,0.01939732,0.00332276,1.38279641,0.01132820,0.05988852,0.00084911
TA,Variance,0.02051867,0.00869237,3.40739112,0.00907202,0.04548481,0.00098381,0.01423339,0.65488668,0.01023149,0.52566169,0.00373249,0.72715869,0.01785257,0.00323028,1.49301496,0.01200349,0.05927984,0.00121300
TC,Variance,0.01957718,0.01248723,2.97064109,0.00706064,0.05695046,0.00094082,0.01373291,0.83902438,0.00721330,0.50376424,0.00411715,0.68575058,0.02189692,0.00391294,1.15781697,0.00916210,0.06645805,0.00115406
TG,Variance,0.02289462,0.01080276,3.17152195,0.00762998,0.05609063,0.00072843,0.01309984,0.76422416,0.00757699,0.44843906,0.00525530,0.88620605,0.01642505,0.00491890,1.61298583,0.00862870,0.05185225,0.00144301
TT,Variance,0.02678486,0.01060307,2.24239709,0.00798497,0.08228470,0.00093759,0.01687379,1.06024896,0.00741580,0.38496487,0.00481195,0.64915619,0.01617697,0.00520454,1.62493147,0.00685962,0.04695451,0.00101813
