Tetramer,Info,Buckle,Shift,Propeller,Slide,Opening,Rise,Shear,Roll,Stretch,Twist,Stagger,Tilt,Buckle_2,Shift_2,Propeller_2,Slide_2,Opening_2,Rise_2
AAAA,Shape,0.18099123,0.17947826,-4.52918591,-0.02939487,0.90885207,3.37467548,-0.13028880,-0.42302469,-0.44295644,32.41878632,0.08052760,3.00304181,0.31769444,-0.12409565,-8.67287613,-0.19758678,0.85900727,3.17605591
AAAC,Shape,0.09852709,0.04830939,-6.11900663,-0.29785570,0.79820208,3.33065530,-0.08072140,0.42284475,-0.16392498,32.72893300,0.26958944,3.54306455,0.33706940,-0.06409657,-9.72949186,-0.26626280,0.78888475,3.17599024
AAAG,Shape,0.06325001,-0.06792527,-7.96536365,-0.27580884,0.96143436,3.36134909,-0.05846518,0.34648304,-0.12214822,33.60175821,0.20955307,3.42376474,-0.04404373,-0.12746290,-10.40055547,-0.34696691,0.37969534,3.17883563
AAAT,Shape,0.16234509,0.01653113,-6.69725697,-0.10897519,1.03595970,3.37423203,-0.02588419,-1.15952793,-0.17559928,33.81536520,0.18398116,1.87780403,-0.03379484,-0.19213062,-8.73763095,-0.36751887,0.39495795,3.18005459
AACA,Shape,0.69662730,0.05888940,-7.85797976,-0.14642648,0.82882541,3.37878570,-0.23079614,-2.01597801,-0.20897043,34.08695586,0.15881068,1.07287582,-0.06497444,-0.01800266,-6.77147392,-0.26520066,0.56076866,3.18008124
AACC,Shape,0.50403745,-0.14490992,-8.33549625,-0.30295969,1.02781613,3.36279877,-0.41096783,-1.79221092,-0.07592033,34.67905744,0.27991833,1.83937284,0.03060825,-0.02227683,-7.52115516,-0.38315210,0.28743365,3.16800921
AACG,Shape,0.21466199,-0.13997138,-9.19984369,-0.18206653,1.25916328,3.36631620,-0.13199441,-0.53960822,0.18876723,34.78904390,0.17791741,0.77893700,0.02684662,-0.17724145,-9.41350814,-0.51880524,0.14649443,3.17376951
AACT,Shape,0.41128182,-0.14491097,-7.37555340,-0.09607352,1.34410637,3.37720017,-0.38654631,0.71716092,0.04342635,34.31882771,0.10940126,-0.11058653,-0.00504775,-0.13167167,-8.42924369,-0.54993744,0.02765061,3.20443503
AAGA,Shape,0.47201480,-0.07957898,-7.34835508,-0.11717509,0.89470432,3.34798052,-0.46761195,-0.55178509,0.02780739,34.35537885,0.11186190,0.46968346,-0.00438275,0.00794658,-7.84299786,-0.47343553,0.57422528,3.18318396
AAGC,Shape,0.18289304,-0.21521978,-9.59491695,-0.13431972,0.87871990,3.34644385,-0.39445086,1.07237335,0.19539809,35.19276649,0.20627563,1.08320538,0.15879800,-0.00785801,-9.93737006,-0.53736257,0.59589630,3.18491839
AAGG,Shape,0.08230705,-0.21940735,-7.53248444,-0.20932119,0.91298840,3.32275967,-0.39655811,1.96669822,0.26865779,34.84068837,0.07778430,0.81885340,0.05803061,-0.08359930,-12.08795391,-0.61534463,0.44730727,3.20192853
AAGT,Shape,0.11442796,-0.12719119,-4.72782789,-0.01307393,0.80216881,3.31159614,-0.14238750,2.42618361,0.16227584,33.60809690,-0.00042510,-0.34034736,-0.00982707,-0.22257470,-13.15092249,-0.50851186,0.62638474,3.18965141
AATA,Shape,0.27228352,-0.05978460,-5.72513496,-0.13238287,0.42220489,3.31724158,-0.20632621,1.39237488,0.06962008,33.54895905,0.03438081,1.09037133,0.12026547,-0.09130301,-11.95147467,-0.40110744,1.21480829,3.22397398
AATC,Shape,0.10845096,-0.09662335,-6.08094614,-0.32190049,-0.10736393,3.33342083,-0.20204348,2.95328809,0.07972278,33.98492724,0.17505322,1.97226746,0.16714171,-0.18449430,-12.84952124,-0.51158018,1.00599820,3.19948899
AATG,Shape,0.10310559,-0.09033822,-6.73989448,-0.33821886,0.34286857,3.34281107,0.03084958,3.48946021,0.22951982,34.73834753,0.11538495,1.90454358,-0.07108494,-0.26408930,-13.58821247,-0.42483635,1.09036541,3.20219009
AATT,Shape,0.30625835,0.05529498,-6.55540677,-0.30680444,0.22092855,3.36328038,0.07572576,2.85527908,0.02429075,33.61859443,0.11655409,1.19193408,-0.05612949,-0.27210556,-12.15738467,-0.42492279,1.23833691,3.19359456
ACAA,Shape,0.60950361,0.12271387,-7.35761242,-0.55190999,0.30208803,3.35388221,-0.05605635,1.81601920,-0.12923291,33.37544464,0.10211765,1.10797595,-0.15570790,-0.27611539,-10.45772266,-0.18444319,1.28159506,3.19916894
ACAC,Shape,0.45267149,0.07510723,-10.78838477,-0.67754157,0.17131088,3.35238417,0.04163662,3.06529143,0.10062567,34.17426582,0.18667984,1.91933292,-0.15683467,-0.27061100,-11.10924538,-0.22022863,0.93419354,3.20667436
ACAG,Shape,0.41942995,-0.02799852,-11.63986358,-0.63547720,0.39955795,3.37562446,0.08823403,3.00650649,0.16987622,34.28454662,0.17069605,0.53635309,-0.27124878,-0.31832758,-10.94590472,-0.27172355,0.92086217,3.16738433
ACAT,Shape,0.54639332,-0.01832599,-10.84749019,-0.45011904,0.88897776,3.36113864,0.07884953,2.53755496,0.09467180,33.95383738,0.13676537,-0.29647662,-0.52169386,-0.37264488,-11.01173757,-0.22787773,1.09965475,3.20762678
ACCA,Shape,0.84220886,0.00969840,-13.01539198,-0.58199924,0.56558632,3.37638931,-0.07005893,0.57781043,0.02155071,34.11313828,0.14842063,-0.78499306,-0.34428417,-0.26351297,-7.30449354,-0.15906809,1.09223930,3.21221407
ACCC,Shape,0.59727423,-0.22111970,-13.63300288,-0.65485001,0.57490789,3.33930242,-0.06785997,1.39715413,0.22619291,34.75762775,0.16309035,-0.66824168,-0.26356888,-0.14325028,-6.41534116,-0.10777080,0.74971122,3.18840817
ACCG,Shape,0.37471644,-0.22911362,-14.78946548,-0.54110670,0.87543211,3.36375798,0.06296760,3.04331258,0.24638209,35.28485343,0.05448968,-1.43448967,-0.36235298,-0.26203303,-7.73936272,-0.40740796,0.79641437,3.15837185
ACCT,Shape,0.43972977,-0.21996884,-11.77416699,-0.29480462,1.03375299,3.34578788,-0.11092519,2.01550897,0.15789272,34.53095249,-0.02441628,-3.07179901,-0.51178117,-0.24583945,-8.33616121,-0.31227991,0.83196019,3.18516548
ACGA,Shape,0.37511719,-0.30373841,-11.45085436,-0.43314571,0.72935226,3.35752608,-0.27649130,2.97506512,0.22069859,34.36006740,-0.01822604,-2.49241083,-0.26140236,-0.04752400,-6.55159953,-0.14105613,1.25548569,3.21450778
ACGC,Shape,0.22747268,-0.33498591,-14.23543845,-0.52605767,0.67817228,3.31854030,-0.12351677,3.49508786,0.34629413,34.85781366,0.01806529,-1.52588684,-0.21999829,-0.09911185,-7.32935370,-0.26475472,0.93359485,3.21801333
ACGG,Shape,0.05238729,-0.37909996,-13.13985932,-0.37220690,0.71357549,3.37462924,0.07507845,4.84318800,0.40670295,34.30556366,-0.03703288,-1.64658005,-0.27959714,-0.12950388,-9.79481668,-0.35656853,0.98026274,3.18163761
ACGT,Shape,-0.15011008,-0.42218573,-9.99530805,-0.38131178,0.75045160,3.33860848,0.07449311,4.71743699,0.36572960,33.20449024,-0.09924477,-2.30179819,-0.25647676,-0.14539332,-8.97845500,-0.32378577,1.21549945,3.21951049
ACTA,Shape,-0.05021028,-0.27049761,-9.59999634,-0.35346435,0.46563368,3.35188921,0.09430931,4.00061368,0.19699131,32.15036751,-0.18240346,-1.75266364,-0.12524870,-0.11721193,-8.85787930,-0.20549471,1.55580757,3.22001125
ACTC,Shape,-0.21285912,-0.33368896,-12.43508102,-0.55493808,0.25008883,3.34576834,0.19666294,4.42541773,0.18006673,33.16931339,-0.09488397,-0.40838600,0.08249149,-0.14552209,-9.45067029,-0.13361637,1.46811013,3.18144676
ACTG,Shape,-0.18359493,-0.41463855,-12.94557493,-0.59896319,0.70258966,3.35482308,0.39012454,6.13842628,0.19773663,33.27920126,0.02516901,-1.35537453,-0.16804185,-0.19357536,-9.05337449,-0.20764813,1.09529475,3.19961160
ACTT,Shape,-0.03712532,-0.25389135,-10.71780729,-0.46909981,0.67108685,3.39966765,0.51116805,5.08391501,0.10885011,32.14232498,-0.08579475,-1.27865383,-0.40900583,-0.28795217,-7.97373372,-0.07626855,1.45806008,3.19087048
AGAA,Shape,0.24768791,-0.20117261,-12.15547451,-0.58681857,0.50066753,3.36935620,0.23404543,3.95439142,-0.05334312,32.06221549,-0.08520426,-0.67805427,-0.22206667,-0.11907267,-7.56788755,0.08861341,1.59802449,3.17681946
AGAC,Shape,0.11315000,-0.24988427,-15.15694855,-0.67831104,0.32719632,3.40051826,0.30729953,3.23799067,-0.00749457,32.69515691,0.00275529,0.12111165,-0.18804479,-0.08278527,-5.23492346,-0.03623052,1.33403214,3.20958518
AGAG,Shape,-0.04674986,-0.32843601,-17.17259473,-0.61238644,0.67174977,3.38275310,0.54346710,3.45869280,-0.02384009,33.58469475,-0.05838783,-0.49692539,-0.33184942,-0.24084956,-6.13249403,-0.08047456,1.13539187,3.16391573
AGAT,Shape,0.13348830,-0.16180964,-14.14519334,-0.41125047,0.95599847,3.39528702,0.42084174,3.57138144,-0.04134022,32.98843919,-0.03719370,-2.20473044,-0.54609604,-0.18254536,-5.66391579,-0.00980886,1.33759271,3.16049379
AGCA,Shape,0.24139684,-0.30675692,-15.57257892,-0.48554413,1.16649998,3.36568617,0.11763329,1.13464905,-0.14451251,33.08682188,-0.13439810,-2.08614883,-0.39120252,-0.09385972,-3.25909730,0.10857010,1.14168539,3.16136176
AGCC,Shape,0.10455009,-0.39471445,-17.68924117,-0.53952433,1.08627377,3.39839117,0.14788797,1.70085023,0.02939224,33.05227959,-0.07657921,-1.69193149,-0.20136618,0.01407996,-2.21501020,0.04427331,0.99919543,3.20031579
AGCG,Shape,-0.29211037,-0.53521122,-17.09316988,-0.43963895,1.27414857,3.41452779,0.29760940,3.25291002,0.12461078,34.40172871,-0.05663736,-2.37359139,-0.23182098,-0.03794968,-4.15093487,-0.17183868,0.65947850,3.18442198
AGCT,Shape,-0.18818483,-0.46258597,-13.98495734,-0.21301789,1.47634548,3.40495790,0.30821167,3.09402916,0.09134855,32.59914373,-0.12482642,-3.10978177,-0.27941805,-0.04154610,-3.34769400,-0.13070504,0.76825029,3.19033811
AGGA,Shape,-0.09907913,-0.50839424,-11.93486778,-0.14937533,1.41810976,3.38098967,0.06053131,1.28707491,0.07968609,32.11946733,-0.21078985,-2.12748302,-0.03426849,0.11916084,-2.70417341,-0.07542907,0.82204699,3.17520913
AGGC,Shape,-0.26164672,-0.64980095,-14.33593677,-0.35214949,1.16559542,3.36010641,0.09795706,2.49509560,0.07273263,32.81898612,-0.13450613,-2.13675748,0.04047011,0.09871673,-2.40069877,-0.16412678,0.72140604,3.18534133
AGGG,Shape,-0.71650552,-0.62464859,-14.31200069,-0.14510475,1.21406244,3.41921729,0.12040756,3.85906948,0.20016615,32.47795222,-0.18118177,-1.74130242,0.07666496,0.08013686,-6.07564385,-0.20791083,0.57911759,3.17950388
AGGT,Shape,-0.65191245,-0.41913113,-9.75285703,-0.06023060,1.52805751,3.39836205,0.20133249,3.50345013,-0.03215945,32.23512467,-0.23839933,-1.82629760,0.06832072,0.03186437,-5.21393632,-0.26485664,0.99490522,3.19998557
AGTA,Shape,-0.48772106,-0.29402908,-9.38121195,-0.09411410,1.22076054,3.34644852,0.19036515,2.25086697,-0.09685830,31.06767736,-0.28387749,-1.30798098,0.29306623,0.07586343,-4.33578655,-0.12051363,1.31945462,3.16894832
AGTC,Shape,-0.52842977,-0.38869979,-10.23588350,-0.23007575,0.93936782,3.36684350,0.10725774,3.27191053,-0.03729673,31.40436536,-0.06444856,0.62201484,0.38236009,0.12610900,-4.73441239,-0.26228293,1.06532905,3.18816091
AGTG,Shape,-0.73679037,-0.38303886,-10.70254259,-0.18387186,1.21851022,3.34970059,0.33569768,3.40058109,0.01981970,32.01382035,-0.12925897,-0.03822574,0.21801050,-0.00924878,-7.62856055,-0.23096199,0.94729323,3.18483172
AGTT,Shape,-0.38669571,-0.29456505,-8.48730656,-0.12050489,1.25637973,3.42257467,0.23525141,2.61103452,-0.25543240,31.47856190,-0.12238616,-0.19969121,0.08998679,-0.06891182,-7.15885989,-0.13829465,0.95703061,3.16191382
ATAA,Shape,-0.37542221,-0.11326092,-8.68161539,-0.23039971,1.34174533,3.42033001,0.29141527,0.17383804,-0.33582243,30.77713072,-0.15523608,-0.05928236,0.18051180,0.00507592,-4.77128660,0.00776441,1.20765608,3.15847985
ATAC,Shape,-0.21687028,-0.20866615,-11.51799959,-0.33598669,0.94895678,3.41204878,0.16926458,0.97188046,-0.26484053,31.73218986,0.07769054,1.55901288,0.16338607,0.02619643,-3.62800857,-0.08612575,0.75477875,3.15501883
ATAG,Shape,-0.30061586,-0.33493871,-12.92491731,-0.28874736,1.45623574,3.40557231,0.30022342,0.51590989,-0.21264287,32.26097030,0.05878603,0.60906312,0.08185289,-0.01137404,-6.00494755,-0.18683660,0.46799561,3.12961515
ATAT,Shape,-0.26207321,-0.22412671,-10.25396616,-0.14762042,1.79142648,3.40321419,0.09753210,0.72119008,-0.32400141,31.99611607,0.04338409,0.06838187,-0.00445534,-0.05212147,-5.33324950,-0.18440305,0.64694344,3.15282775
ATCA,Shape,0.04819779,-0.24940639,-10.03912714,-0.13881513,1.58855073,3.37591495,-0.11310969,-0.72378320,-0.40194094,32.62462326,-0.02768217,-0.07423177,0.11704520,-0.01853795,-2.73733783,-0.09586002,0.56827185,3.15459812
ATCC,Shape,-0.03434919,-0.27048371,-11.32554882,-0.17397462,1.55179816,3.39586552,0.00109970,-0.91920046,-0.26414969,33.33425213,0.09721236,0.33383342,0.09354396,0.03383754,-2.47807712,-0.07251023,0.38652882,3.17000573
ATCG,Shape,-0.31164266,-0.38576125,-12.00302775,-0.08601549,1.61146430,3.38385744,-0.06385975,0.32616365,-0.09698076,33.62407651,0.03925387,-0.05173118,0.12183031,0.04488567,-4.84290592,-0.41211055,0.09323040,3.13436618
ATCT,Shape,-0.13726346,-0.32103047,-9.05534347,0.10402194,1.78005074,3.38680666,-0.14177084,-0.01308567,-0.19438014,33.09913632,-0.05574470,-0.74006013,-0.01238818,0.03820341,-5.17565075,-0.42301499,0.19403017,3.15874846
ATGA,Shape,0.06081698,-0.25808425,-7.35220100,0.03901966,1.67354599,3.36134221,-0.25723671,-0.82327875,-0.09434374,32.45498911,-0.02721967,-0.21621937,0.34845959,0.16376956,-4.85271811,-0.30599912,0.30824628,3.19055450
ATGC,Shape,-0.32051272,-0.34410695,-8.45273627,0.00411504,1.31376291,3.35361487,-0.26341118,0.20805849,-0.01608028,33.20868784,-0.02751882,0.84117901,0.49921538,0.15561466,-5.64433501,-0.45262937,0.22888622,3.13952247
ATGG,Shape,-0.56934447,-0.39063433,-6.40742179,-0.00394727,1.54903489,3.37866673,-0.26784332,1.30607634,-0.07855874,32.96702362,0.01346190,0.75739625,0.44451072,0.07367435,-8.90905849,-0.48229426,0.14906548,3.18152771
ATGT,Shape,-0.46386524,-0.27525433,-3.80842097,0.22733786,1.52886641,3.39096335,-0.18847312,0.97489558,-0.10803788,31.96527791,-0.02094721,0.49625135,0.29800188,0.08247177,-8.51175458,-0.56608501,0.41051009,3.17228945
ATTA,Shape,-0.17941994,-0.17519815,-3.44063331,0.06580992,1.24051361,3.35211248,-0.23060522,0.03867548,-0.12330914,32.34389060,0.00015309,1.75511682,0.36941051,0.04416428,-8.19308405,-0.32508914,0.76374692,3.19193438
ATTC,Shape,-0.34802122,-0.23488594,-4.17164282,-0.00844384,0.87634725,3.34505744,-0.18777102,1.63223334,-0.06762398,31.88066536,0.09157247,2.56315031,0.51955779,0.08844452,-8.62847110,-0.45127325,0.47192753,3.17239852
ATTG,Shape,-0.41688285,-0.11658740,-3.88121124,0.06126017,0.97381883,3.34322850,0.00807824,1.81065314,-0.04353231,32.65741248,0.10404860,2.85473885,0.39032045,-0.07081676,-12.08811147,-0.57113665,0.29074848,3.17750494
ATTT,Shape,-0.13343902,0.11744721,-3.40211451,-0.03110667,1.10183259,3.34955521,-0.02558420,0.99105452,-0.26932281,32.00262748,0.02899229,1.54309562,0.14766064,-0.09594326,-11.19283469,-0.51015872,0.51505339,3.12586348
CAAA,Shape,0.21555245,0.01934383,-3.56608523,-0.06672533,0.82461847,3.34221170,-0.15636149,-0.00383329,-0.31289346,31.71149757,0.15151227,2.87471157,0.22612971,-0.05895254,-8.84767866,-0.32501576,0.69228504,3.16484243
CAAC,Shape,0.05775775,0.01618600,-8.03570428,-0.27833412,0.64358165,3.36967398,-0.13929286,-0.43714831,-0.15918989,33.04956021,0.20353722,3.41510357,0.41438503,-0.07962680,-9.49289137,-0.34441456,0.45920898,3.12987340
CAAG,Shape,-0.02051096,-0.01514997,-7.93983975,-0.29400582,1.20874841,3.37541768,-0.09163752,0.16670727,-0.12276444,33.77198322,0.28163388,2.42630448,0.01944221,-0.13858995,-10.63770645,-0.38652596,0.31727524,3.15337161
CAAT,Shape,0.16291439,0.00669375,-6.94596384,-0.18930917,1.01940101,3.39136250,-0.16003160,-0.09787043,-0.19562411,33.64606692,0.16796026,1.17544519,-0.04302243,-0.18428425,-9.89148170,-0.41539386,0.61612581,3.15796701
CACA,Shape,0.65154956,0.07066242,-7.17295042,-0.16903861,1.06312977,3.36777747,-0.34472932,-1.03045209,-0.17564761,33.39360719,0.18330854,0.67644873,-0.10196825,-0.12730444,-7.26325253,-0.14834833,0.41386574,3.17298987
CACC,Shape,0.42375952,-0.12937966,-10.05335588,-0.22959925,1.05117156,3.34627595,-0.36446213,-0.67727564,-0.01144450,34.76484038,0.24883184,1.78635569,0.11546911,-0.03283675,-7.25800487,-0.33444145,0.17713976,3.18988391
CACG,Shape,0.35232766,-0.10556551,-9.88073529,-0.18744387,1.19787364,3.34120873,-0.28235794,-0.43289780,0.08804552,35.01484888,0.23765533,0.85315358,0.02741198,-0.09473113,-10.32180780,-0.51762484,0.02734609,3.17464100
CACT,Shape,0.35257460,-0.11341144,-7.35322594,-0.11309933,1.47836825,3.35250358,-0.34058692,0.20319682,0.07187633,34.59958673,0.09604159,-0.69527350,-0.07824282,-0.12343096,-9.50847497,-0.52403080,0.18482823,3.18893909
CAGA,Shape,0.39526234,-0.05838428,-6.45720321,-0.12163494,1.08558225,3.31610829,-0.47712502,-0.26800579,0.08741941,33.51659398,0.09022808,-0.00089104,0.13562262,-0.02384643,-8.35950478,-0.31885325,0.41473691,3.20157756
CAGC,Shape,0.26027445,-0.13831189,-8.27436309,-0.20006686,0.55137569,3.35644023,-0.44262661,1.00438457,0.13261927,34.44496493,0.12218354,1.28678296,0.32077544,-0.02589642,-9.32704228,-0.54984510,0.46636714,3.18418717
CAGG,Shape,0.00324536,-0.21715605,-8.17269794,-0.08492760,0.72639570,3.33898497,-0.23901377,1.96945486,0.20874247,34.41135408,0.13010372,0.84892019,0.03335991,-0.10519640,-12.78442208,-0.58381477,0.49617322,3.21277820
CAGT,Shape,0.04365570,-0.14789450,-5.91101652,-0.04182431,0.63778473,3.33178600,-0.18368798,1.96152331,0.20276096,33.92888738,0.03514999,0.25009929,0.03903228,-0.18018581,-12.90825469,-0.48645854,0.62408819,3.21428567
CATA,Shape,0.23056532,-0.01291411,-3.74269562,-0.14816106,0.56590245,3.35388243,-0.35440629,1.81105217,0.02669942,33.13036518,0.04943971,0.65516184,0.17589934,-0.17619163,-10.81923448,-0.46791227,0.98630843,3.20991582
CATC,Shape,0.30037041,-0.01881222,-5.88913209,-0.30206681,0.29949121,3.31549484,-0.13678714,2.16679339,0.15938949,33.69078464,0.10484328,2.28065914,0.24407947,-0.15683643,-11.42522877,-0.40602768,1.02326057,3.21750153
CATG,Shape,0.09556003,-0.06354175,-7.66269549,-0.38850308,0.19842852,3.34761236,-0.08381014,3.12584638,0.14712941,33.66428605,0.15676142,1.64987339,0.12405794,-0.22628985,-14.37654200,-0.49334659,0.90862157,3.18949302
CATT,Shape,0.34492719,0.07890552,-5.41279072,-0.33618849,0.47841170,3.34776919,0.09492655,3.02529029,0.10739031,33.06941503,0.09349975,1.10597686,-0.14402603,-0.31089884,-12.52316166,-0.29600287,1.11433328,3.19510336
CCAA,Shape,0.54786557,0.07099152,-8.08541869,-0.46372831,0.16969290,3.34890650,-0.08725735,2.30096957,-0.07651477,33.07151817,0.13948607,1.90762617,-0.05124318,-0.23291098,-11.22049825,-0.14077672,1.34778846,3.18928057
CCAC,Shape,0.44648146,0.01284194,-11.63955553,-0.71235272,-0.09034890,3.33938359,0.01067278,2.14909115,0.10370258,34.47283469,0.22024710,0.90361422,-0.03920604,-0.26333843,-10.85784115,-0.18700985,1.09145153,3.16775173
CCAG,Shape,0.47679205,-0.03178234,-11.96278619,-0.58741763,0.33310288,3.37106741,0.17415416,3.30229153,0.14800684,34.32064910,0.18984568,0.56572630,-0.31394018,-0.35331560,-10.58667704,-0.26723791,0.83450969,3.16540932
CCAT,Shape,0.60546689,-0.00530537,-9.63455185,-0.47279822,0.50782384,3.39368950,-0.03384715,1.71654803,0.06459509,33.52479281,0.15554909,-0.65795115,-0.46411091,-0.37938145,-9.93619458,-0.26116583,1.09005876,3.21012181
CCCA,Shape,0.72216588,0.06289273,-12.57110129,-0.48735310,0.53426992,3.34121567,-0.05696061,1.44793248,0.00475785,34.32815636,0.09873988,-1.05932719,-0.45261010,-0.23000629,-6.06235007,-0.00198290,1.06068983,3.18911735
CCCC,Shape,0.57311196,-0.19947004,-15.36416920,-0.67663038,0.52766076,3.32114859,-0.10420800,1.68093420,0.16515353,34.84901162,0.17556360,-0.07223786,-0.28897087,-0.14162577,-7.18519945,-0.11127146,0.82882801,3.18638816
CCCG,Shape,0.28200317,-0.34115649,-13.82100223,-0.56149400,0.86502811,3.38616329,-0.03353537,2.51713745,0.25187092,35.37670974,0.05623726,-1.48629401,-0.40724503,-0.19215390,-8.54653848,-0.26609842,0.73160557,3.19801751
CCCT,Shape,0.42319541,-0.31748997,-14.13983296,-0.31199292,1.15736439,3.36985199,0.00095249,2.65872626,0.20037091,34.64442962,0.00865660,-1.92768404,-0.49358239,-0.18573388,-7.96872344,-0.20493852,0.78222819,3.19915463
CCGA,Shape,0.53561608,-0.19088538,-11.90730443,-0.35376056,0.73750928,3.36341866,-0.18428600,1.99129466,0.26084188,33.96633113,-0.02667377,-1.97553070,-0.32416781,-0.11544726,-6.58752018,-0.19802959,1.17216544,3.19390177
CCGC,Shape,0.10602772,-0.37163408,-13.71365240,-0.40325469,0.55663942,3.33775411,-0.10932356,3.27492710,0.33629103,34.25892571,-0.03577293,-1.21480087,-0.06522380,-0.05778317,-7.57915553,-0.31364439,0.90713782,3.18949211
CCGG,Shape,0.00527538,-0.37030114,-13.55103400,-0.43926561,0.71114231,3.37715429,0.01329897,4.51550946,0.43351865,34.07507212,-0.02684505,-1.66976933,-0.20014556,-0.16575414,-9.69227782,-0.31405906,0.82991338,3.19541803
CCGT,Shape,-0.07729839,-0.28073884,-10.40633778,-0.27662689,0.83793639,3.38662848,0.18646170,5.36462883,0.21151617,33.24199639,-0.15472899,-1.96090936,-0.12033575,-0.15342310,-9.93093036,-0.32828425,1.29572927,3.22913395
CCTA,Shape,0.09100149,-0.16370455,-8.21090018,-0.39882324,0.14100472,3.33058829,0.11005635,3.94331762,0.07145681,32.45596120,-0.10094991,-1.33391184,-0.02471012,-0.09696392,-8.29984644,-0.17821345,1.57149326,3.20831493
CCTC,Shape,-0.16272575,-0.25539211,-13.15727435,-0.52056733,0.13857816,3.35831391,0.20198133,4.01583060,0.11810997,33.09484838,-0.03637957,0.20263442,0.05091898,-0.13225496,-8.51456900,-0.12509008,1.49956067,3.19498368
CCTG,Shape,-0.26337199,-0.34484545,-12.71739097,-0.54982739,0.52183913,3.35902450,0.32581314,5.42504360,0.23474526,33.47651739,-0.08464927,-0.40297526,-0.18279458,-0.21411432,-11.02954555,-0.26972466,1.44506170,3.20452348
CCTT,Shape,-0.04322367,-0.19354355,-10.92286478,-0.42606908,0.52129780,3.35677465,0.52076743,4.94514049,0.10453108,32.15456782,-0.11162822,-0.93138733,-0.24449023,-0.32753970,-8.80047205,-0.08893886,1.41757285,3.20216920
CGAA,Shape,0.13421086,-0.10965475,-12.07157825,-0.49306103,0.55629709,3.37144153,0.41532892,3.25331800,-0.13480150,31.97251232,-0.13215222,-0.73584030,-0.21345266,-0.16116666,-6.98458705,0.04235859,1.62151163,3.19972190
CGAC,Shape,0.00625109,-0.32832696,-15.74641023,-0.65547418,0.55217675,3.38729909,0.29921460,3.75438673,0.04366424,32.69535979,0.00858356,-0.04936664,-0.16114794,-0.17378537,-5.94693771,-0.01107655,1.27581081,3.18612951
CGAG,Shape,-0.11338421,-0.27666654,-14.45498502,-0.71013073,0.58757176,3.37759800,0.39947032,3.44504530,0.03437517,33.43183138,0.03740279,-1.47673785,-0.40500889,-0.22057112,-7.09281014,-0.08775753,1.05702098,3.20031066
CGAT,Shape,0.05059845,-0.22544776,-14.04285403,-0.43593557,1.15780863,3.38800536,0.35344099,2.58027523,-0.08214714,32.98049479,-0.03658924,-2.12285485,-0.43716015,-0.18146558,-5.53807885,0.01132831,1.29761768,3.17642202
CGCA,Shape,0.13637288,-0.24478358,-16.12090452,-0.46482940,1.16372928,3.41449647,0.22584118,2.39984456,-0.09102174,33.13339622,-0.07390028,-1.90698664,-0.32552318,-0.05188055,-2.10172129,0.08647403,1.27075107,3.17521591
CGCC,Shape,0.01969285,-0.45565180,-17.79946458,-0.59098517,1.08101002,3.39064539,0.19647992,1.97325982,0.04365442,33.60994284,-0.02311943,-1.94278874,-0.22873869,-0.01716883,-1.55222640,0.02171449,0.95990854,3.19825375
CGCG,Shape,-0.17729481,-0.52516297,-16.74959411,-0.45351944,1.21073711,3.40689303,0.17931298,3.17255194,0.10810611,33.62450516,-0.04930397,-2.70451092,-0.31246158,0.01800028,-3.75829416,-0.19187059,0.73458463,3.15596272
CGCT,Shape,-0.08841528,-0.52505339,-13.91776859,-0.21158050,1.69311914,3.38427820,0.05742316,2.82591816,0.05076104,32.97534115,-0.18820011,-3.26537200,-0.31628349,0.04922647,-3.74291790,-0.11597967,0.78996066,3.15601314
CGGA,Shape,-0.06876684,-0.45360296,-14.43199197,-0.17079862,1.38662927,3.37347616,0.04638492,2.13031641,-0.03900066,32.01865330,-0.18782297,-2.51594925,-0.15453421,0.14768879,-2.63870840,-0.12614703,1.09955904,3.20016229
CGGC,Shape,-0.21245305,-0.59024254,-14.55780419,-0.28577382,1.32385434,3.37570027,0.02311782,2.63473882,0.01593053,32.91531555,-0.11076802,-2.13249703,0.09907394,0.18841096,-3.27813406,-0.19438103,0.69184518,3.17216446
CGGG,Shape,-0.63526959,-0.58623154,-13.05639067,-0.24777858,1.42259223,3.38663997,0.19709049,3.75994920,0.11779660,32.68136023,-0.16097003,-1.43562773,0.17657351,0.07299603,-5.55806379,-0.23256389,0.75465184,3.17782632
CGGT,Shape,-0.60520796,-0.47568690,-9.55648801,-0.02347658,1.42231104,3.38923388,0.24646034,4.04240800,-0.05570707,32.29792942,-0.22314841,-1.56875937,0.02055538,0.07898278,-6.28717211,-0.26119887,0.87921218,3.19004939
CGTA,Shape,-0.30510193,-0.35248418,-8.63846787,-0.08979778,1.22109092,3.39803015,0.04910674,2.41600334,-0.07780205,31.58990653,-0.25571006,-1.02290658,0.37791415,0.07358829,-5.46346344,-0.14872828,1.05804289,3.17307378
CGTC,Shape,-0.67966654,-0.36280944,-11.90268327,-0.13485179,0.85880264,3.37374273,0.16827291,3.01876493,-0.11937348,31.34966333,-0.14237947,0.56237435,0.29033694,0.06604617,-5.38134385,-0.19442489,1.20753601,3.18456476
CGTG,Shape,-0.64652914,-0.46439364,-8.80315965,-0.28013377,1.03796411,3.36534199,0.32011385,3.93835508,-0.00965485,31.53849481,-0.08826235,0.65225236,0.30199017,-0.00499655,-8.02585772,-0.22502058,0.82403450,3.15183100
CGTT,Shape,-0.55765760,-0.21517795,-7.79765126,-0.01766426,1.14105442,3.38522439,0.37035635,2.54166886,-0.27859719,31.36273826,-0.07650667,-0.30890934,0.16634203,-0.05010496,-5.78027165,-0.10463332,1.10535874,3.18749723
CTAA,Shape,-0.20842412,-0.27193571,-6.94367527,-0.13422515,1.14570342,3.38931544,0.27378801,0.49983194,-0.26203814,30.39728436,-0.06055989,0.79435136,0.25962606,-0.01525921,-4.53388343,-0.03808986,1.04596560,3.18918018
CTAC,Shape,-0.44913928,-0.36638393,-8.90000335,-0.33637240,1.16286741,3.40895735,0.17591817,1.22355821,-0.31194196,31.58882413,0.07702069,1.63156224,0.28755680,0.08721374,-4.68037132,-0.03206650,0.75931854,3.14614491
CTAG,Shape,-0.31078530,-0.31642284,-11.67674959,-0.21462736,1.40348328,3.39542198,0.21243027,1.86299544,-0.24928780,32.46853105,0.04856174,0.45028154,-0.01219980,-0.08280019,-5.33038708,-0.21936925,0.67933655,3.16568570
CTAT,Shape,-0.16754185,-0.22173721,-10.67808441,-0.13407271,1.70747602,3.40558724,0.26286984,0.51686521,-0.26902665,32.22656840,0.02156580,0.02808160,0.01975023,-0.10492994,-5.31284436,-0.10848595,0.65417103,3.15954620
CTCA,Shape,-0.03589697,-0.18465802,-9.38052092,-0.10404410,1.53873211,3.39595719,0.00812920,-1.68815541,-0.28916790,32.15624657,-0.05729869,0.36919412,0.14225905,0.05734407,-2.75546718,-0.07715783,0.63486113,3.18624515
CTCC,Shape,0.00035041,-0.41064036,-12.36154056,-0.24630520,1.44083002,3.37646454,-0.12337933,-0.40821794,-0.21205265,33.29551003,0.08304464,0.30094346,0.21165880,0.17746237,-1.76296852,-0.17406321,0.36095901,3.14972594
CTCG,Shape,-0.26083498,-0.40674443,-12.12170159,-0.08865402,1.84876008,3.38182864,-0.15381358,1.12473128,-0.11045907,33.21307493,-0.01728365,0.43729701,-0.01588195,0.09986429,-4.02366244,-0.37607243,0.13340441,3.12220919
CTCT,Shape,-0.20880548,-0.31105895,-9.55150150,0.05136903,1.77485802,3.38810122,-0.16346886,-0.74662965,-0.04533334,32.73604971,-0.01521676,-0.87457707,0.14595029,0.08725248,-5.84924800,-0.37345556,0.30153680,3.13605298
CTGA,Shape,-0.17320780,-0.21991053,-6.52124139,0.02606144,1.93879767,3.38518991,-0.28162497,-1.95750658,-0.15198900,32.38282459,-0.05056478,-0.69830685,0.23082946,0.17686483,-4.73617270,-0.29520069,0.41071767,3.18401851
CTGC,Shape,-0.34430984,-0.36860774,-9.18929400,-0.00239418,1.38706320,3.36472096,-0.26604856,-0.06239524,-0.12632569,32.61060439,0.03734592,0.56332221,0.45381498,0.21411657,-5.58260743,-0.46242962,0.27112487,3.15800392
CTGG,Shape,-0.56061046,-0.34831235,-8.65675434,0.05001330,1.73192083,3.35991670,-0.18244834,1.39550394,-0.00592822,32.99422578,0.00491797,0.57138813,0.47981981,0.10830287,-6.91461453,-0.50191110,0.14557357,3.17171555
CTGT,Shape,-0.35167809,-0.26336804,-4.58293318,0.22071394,1.65920218,3.37074745,-0.10491453,1.53438798,-0.01060749,32.01776625,-0.09376829,0.70524818,0.42109592,0.04634545,-9.10400925,-0.51737627,0.40796582,3.16229484
CTTA,Shape,-0.16816915,-0.12586956,-4.29398973,0.16526252,1.10907062,3.32942457,-0.27432240,0.75684540,-0.16884124,31.86055815,-0.07417768,1.27471819,0.51206623,0.08134394,-8.01408542,-0.37715421,0.75195112,3.17436354
CTTC,Shape,-0.38334819,-0.17670854,-5.05696144,-0.07434789,0.91874614,3.35890493,-0.21599850,0.92471733,-0.09638849,31.61747572,0.06662595,2.64292197,0.55223189,0.01518501,-9.34188729,-0.48110884,0.29918202,3.13903527
CTTG,Shape,-0.44467966,-0.10569509,-5.34284612,-0.07079255,0.97244838,3.37017973,0.01645894,1.96443589,-0.00295713,32.68236879,0.14128072,2.23474224,0.51716898,-0.03742521,-10.50344224,-0.56900785,0.51038839,3.17354391
CTTT,Shape,-0.16544944,-0.02688404,-3.83864887,-0.00476733,1.13820133,3.37153238,-0.01827853,1.14992033,-0.23283251,32.00682314,0.07939949,2.05711802,0.31023651,-0.14762309,-10.59220284,-0.38096306,0.64614578,3.18721353
GAAA,Shape,0.06561344,0.05825744,-3.23336552,-0.20206726,0.95647573,3.33242531,-0.13338109,-0.27062088,-0.28046192,32.02055864,0.09285203,2.08167010,0.28060450,-0.07423404,-10.10992914,-0.25262911,0.80352389,3.16364732
GAAC,Shape,0.09336511,0.03588253,-7.25779926,-0.28438742,0.62527524,3.38613822,-0.10208072,-0.28645727,-0.24754993,33.17230432,0.20873153,3.04339713,0.25450579,-0.06636317,-9.36831474,-0.31618683,0.51907804,3.16965371
GAAG,Shape,0.08729917,0.04688041,-7.12392322,-0.26843062,0.88170649,3.32626386,0.01592121,0.27221876,-0.12855908,33.60554509,0.22498665,2.79679081,0.11884866,-0.13979279,-11.34949449,-0.37211578,0.24977784,3.14660165
GAAT,Shape,0.39727654,0.06822355,-5.33741254,-0.15353469,1.17171369,3.36056231,-0.14747897,-0.08338936,-0.15181637,33.78120661,0.17321838,1.55709587,-0.15421776,-0.21473640,-10.27841711,-0.35713258,0.49632560,3.17287960
GACA,Shape,0.66067771,0.07512347,-7.28386065,-0.24384286,0.91250868,3.34634302,-0.32932851,-1.30953651,-0.25929044,34.01110762,0.18175372,1.12187806,0.11903330,-0.06869533,-7.84098637,-0.25395830,0.38675034,3.16477934
GACC,Shape,0.35759907,-0.09559390,-10.17701575,-0.38155084,0.89005722,3.36174620,-0.44759139,-1.16375559,-0.04998136,34.79990607,0.23577974,1.74531220,0.13354570,-0.02230376,-8.22915622,-0.36435383,0.15273107,3.15122508
GACG,Shape,0.28039194,-0.11060447,-9.60672585,-0.21462234,1.16577707,3.33605790,-0.35481170,0.71458935,0.08733889,35.20858596,0.22086405,1.15401563,-0.04162179,-0.11340081,-9.85259143,-0.55181274,-0.03081346,3.17313902
GACT,Shape,0.31991206,-0.06237397,-6.60736289,-0.03083687,1.32985342,3.36048019,-0.29631140,-0.14048715,0.10749143,34.46263064,0.06305772,-0.16836984,-0.07796378,-0.12182347,-9.29176081,-0.44841459,0.44342967,3.15422740
GAGA,Shape,0.60656309,0.01508418,-6.82939909,-0.01439217,1.03320562,3.33415206,-0.49614222,-0.35697850,0.01157768,34.10178965,0.13374531,0.62307420,-0.03462302,-0.02761364,-7.80834618,-0.48195019,0.48117476,3.21868287
GAGC,Shape,0.22077549,-0.15422074,-8.34260007,-0.13890510,0.64571229,3.32073833,-0.55437637,0.86322392,0.09963814,34.19510889,0.14714686,1.58299517,0.21117779,-0.04417583,-9.43369648,-0.41303504,0.37718640,3.16330128
GAGG,Shape,0.04664901,-0.24050464,-7.77151279,-0.08051079,0.85053493,3.34674290,-0.22946009,1.53014573,0.26669350,34.48458118,0.16185497,0.76330787,0.07986818,-0.12936421,-11.82465995,-0.62351116,0.20452697,3.15965585
GAGT,Shape,0.06750754,-0.09293648,-4.71073328,-0.03793020,0.55001809,3.35775372,-0.25927919,2.26701614,0.11681699,34.11798577,0.03685365,-0.29654571,-0.06996478,-0.20681970,-13.67846272,-0.59374438,0.69109346,3.20755736
GATA,Shape,0.23614361,-0.03344081,-4.19727718,-0.11086031,0.38966177,3.32870627,-0.29793987,2.24239566,0.08787682,33.58101719,0.03199780,0.81623144,0.10832935,-0.09479553,-10.70092847,-0.43509359,1.06524692,3.19272025
GATC,Shape,0.18298911,-0.10943395,-7.48165610,-0.36580997,0.07626018,3.31594863,-0.17373709,2.92515240,0.16178879,33.69769057,0.13494232,2.47873870,0.24101930,-0.17312933,-10.73620206,-0.42856420,0.80083092,3.20734761
GATG,Shape,0.04017965,-0.00287050,-7.68376213,-0.35101678,0.34821848,3.30349095,0.03452179,3.07954238,0.13946644,34.04008279,0.15522033,2.08965166,-0.05608745,-0.30740728,-14.09434716,-0.46415135,0.86622992,3.17301159
GATT,Shape,0.34019485,0.10489517,-5.80115976,-0.29024662,0.48207003,3.37138411,0.05537060,2.69458334,0.06324548,33.74527243,0.07382219,1.24256693,-0.17145511,-0.33209035,-13.13943978,-0.33248024,1.13823447,3.22399968
GCAA,Shape,0.45147014,0.06387061,-7.44013911,-0.33452472,0.30401664,3.33779731,-0.16729602,1.41739951,-0.07079118,33.30501265,0.11187528,1.51195079,-0.21028840,-0.26298052,-10.75261714,-0.23220249,1.35692103,3.22049885
GCAC,Shape,0.54786080,0.08655634,-10.36580022,-0.62142612,0.07278194,3.31568019,0.00668993,1.98813228,-0.07629843,34.67094391,0.27846657,1.46717011,-0.09607101,-0.27551344,-11.62033186,-0.30346502,1.18541647,3.17212881
GCAG,Shape,0.34245684,-0.05354462,-11.35826097,-0.66568381,0.48919928,3.36490095,0.07112556,2.77917320,0.06855178,34.41497716,0.24984471,0.86613675,-0.42844638,-0.37074463,-10.64711058,-0.31225899,1.08963155,3.21238527
GCAT,Shape,0.74249562,-0.05000567,-10.75460452,-0.42928798,0.56570671,3.39301282,-0.00776439,1.46385266,-0.01700064,34.49452475,0.11949438,-0.24558440,-0.45396215,-0.33579095,-9.84299105,-0.18620212,1.01971553,3.18513091
GCCA,Shape,0.75746394,-0.00558794,-12.23884992,-0.56685646,0.59920874,3.35698887,-0.22922010,1.27562386,0.04312717,34.45260506,0.13705698,-0.67625808,-0.36684229,-0.21008784,-8.40794847,-0.06096850,1.11198309,3.19479734
GCCC,Shape,0.66546648,-0.19323307,-15.32147773,-0.62586021,0.23669633,3.33583130,-0.04396367,1.72118054,0.12275085,35.04074220,0.14346096,-0.11721502,-0.25806382,-0.22272844,-7.29683773,-0.26819132,0.79780505,3.17634962
GCCG,Shape,0.24529987,-0.32906519,-13.71327921,-0.53801982,0.97119919,3.39887107,0.00053364,2.88050334,0.28578254,35.30580423,0.16410657,-1.72083964,-0.31036095,-0.19064585,-7.93000447,-0.29321431,0.78140982,3.19051314
GCCT,Shape,0.44111294,-0.33212734,-12.06086764,-0.39489310,1.18050975,3.37554672,-0.01820531,2.55394992,0.25087993,34.65027197,-0.03526295,-2.99165668,-0.47490441,-0.26254703,-8.06349308,-0.22137594,0.88077174,3.20656721
GCGA,Shape,0.38432178,-0.24107325,-13.23191224,-0.30823357,0.69317396,3.35439362,-0.12011278,2.29734760,0.25930477,33.38616416,-0.01765560,-1.49709179,-0.29008310,-0.08149444,-7.57186509,-0.26148791,1.12952072,3.20596615
GCGC,Shape,0.13221742,-0.35583844,-14.71028291,-0.43830810,0.41395657,3.35651196,-0.12373182,2.59397241,0.29264811,34.53149101,-0.00473736,-1.07560455,-0.08801224,-0.07544011,-7.68130992,-0.18580550,1.03622765,3.20599011
GCGG,Shape,-0.10002069,-0.53188260,-11.99094739,-0.42797030,0.39617598,3.31985424,-0.01442422,4.95439762,0.35884921,34.58948127,-0.04143221,-1.42488610,-0.22276268,-0.15123078,-10.10719888,-0.39041603,0.89877334,3.20350248
GCGT,Shape,-0.05100751,-0.27636311,-9.41433323,-0.28254278,0.57475568,3.35701617,0.17742366,4.90070932,0.29395185,33.37038711,-0.16576043,-1.71882782,-0.37260930,-0.15789681,-9.82618115,-0.28946449,1.20391950,3.22044641
GCTA,Shape,0.09931475,-0.20903984,-10.08107417,-0.38789896,0.48511306,3.34479144,0.13223321,4.06102618,0.23073217,33.03649075,-0.14872536,-0.67693665,-0.17848723,-0.07281740,-8.71202377,-0.17592444,1.50291024,3.19598918
GCTC,Shape,-0.04392260,-0.33350775,-11.44375528,-0.50682243,0.20049411,3.38158935,0.18576978,4.13536050,0.18477954,32.68909558,-0.07753218,0.74003236,-0.06991637,-0.05149622,-8.46807133,-0.07783547,1.39877634,3.19657465
GCTG,Shape,-0.19774569,-0.32280996,-13.59717180,-0.54503544,0.23671096,3.35876478,0.45572239,6.07560348,0.21980723,33.04834768,-0.07050107,-1.44665981,-0.13816295,-0.17789769,-10.21180577,-0.15781933,1.29638953,3.17875704
GCTT,Shape,-0.05334011,-0.21849798,-10.74328826,-0.48466495,0.58327297,3.37186878,0.52183094,5.27391416,0.05854365,32.46010616,-0.08919693,-1.16130398,-0.33931764,-0.23980195,-10.22653595,-0.08335374,1.48814507,3.20048556
GGAA,Shape,0.06455494,-0.19616610,-10.99871054,-0.57071624,0.43450132,3.35404307,0.24547713,2.57699592,-0.08405283,32.08894744,0.00015810,-0.49353633,-0.24785366,-0.22363181,-6.36926021,0.04033007,1.62704437,3.19730670
GGAC,Shape,-0.00138078,-0.28890606,-16.13497358,-0.70551977,0.49627905,3.36539628,0.27563814,3.55753238,-0.07293279,33.24859670,0.01023917,-0.88140253,-0.13479626,-0.16237754,-5.64603461,-0.03401237,1.49479115,3.17931004
GGAG,Shape,-0.07722446,-0.28113468,-16.23720589,-0.61573691,0.88834967,3.39442934,0.47591586,3.92166640,0.04944723,33.40033081,0.05332522,-1.55926971,-0.33036240,-0.20653851,-7.03224573,-0.04567602,1.05666022,3.16410897
GGAT,Shape,-0.04695151,-0.34526523,-13.62078420,-0.51960312,1.14250945,3.41072715,0.38666639,1.83830242,-0.04133660,32.63714221,-0.06005711,-2.18589023,-0.35409501,-0.21866035,-4.97041367,-0.00547161,1.20297381,3.20833302
GGCA,Shape,0.31053492,-0.27834159,-13.95368800,-0.48899043,1.13739946,3.39211615,0.19488939,1.90904549,-0.09954498,32.95381657,-0.09004044,-1.34017108,-0.34604578,-0.05567791,-1.31398724,0.09482904,1.22539926,3.16714948
GGCC,Shape,0.02144271,-0.43832455,-17.71734201,-0.52408809,1.06753139,3.41996922,0.18841345,2.26134217,0.10674771,33.64690180,0.02701432,-1.15240880,-0.26034072,-0.00523851,-3.26623970,-0.07113870,1.02737405,3.17865895
GGCG,Shape,-0.22623062,-0.57060268,-16.83628755,-0.30848258,1.13224902,3.40767055,0.26702139,3.25249040,0.10181083,33.46112892,-0.03279818,-1.37741664,-0.19860977,0.02292785,-3.82365799,-0.06666548,0.62527025,3.16224855
GGCT,Shape,-0.08541721,-0.49459289,-13.01979927,-0.17342326,1.66178258,3.41072210,0.15160044,2.68102690,0.07284751,33.03164307,-0.13311649,-3.03873891,-0.32768692,-0.01806295,-3.34042265,-0.07793454,0.79506222,3.20351006
GGGA,Shape,-0.06720625,-0.51922950,-13.63819645,-0.33087687,1.43510143,3.40364642,0.02444689,1.59264163,-0.01752726,32.52844241,-0.19214837,-2.21716672,-0.08241067,0.06501889,-2.30974736,0.00370192,0.90503606,3.20490873
GGGC,Shape,-0.38017822,-0.60214876,-15.48925708,-0.28849070,1.30423190,3.38301527,-0.01908563,2.39565559,0.13246360,32.85706453,-0.13839197,-0.92506172,0.18907525,0.13255772,-3.46212611,-0.18364645,0.86309116,3.18531526
GGGG,Shape,-0.73427073,-0.58945409,-13.29810768,-0.19262719,1.13983212,3.37544588,0.17311884,4.07385833,0.12106028,32.25874244,-0.18958010,-1.37330311,0.10176592,0.04868264,-4.38043645,-0.27701459,0.73848734,3.18784641
GGGT,Shape,-0.54770130,-0.43872650,-10.14578513,-0.02173030,1.56946954,3.36317427,0.14656151,4.07962700,0.10084909,32.06106066,-0.25545931,-1.92560568,0.09859931,0.05735882,-6.49918565,-0.28512352,0.97160396,3.17562782
GGTA,Shape,-0.41951121,-0.40568229,-7.95863136,-0.02681680,1.11295222,3.37905116,-0.00344623,2.42430987,-0.11719123,31.37497163,-0.17904596,-0.87863763,0.19919998,0.14104111,-4.95290022,-0.08563677,1.15456442,3.17450749
GGTC,Shape,-0.66748319,-0.27834398,-10.41533593,-0.21130938,0.96354467,3.35835058,0.13282211,2.85016041,-0.04637272,31.59222284,-0.19445947,-0.90437310,0.35019205,0.12912353,-5.81580611,-0.16695184,1.21783185,3.18824573
GGTG,Shape,-0.64091657,-0.43112700,-10.78996770,-0.32577954,1.25742331,3.40837407,0.30100897,3.94460138,-0.02313738,31.81554623,-0.08492893,0.60497916,0.27266317,0.01989295,-6.67159815,-0.14812464,0.88230767,3.16976177
GGTT,Shape,-0.44793020,-0.25109069,-6.15559304,-0.11741905,1.14382554,3.38665577,0.39979924,1.77828628,-0.21817072,31.20273331,-0.09182316,-0.75773426,0.06674979,-0.07937541,-8.31325013,-0.10821942,0.82820298,3.15133944
GTAA,Shape,-0.38270432,-0.19268024,-8.67325531,-0.20787391,1.00745412,3.35622403,0.29312170,1.38106400,-0.28713774,30.92833014,-0.06541107,0.26051214,0.16403410,-0.02337994,-5.26008811,0.01336221,0.96768497,3.16919207
GTAC,Shape,-0.29236331,-0.28712752,-10.69299324,-0.33142875,1.17647241,3.39017745,0.17609818,0.92351125,-0.26963732,31.69168929,0.05336110,1.73209201,0.24887261,0.00865999,-4.61917762,-0.03624277,0.68258249,3.13654591
GTAG,Shape,-0.47308318,-0.25250314,-11.04915790,-0.22813255,1.24405785,3.42214318,0.29150093,0.42772276,-0.24368963,32.38951418,0.04071107,1.06188978,0.17819309,-0.03859719,-5.42429392,-0.22631056,0.50175129,3.12738258
GTAT,Shape,-0.07044965,-0.24358654,-9.16452082,-0.18750625,1.58658356,3.40840941,0.14832709,0.74647693,-0.31285923,31.85766180,0.01959336,-0.91201711,0.03824409,-0.05378625,-4.66070760,-0.09537914,0.44661469,3.15552987
GTCA,Shape,0.09720624,-0.14453656,-9.89893190,-0.09840862,1.67868355,3.39922169,-0.09127049,-1.34124568,-0.31501007,31.95771043,0.03060863,0.24358570,0.09084402,0.07738445,-2.01151085,-0.14384291,0.61730107,3.15920464
GTCC,Shape,-0.20830032,-0.28512629,-11.78591001,-0.28770962,1.47189494,3.38965813,-0.12891258,-0.34029269,-0.12992488,32.60014556,0.06757445,0.98449179,0.21232806,0.15830873,-2.77138244,-0.16270651,0.15618638,3.14408619
GTCG,Shape,-0.38460204,-0.45110212,-11.83407083,-0.08995342,1.84571437,3.42069718,-0.06248669,0.86115741,-0.11675391,33.21329641,0.09851130,0.19066996,0.08282649,0.07930011,-5.24223615,-0.30666498,0.05300840,3.14113229
GTCT,Shape,-0.20460207,-0.27015535,-9.84092319,0.11415270,1.98328269,3.39647195,-0.09315582,-0.60269271,-0.11088670,33.01020263,-0.06589731,-0.51714429,0.16060584,0.12754637,-5.18044777,-0.39690748,0.13838725,3.14708089
GTGA,Shape,-0.13521035,-0.30566176,-7.95193778,0.19976158,1.68151854,3.36974651,-0.28379586,-1.27757058,-0.21152826,32.50612290,-0.13876267,0.01365497,0.31090649,0.14911687,-4.59270748,-0.33654773,0.40080299,3.16712191
GTGC,Shape,-0.22666741,-0.24079431,-9.00609720,-0.02177435,1.50655167,3.34828945,-0.19976169,0.04576987,-0.06084985,32.95362580,0.00288106,0.30903070,0.52713298,0.21595989,-5.60005499,-0.41609789,0.20204332,3.16245799
GTGG,Shape,-0.49274276,-0.38947935,-7.74035594,0.00343643,1.72772876,3.33958262,-0.16350636,0.59979977,-0.05317162,32.88711393,-0.00947365,0.82083934,0.32104010,0.09665398,-8.55818833,-0.52340794,0.00381897,3.15830345
GTGT,Shape,-0.42721837,-0.26172557,-4.14518584,0.22585803,1.50040071,3.38638757,-0.23019627,1.51305527,-0.12269132,32.05655688,-0.10309798,0.39251626,0.39030885,0.07342518,-8.96077480,-0.48333556,0.56539005,3.21373091
GTTA,Shape,-0.18472009,-0.20342804,-3.89457276,0.07832095,1.33123268,3.36669628,-0.22845407,0.48159424,-0.18428877,31.38919786,-0.06427388,0.99556128,0.49891597,0.08393039,-7.67190398,-0.39500443,0.51143251,3.17820151
GTTC,Shape,-0.48568741,-0.21484648,-4.18294644,0.00363614,0.96132222,3.32960899,-0.22964762,1.31812204,-0.16763198,32.89728805,0.04566416,2.76867498,0.63199664,0.04741712,-9.70142707,-0.46882614,0.45771900,3.17357380
GTTG,Shape,-0.38023702,-0.16347298,-3.85328651,-0.10530705,0.94981198,3.36858256,-0.00297861,0.92768468,-0.10706362,32.43272033,0.04149920,2.39595394,0.47826987,-0.07042421,-11.66103604,-0.48235595,0.27227722,3.15565228
GTTT,Shape,-0.06056401,-0.02729842,-4.69585192,-0.05270088,1.13279862,3.37234936,0.06617045,1.09506480,-0.16078427,31.72069039,0.09857163,2.01534394,0.24296439,-0.16117929,-11.18886966,-0.29643727,0.73195023,3.17231873
TAAA,Shape,0.15339079,0.04051104,-3.67769562,-0.07055627,0.74414577,3.35173077,-0.17971209,-0.11717153,-0.30323938,32.32524778,0.11046788,2.21679137,0.26925911,-0.11861507,-9.06715615,-0.30865421,0.86994773,3.17558846
TAAC,Shape,0.08446716,-0.02132723,-7.30816972,-0.29265168,0.61269827,3.35091502,-0.15876274,-1.04360900,-0.25012442,33.23517800,0.30813240,3.68322866,0.35550307,-0.05717687,-9.01576585,-0.24141802,0.52496933,3.17023474
TAAG,Shape,0.13666729,-0.04293889,-9.62142704,-0.22390611,0.98520649,3.38247389,-0.02046822,0.73639401,-0.18421921,33.59174472,0.24697994,3.39845212,0.03094515,-0.18916571,-9.90669568,-0.45469733,0.06122916,3.11196118
TAAT,Shape,0.49235125,0.11622253,-5.97554824,-0.21580983,1.21249752,3.35773159,-0.16772378,-0.99157050,-0.20028484,33.06204108,0.19260066,1.09207624,0.01498505,-0.15463225,-9.71505690,-0.38476645,0.50327711,3.18291792
TACA,Shape,0.57701442,-0.01518501,-7.47649578,-0.12002699,1.22917123,3.35274427,-0.30010569,-1.40280491,-0.14746171,33.22407166,0.13983606,1.33108585,0.03588914,-0.01810708,-8.40205892,-0.22295488,0.68126210,3.17949133
TACC,Shape,0.33417419,-0.10484134,-9.97393092,-0.31886698,0.76222133,3.35041480,-0.33378136,-1.54563610,-0.06040593,35.00542002,0.28208455,1.78086474,0.03878204,-0.05931823,-6.63992638,-0.33189327,0.15521841,3.16789600
TACG,Shape,0.34750406,-0.20250882,-10.24488136,-0.16648573,1.09990004,3.35906043,-0.22608375,0.58440928,0.07414997,34.88442157,0.18860319,1.11992120,0.06013064,-0.08406727,-10.22291612,-0.43491516,0.11057284,3.15063802
TACT,Shape,0.21235526,-0.15485188,-6.46069592,-0.09028620,1.22034315,3.35409211,-0.24718074,0.93420714,0.09233858,34.15761111,0.12813188,-0.23311180,-0.04145998,-0.12283488,-8.72808991,-0.47037695,0.35916593,3.15564601
TAGA,Shape,0.48866437,-0.11988564,-5.89783073,-0.14451427,0.98905941,3.34017655,-0.43003649,-0.22041418,0.07591828,34.64956136,0.11504165,-0.66560000,0.16135491,-0.08912465,-8.32963472,-0.46567315,0.47846293,3.17438767
TAGC,Shape,0.18078315,-0.20986082,-8.23997042,-0.20136508,0.83039387,3.33362841,-0.41751323,0.82659159,0.20214547,34.41541336,0.16353231,1.21287301,0.27921908,-0.01640935,-9.30894286,-0.51081456,0.25286949,3.19736357
TAGG,Shape,0.07878437,-0.16554722,-7.23151304,-0.13814928,0.60892513,3.32054878,-0.34325524,2.94731660,0.23257450,34.31748909,0.09110674,0.74210399,0.15207993,-0.07146305,-13.14364629,-0.63655736,0.32224670,3.19917829
TAGT,Shape,0.07400912,-0.07601464,-5.02846548,0.01637117,0.89627570,3.33783576,-0.36767976,2.24776500,0.12607349,33.91821710,0.00456322,-0.24790093,0.02708589,-0.20935897,-12.70383486,-0.50431540,0.61161772,3.20349271
TATA,Shape,0.39623390,-0.01321694,-4.56371501,-0.14713570,0.36483301,3.31502778,-0.33518790,1.89941358,0.00428484,33.46138494,0.06150546,0.79193656,0.08734143,-0.13572999,-11.71087028,-0.39733327,1.02962556,3.21925166
TATC,Shape,0.19038245,-0.02563888,-7.50843088,-0.32434127,0.07545175,3.34345525,-0.11175037,2.93856650,0.10515777,34.31257234,0.16872444,1.78054982,0.27025739,-0.15519497,-12.61835268,-0.37475095,0.72821680,3.18453763
TATG,Shape,-0.06052931,-0.04710315,-7.29595465,-0.34964500,0.35947652,3.31702012,0.01944742,3.80392091,0.16215737,33.54006628,0.19278768,1.75215167,0.07060626,-0.31898820,-13.68004940,-0.50120901,0.90827185,3.17785834
TATT,Shape,0.16566223,0.05851521,-6.36910433,-0.19222132,0.36760569,3.34586953,-0.07439010,3.76459619,0.10154470,33.51449149,0.09362617,0.67487496,-0.17975256,-0.32756579,-13.03539762,-0.36889912,1.12061767,3.22077159
TCAA,Shape,0.54489979,0.13690247,-6.66107033,-0.49236079,0.28763915,3.35336794,-0.07050288,2.43295658,-0.00964864,32.84400212,0.12074287,0.98290752,-0.08159988,-0.28389924,-10.25608819,-0.22466013,1.13040085,3.21824465
TCAC,Shape,0.59527629,-0.03087889,-9.84739590,-0.57586242,0.08470267,3.33980585,-0.00367826,2.95446402,0.02617523,34.32280739,0.27508145,1.68967273,-0.15616807,-0.24735456,-11.05222478,-0.22739633,0.97872203,3.19989897
TCAG,Shape,0.41944512,-0.03631769,-11.52709073,-0.61513468,0.35481791,3.35776705,-0.00194043,2.82118646,0.17407987,34.44452121,0.20391865,0.84670327,-0.25310383,-0.34092445,-11.73060212,-0.28110431,0.93997103,3.19937725
TCAT,Shape,0.61834792,0.01406609,-9.85021630,-0.47955087,0.64351375,3.36318812,0.11408808,2.68011213,0.02060207,34.11864484,0.15859460,-0.65285063,-0.48189106,-0.39129898,-9.29975507,-0.14817497,1.14834192,3.19145799
TCCA,Shape,0.76140620,-0.04152162,-9.76850371,-0.55585186,0.38385288,3.36425725,-0.16280076,0.80361993,-0.00488547,34.02268469,0.11212319,-0.34472109,-0.38613428,-0.23206333,-7.12104778,-0.10496271,1.19457965,3.16073898
TCCC,Shape,0.63851412,-0.24499575,-16.31849687,-0.57082140,0.40199512,3.33620525,-0.05882817,2.11572182,0.11813694,35.23948719,0.12618943,-0.36352793,-0.34595462,-0.15506569,-6.55931271,-0.12556312,1.15908124,3.18255761
TCCG,Shape,0.37822313,-0.22589283,-15.01643528,-0.58124892,0.78736712,3.36376421,-0.00394727,3.71371665,0.24325293,35.70114420,0.08808542,-1.64544602,-0.35621516,-0.22582166,-8.93705822,-0.28878645,0.69985634,3.20322272
TCCT,Shape,0.42996791,-0.24045625,-13.14625743,-0.41354656,1.01582692,3.36503241,0.16298027,3.91395759,0.24182731,34.46177733,0.00922586,-1.89953962,-0.46948673,-0.19275771,-8.19495812,-0.35253771,0.75918281,3.19737135
TCGA,Shape,0.37706978,-0.10541872,-12.73449273,-0.37765056,0.58829489,3.32721286,-0.23430808,1.86339645,0.17343446,33.98695835,-0.03796281,-2.21251297,-0.32572647,-0.08534366,-6.25430082,-0.26135366,1.08232889,3.21866032
TCGC,Shape,0.25782310,-0.39838166,-15.09814416,-0.51724265,0.63870514,3.34558667,-0.09970084,3.33601999,0.27425056,34.23813832,0.00944051,-0.78510325,-0.09511833,-0.12740868,-8.06286045,-0.27126241,0.88803618,3.21107189
TCGG,Shape,0.00036561,-0.37744618,-13.35692949,-0.36878165,0.71959517,3.34603738,-0.01150180,5.20303392,0.43747455,34.40195058,-0.05299935,-2.06390502,-0.20123464,-0.12541495,-10.09390363,-0.30387242,0.66475967,3.18843389
TCGT,Shape,-0.12482840,-0.32087380,-10.74151104,-0.24417773,0.60529667,3.36312478,0.20783679,4.46059143,0.20534593,32.93963301,-0.15624537,-2.06536589,-0.18976841,-0.24102592,-9.76278145,-0.28441170,1.32834200,3.22134929
TCTA,Shape,0.25210772,-0.22541828,-10.65178443,-0.40228819,0.34842545,3.36074498,0.08193017,4.38747451,0.11155978,33.75692707,-0.13228185,-0.87254273,-0.19010296,-0.15576214,-7.46004736,-0.22090199,1.38304939,3.21734628
TCTC,Shape,-0.04580876,-0.27486434,-12.50288392,-0.49923361,0.28354850,3.35277371,0.21238870,4.93033848,0.17767244,32.97088307,-0.05993898,0.13119395,-0.05949968,-0.11920095,-8.74206795,-0.15326629,1.28634454,3.18182245
TCTG,Shape,-0.28330480,-0.36382435,-12.92649365,-0.55779238,0.20590742,3.34971681,0.37187560,5.34329273,0.22454721,33.58029039,-0.09278244,-0.52870756,-0.02234095,-0.24955338,-9.70005101,-0.21028482,1.47416597,3.21253260
TCTT,Shape,-0.18960569,-0.21037244,-12.50146367,-0.45217803,0.55752566,3.38552977,0.33948260,4.58258577,0.08928291,32.40336542,-0.11632243,-1.53968764,-0.32476465,-0.28591251,-9.82421475,-0.06375254,1.43473539,3.18571459
TGAA,Shape,0.21607571,-0.15125412,-10.74626070,-0.54141814,0.51141642,3.35119851,0.25694664,3.03480100,-0.06424770,31.75327989,-0.02495017,-1.12020766,-0.18851229,-0.15137413,-7.30976935,0.09317681,1.54174256,3.20565195
TGAC,Shape,0.10078103,-0.26759698,-14.96760257,-0.60142095,0.42831654,3.36661664,0.23074413,3.55121118,-0.01973267,32.42127226,-0.00247939,-0.24977126,-0.18713173,-0.18379065,-5.41495212,0.05408464,1.45546164,3.19017296
TGAG,Shape,-0.10721513,-0.31511656,-16.36218823,-0.62877768,0.79997983,3.42335259,0.36243222,4.45295823,0.04118738,33.12534349,0.03952232,-1.27095023,-0.32312711,-0.17633290,-7.21485819,-0.06224709,1.30600035,3.16342226
TGAT,Shape,-0.02210605,-0.23383712,-13.97811628,-0.51929201,1.21949311,3.40722631,0.38725644,3.13430677,0.00437568,32.57167302,-0.06223365,-2.41464207,-0.31133067,-0.14721609,-5.37789619,-0.02557611,0.99783236,3.16760144
TGCA,Shape,0.33846464,-0.25150197,-15.29923920,-0.52625842,1.03148550,3.41924518,0.24886384,2.94292541,-0.12971809,32.63204443,-0.04648714,-2.43487711,-0.45617747,-0.03253749,-3.00703929,0.08373759,1.10868772,3.18864398
TGCC,Shape,-0.00470835,-0.43477428,-18.90285953,-0.49004938,1.01349499,3.38718967,0.18615225,1.36640488,-0.08853805,33.05271333,-0.04003138,-1.89501149,-0.16530481,-0.03265598,-1.99317656,0.01125111,0.85088188,3.17478449
TGCG,Shape,-0.24276255,-0.55439110,-16.38846785,-0.48876553,1.63336123,3.40078002,0.25579943,2.72305860,0.12540185,34.29257499,-0.09075064,-2.10967170,-0.26602387,-0.07861336,-4.68969394,-0.10808472,0.75592605,3.18752946
TGCT,Shape,0.05687796,-0.52561339,-15.47786554,-0.23311527,1.47578771,3.38450635,0.14684755,2.94794155,0.00533738,33.47898177,-0.15440393,-3.82549128,-0.29526441,-0.01234567,-4.66074224,-0.14029878,0.84172081,3.18448792
TGGA,Shape,0.04229837,-0.48930833,-13.51555195,-0.21371703,1.39287161,3.39766093,0.04997295,1.41789761,-0.00441460,31.86762226,-0.21707102,-2.57277275,-0.12016821,0.16514599,-3.15607491,-0.09789029,1.07057523,3.19495035
TGGC,Shape,-0.32522303,-0.58759515,-14.39911685,-0.37576537,1.23153874,3.37084473,-0.02506604,2.81518010,0.14181279,32.89094326,-0.14421772,-1.25213062,0.07729481,0.13982780,-3.21906765,-0.13564188,0.62684755,3.18196388
TGGG,Shape,-0.69332729,-0.55940479,-12.23980075,-0.19588226,1.28659979,3.39338331,0.19962457,4.24952326,0.13856852,32.98854288,-0.17464797,-1.91517047,0.17798829,0.05163877,-4.93048909,-0.23911722,0.65761424,3.19220017
TGGT,Shape,-0.52227332,-0.46979118,-8.95837140,0.00894941,1.62857778,3.39381267,0.26595003,3.68621096,0.09959131,31.57327872,-0.21873202,-2.27628015,0.09209995,0.03065295,-5.69719830,-0.21782107,1.07482827,3.17390693
TGTA,Shape,-0.61658476,-0.42116058,-8.81010651,-0.08707466,1.20253628,3.38228577,0.10582864,2.58133436,-0.17698228,31.10764204,-0.22263816,-0.93141273,0.16933838,0.11987416,-4.74778262,-0.17265995,0.94631874,3.16229202
TGTC,Shape,-0.59313523,-0.38769376,-11.10796628,-0.28523719,1.02676558,3.37651604,0.13694263,3.42773328,-0.07069319,31.92216295,-0.12166438,0.44774434,0.37284598,0.13257920,-5.49480491,-0.17158446,1.09681581,3.18448472
TGTG,Shape,-0.77615133,-0.44160778,-10.50031963,-0.19108658,0.80231427,3.38838905,0.31299141,3.86418508,-0.05157277,31.86782827,-0.12648504,0.82725988,0.15825332,-0.01273464,-6.67214127,-0.12685754,0.76050886,3.16693978
TGTT,Shape,-0.58244212,-0.29128283,-7.14022519,-0.10798854,1.46791530,3.39896331,0.38513462,3.08237540,-0.17016960,30.73146683,-0.18404585,-0.82152989,0.27580960,-0.06452707,-7.07655136,-0.19047084,1.04844459,3.16551639
TTAA,Shape,-0.35369283,-0.19248635,-6.95833055,-0.12163427,1.30719778,3.38025483,0.18228981,1.46682117,-0.35858561,31.38159838,-0.11538279,0.52856662,0.21443011,0.02326102,-4.09516758,-0.03858300,1.00249424,3.19711624
TTAC,Shape,-0.26212390,-0.24784443,-10.63948610,-0.38341813,0.97072332,3.35795218,0.09168557,0.76985581,-0.26533173,31.71334990,0.05122262,1.98218696,0.14655061,0.03190873,-3.53232988,-0.02061619,0.88552530,3.13542055
TTAG,Shape,-0.37153330,-0.41964450,-12.03996495,-0.30677406,1.54231958,3.41401152,0.24052068,0.94488736,-0.20400014,32.91239174,0.06892268,0.93261189,0.14140604,-0.05388105,-5.20338706,-0.20383937,0.62300783,3.14514117
TTAT,Shape,-0.14369401,-0.27250546,-8.98073331,-0.13656929,1.73817504,3.44397955,0.12492210,0.28215728,-0.27852253,31.74068712,0.00228950,0.49176705,-0.00971895,-0.09852024,-4.62565662,-0.14325846,0.58172532,3.17042739
TTCA,Shape,0.09985735,-0.19668255,-10.31004888,-0.15428770,1.72248700,3.41369456,0.05619558,-0.82159397,-0.39182820,31.40631630,-0.01719588,0.85559348,0.09849970,0.07038954,-2.36980234,-0.01415676,0.78450949,3.15581362
TTCC,Shape,-0.18898730,-0.35289527,-12.53180239,-0.20939880,1.71871791,3.42368925,-0.10905507,-0.73108430,-0.28812298,32.97153315,0.03711882,0.48682955,0.22151184,0.10732323,-2.73884399,-0.13315005,0.19543299,3.14303653
TTCG,Shape,-0.41090542,-0.44295169,-11.99237073,-0.09707516,1.76927570,3.40281212,-0.13145753,0.71487492,-0.07019848,33.65397697,0.08157246,0.67001473,0.09391960,0.06763666,-4.62746709,-0.41525258,0.15806530,3.15382992
TTCT,Shape,-0.34546847,-0.34111794,-8.33392497,0.06575599,1.83059095,3.37827825,-0.09311524,0.09445994,-0.11974702,32.85660658,-0.04654790,-0.58893326,0.07162133,0.06530309,-5.65639528,-0.31834015,0.08219382,3.15773288
TTGA,Shape,-0.14243929,-0.21405832,-7.58062366,0.02475913,1.68830715,3.35644608,-0.24568186,-0.28615571,-0.17333190,32.48132466,-0.04855979,-0.21303022,0.16623046,0.14352647,-4.56251186,-0.32331110,0.44714826,3.14526244
TTGC,Shape,-0.28404593,-0.38444273,-8.11268709,-0.01541234,1.24022621,3.37009709,-0.27480003,0.14092329,-0.04354200,32.65360513,-0.02597703,0.83572948,0.55032069,0.21130018,-4.34717277,-0.47158726,0.27458527,3.14522866
TTGG,Shape,-0.55952256,-0.34004706,-6.63477078,0.01699794,1.37392770,3.37091809,-0.17029493,1.08681591,0.05454216,33.24958571,-0.02752184,0.80982669,0.52760147,0.12822499,-8.33812786,-0.48845929,0.02576700,3.17605807
TTGT,Shape,-0.35795172,-0.18374979,-3.86232045,0.14759668,1.42583662,3.36364815,-0.12049836,1.60272298,-0.13918840,31.61681909,-0.05889253,0.15543185,0.37303965,0.05671545,-10.14148611,-0.52098105,0.54464534,3.18889732
TTTA,Shape,-0.31660381,-0.13768955,-5.17524323,0.08340750,1.07352460,3.36171744,-0.21732927,0.65597191,-0.14844760,32.06695563,-0.02909758,1.38290411,0.52748932,0.06296336,-7.36801217,-0.39921887,0.62058536,3.16546298
TTTC,Shape,-0.36845056,-0.13670469,-6.44783771,-0.04411115,0.97073638,3.33210013,-0.12840828,0.55239211,-0.06635367,32.02709907,0.03106763,3.13487118,0.50496117,0.06618026,-8.23511414,-0.46861308,0.36847273,3.17629380
TTTG,Shape,-0.46092212,-0.15760448,-4.90938145,-0.03529570,1.04254178,3.36855923,0.00813751,1.58379539,-0.04834309,32.45888655,0.10452493,3.17148217,0.39054081,-0.04799629,-11.03463071,-0.45992755,0.38045048,3.17731638
TTTT,Shape,-0.21917287,-0.00985596,-3.09411133,-0.06022337,0.97586644,3.36443840,0.13585571,2.27321826,-0.17912124,31.76096728,0.02528351,1.89948299,0.15710097,-0.14016263,-11.90047449,-0.36863644,0.72616958,3.18545467
AAAA,Variance,0.02158341,0.00737283,1.84641990,0.00680367,0.06999535,0.00058919,0.01713318,0.78575984,0.00938235,0.25272656,0.00342275,0.57417507,0.01097991,0.00636737,1.43046965,0.00489787,0.03422231,0.00092826
AAAC,Variance,0.02495897,0.00570219,1.88853333,0.00792222,0.05162234,0.00063583,0.01203234,0.76797383,0.00980340,0.24763199,0.00340376,0.76378708,0.00770310,0.00368466,1.72692434,0.00808132,0.03668385,0.00074299
AAAG,Variance,0.03047825,0.00558411,1.62918617,0.00675543,0.05879414,0.00060157,0.01562779,0.90460369,0.00865943,0.32169607,0.00365212,0.44040495,0.00938212,0.00301344,1.96799985,0.00715155,0.02026279,0.00061872
AAAT,Variance,0.02222740,0.00675069,1.58848500,0.00995296,0.06453193,0.00087912,0.01488247,1.00889643,0.00660605,0.23478856,0.00500272,0.49189852,0.01271608,0.00337701,1.65220141,0.00546994,0.01748768,0.00059307
AACA,Variance,0.03018067,0.00592609,1.27926261,0.00851374,0.07167238,0.00085473,0.01305837,0.90590916,0.00807146,0.22864680,0.00337225,0.39069684,0.01191947,0.00315833,1.70455726,0.00727609,0.03911044,0.00060195
AACC,Variance,0.03282637,0.00642738,1.27325836,0.00706426,0.06969106,0.00081810,0.01365566,0.88874858,0.00756375,0.30968580,0.00262528,0.28762083,0.01168307,0.00316140,1.39529937,0.00700224,0.03031920,0.00059081
AACG,Variance,0.02353703,0.00650628,1.06108799,0.00718104,0.06406792,0.00135458,0.01969869,1.44467711,0.00843350,0.26680330,0.00264078,0.32510610,0.01441126,0.00367359,1.45261430,0.00610429,0.03997924,0.00049766
AACT,Variance,0.02207695,0.00603022,1.46060255,0.01332111,0.07516749,0.00125804,0.02116248,0.93057199,0.00940066,0.24044571,0.00305851,0.42075024,0.01160485,0.00346501,1.61101745,0.00582073,0.03423126,0.00071409
AAGA,Variance,0.02737043,0.00482289,1.77862790,0.01334627,0.06008828,0.00101126,0.01765569,0.77384351,0.01109580,0.25560661,0.00184545,0.52547426,0.01294155,0.00391461,1.56139318,0.00684829,0.04836638,0.00074261
AAGC,Variance,0.02386265,0.00384122,1.73897494,0.00924290,0.04098518,0.00077080,0.01269762,0.66442214,0.01124085,0.32355524,0.00191236,0.44642993,0.01117120,0.00383040,1.95290609,0.00763480,0.03182447,0.00077380
AAGG,Variance,0.02762308,0.00503515,1.96663450,0.00946223,0.03957594,0.00088564,0.01633076,0.74392984,0.01004819,0.22594899,0.00289578,0.49850424,0.01133211,0.00298143,1.78638084,0.00856427,0.02887894,0.00077206
AAGT,Variance,0.01785810,0.00542070,1.60885875,0.00839877,0.04776854,0.00108910,0.01249360,0.92228075,0.00862008,0.30207375,0.00285180,0.34964742,0.01275351,0.00306116,1.39478806,0.00819077,0.03619997,0.00062568
AATA,Variance,0.01978774,0.00524252,2.14202109,0.00888150,0.06719399,0.00117232,0.01212912,0.75371436,0.00964310,0.35768275,0.00276848,0.40637339,0.01612726,0.00225918,1.16196181,0.01057967,0.04857773,0.00073418
AATC,Variance,0.02094130,0.00615923,1.88702249,0.00612659,0.04678053,0.00095325,0.01125128,0.69955284,0.00875610,0.36365949,0.00241759,0.45542345,0.01761956,0.00238246,1.15652284,0.01024588,0.06053659,0.00073869
AATG,Variance,0.02067625,0.00729023,1.66193133,0.00772444,0.04757645,0.00106971,0.01616025,0.70983083,0.00614229,0.30970852,0.00213010,0.37879285,0.01486876,0.00230695,0.87794386,0.01027266,0.05083984,0.00056077
AATT,Variance,0.01451946,0.00949581,2.09431512,0.00859222,0.05152161,0.00129680,0.01329877,0.55836996,0.00801129,0.33245120,0.00293588,0.50653866,0.02307723,0.00321547,1.08631398,0.00672530,0.05306356,0.00082987
ACAA,Variance,0.01669684,0.00794290,2.14224920,0.00709447,0.04919114,0.00096981,0.01107824,0.55188787,0.01176733,0.35695337,0.00232249,0.74706956,0.01669267,0.00302488,0.93909045,0.01030435,0.07495691,0.00102386
ACAC,Variance,0.01828072,0.00643831,3.17940624,0.00796231,0.03852567,0.00070734,0.00988221,0.44275804,0.00652977,0.40549055,0.00231403,0.62562758,0.01373627,0.00248050,1.10803528,0.01078837,0.04736845,0.00088713
ACAG,Variance,0.01634524,0.00724106,2.76896810,0.00676852,0.03147204,0.00075259,0.01055037,0.76284327,0.00633248,0.40672456,0.00416414,0.56485810,0.01238770,0.00243895,0.97176765,0.01101571,0.04061380,0.00093147
ACAT,Variance,0.01515789,0.01008680,2.83080511,0.00628473,0.04043015,0.00069421,0.00965466,0.47074226,0.00514755,0.44663316,0.00392598,0.65066683,0.01476065,0.00235208,0.99347752,0.00941912,0.05027236,0.00107567
ACCA,Variance,0.01850578,0.00852319,2.93821113,0.00463252,0.03725213,0.00077341,0.00867257,0.61048870,0.00673728,0.40004112,0.00304716,0.60505935,0.01703614,0.00279847,0.72639419,0.00849792,0.05607724,0.00120065
ACCC,Variance,0.01570812,0.01129202,2.42171191,0.00386638,0.05376927,0.00062612,0.00791867,0.70566784,0.00665797,0.48937136,0.00285291,0.44673722,0.01638296,0.00202065,0.71972530,0.00967429,0.05408467,0.00098053
ACCG,Variance,0.01660719,0.00892937,2.16016384,0.00429689,0.04727516,0.00090576,0.01032484,0.81725998,0.00547848,0.39277123,0.00264530,0.51143981,0.01921506,0.00229786,0.94201808,0.00637144,0.04111804,0.00095986
ACCT,Variance,0.01308528,0.01097123,2.38200149,0.00611334,0.06892346,0.00077173,0.01108405,0.67161939,0.00636421,0.28218990,0.00309241,0.72452637,0.01955364,0.00379403,1.16343494,0.00525569,0.06445557,0.00108559
ACGA,Variance,0.01544636,0.00824507,2.88502245,0.00694636,0.06304841,0.00066507,0.01323314,0.55430170,0.00876927,0.33573117,0.00345783,0.61409334,0.01380657,0.00490449,1.13684209,0.00664958,0.05089811,0.00142265
ACGC,Variance,0.01760702,0.00737771,3.22875832,0.00681566,0.03788775,0.00053035,0.01027462,0.53283470,0.00668401,0.34420692,0.00388174,0.65482927,0.01067754,0.00450683,1.61365208,0.00918185,0.04109409,0.00109970
ACGG,Variance,0.02255584,0.00932900,2.50359078,0.00576573,0.03148880,0.00043170,0.01303537,0.54526727,0.00490128,0.37520534,0.00489204,0.54506457,0.01181465,0.00349518,1.52055969,0.00682505,0.03101530,0.00079778
ACGT,Variance,0.02201519,0.00866446,1.98583754,0.00622339,0.05192636,0.00064583,0.01148802,0.79423477,0.00461748,0.36347120,0.00537828,0.52092044,0.01399653,0.00325278,1.37979367,0.00662683,0.03154041,0.00108437
ACTA,Variance,0.02498007,0.00955112,1.63614842,0.00655886,0.06099610,0.00059909,0.00928665,0.63263819,0.00520165,0.38985544,0.00384798,0.60394219,0.01160322,0.00365463,1.06225943,0.00643194,0.04289649,0.00092750
ACTC,Variance,0.02735388,0.01036779,1.61963074,0.00574448,0.06077765,0.00063622,0.01263059,0.84918266,0.00521106,0.42260347,0.00434280,0.51186379,0.01629820,0.00331827,0.96320651,0.00604265,0.03137023,0.00080720
ACTG,Variance,0.02055899,0.00836939,1.51494714,0.00587142,0.04889173,0.00069353,0.01653624,1.03924446,0.00627608,0.35606962,0.00433794,0.44404065,0.01121965,0.00405368,1.70304209,0.00621430,0.03956067,0.00065902
ACTT,Variance,0.01993966,0.00983100,1.76741237,0.00739363,0.06142127,0.00087522,0.01761598,0.82433167,0.00711529,0.21738201,0.00428869,0.49972242,0.01362219,0.00365029,1.52964272,0.00411792,0.04248514,0.00085289
AGAA,Variance,0.02340002,0.00674063,1.56582780,0.00924854,0.07124966,0.00069564,0.01315432,0.79995742,0.00963395,0.24979550,0.00333853,0.61233814,0.01385282,0.00584979,1.37652883,0.00442682,0.04024332,0.00107845
AGAC,Variance,0.02407310,0.00505184,2.19681637,0.00796457,0.06146268,0.00055142,0.01256946,0.62233982,0.00835021,0.25888119,0.00280118,0.55517178,0.00814955,0.00436057,2.14945368,0.00730852,0.03049277,0.00082664
AGAG,Variance,0.02469600,0.00516118,1.67208315,0.00991874,0.04655566,0.00062508,0.01506171,0.93872257,0.00787587,0.32748378,0.00412146,0.57236959,0.00897904,0.00321914,1.83532226,0.00661907,0.02386692,0.00078859
AGAT,Variance,0.02472860,0.00609111,1.53464097,0.00919061,0.05348281,0.00087648,0.01367120,0.89796085,0.00704138,0.27366238,0.00605438,0.39209482,0.00754554,0.00293525,1.95509819,0.00572302,0.03140813,0.00067578
AGCA,Variance,0.03110285,0.00548554,1.97741472,0.00908605,0.06879707,0.00104492,0.01884208,0.92021426,0.00681370,0.26203051,0.00334699,0.46853959,0.01294336,0.00340150,1.36287531,0.00572770,0.03022388,0.00069297
AGCC,Variance,0.02342688,0.00668160,1.69614970,0.00842125,0.06870777,0.00076126,0.01448036,0.93303894,0.00647670,0.27156506,0.00243920,0.43691719,0.01126910,0.00367212,1.21740384,0.00848691,0.03092337,0.00060859
AGCG,Variance,0.02219512,0.00698651,1.03233379,0.00856067,0.06519943,0.00091421,0.01933368,1.06986292,0.00761709,0.27596170,0.00330707,0.31827382,0.01355419,0.00359234,1.71198493,0.00781057,0.02843532,0.00062080
AGCT,Variance,0.02068414,0.00641842,1.32774495,0.01253128,0.07853692,0.00133183,0.01811864,0.78946122,0.00948324,0.22541776,0.00245409,0.44570652,0.01453702,0.00391320,1.42093796,0.00672350,0.04528982,0.00077689
AGGA,Variance,0.02100547,0.00481183,1.85087405,0.01221363,0.06225116,0.00092797,0.01853105,0.78216119,0.01005181,0.20869292,0.00195338,0.50573337,0.01266317,0.00491710,1.33698815,0.00798989,0.04019067,0.00081106
AGGC,Variance,0.02069577,0.00455217,1.86860748,0.00939082,0.05050974,0.00090452,0.01645334,0.70335950,0.00996369,0.32674208,0.00243841,0.42553085,0.01186937,0.00336179,1.80005347,0.00741002,0.03143609,0.00092091
AGGG,Variance,0.02622665,0.00516090,1.75138590,0.00904817,0.04538261,0.00086134,0.01462101,0.62823029,0.00793599,0.30108701,0.00322129,0.43231867,0.01018369,0.00229763,1.60853300,0.01015637,0.02609065,0.00062566
AGGT,Variance,0.02141429,0.00588696,2.40567116,0.00878557,0.05559456,0.00122698,0.01463951,0.74961159,0.00685228,0.38717395,0.00280723,0.32712447,0.01423734,0.00201960,1.22848532,0.00847771,0.03150312,0.00051071
AGTA,Variance,0.02245479,0.00693719,2.34757664,0.00736131,0.05494169,0.00097152,0.01358795,0.78223370,0.00804782,0.37086003,0.00230712,0.44921268,0.01228662,0.00246162,1.03282061,0.00687295,0.04720127,0.00066594
AGTC,Variance,0.01998579,0.00599341,1.93996341,0.00622263,0.05593789,0.00101337,0.01292593,0.79894158,0.00702782,0.33359289,0.00245660,0.39602169,0.01423999,0.00201459,0.93146897,0.00894162,0.04869014,0.00054536
AGTG,Variance,0.01523797,0.00669281,1.75982950,0.00864647,0.04461576,0.00124751,0.01396751,0.77680515,0.00700269,0.38136227,0.00229323,0.42490480,0.01562490,0.00288534,1.14257340,0.00860895,0.04184440,0.00072175
AGTT,Variance,0.01441968,0.00822666,1.88979879,0.00816048,0.04483126,0.00121055,0.01394966,0.65143941,0.01123410,0.29018137,0.00237074,0.55353914,0.01710326,0.00335986,1.09467278,0.00639598,0.05628932,0.00075555
ATAA,Variance,0.01527572,0.00678214,2.72787823,0.00653628,0.04225983,0.00101152,0.01316560,0.51137643,0.01088866,0.35493595,0.00228780,0.65058615,0.01942463,0.00330757,0.77261368,0.00678237,0.05354184,0.00111355
ATAC,Variance,0.01710909,0.00656736,3.19158549,0.00733469,0.03162338,0.00078786,0.00892807,0.42813852,0.00845665,0.31149389,0.00310352,0.82053391,0.01353839,0.00266298,0.91042562,0.01083432,0.04230645,0.00084625
ATAG,Variance,0.01501897,0.00659081,2.59219801,0.00634608,0.02947382,0.00055352,0.01222010,0.61201884,0.00616968,0.37197674,0.00298714,0.61072581,0.01426939,0.00236382,1.46200887,0.00965217,0.04745869,0.00090895
ATAT,Variance,0.01508316,0.00904297,2.79842499,0.00572773,0.04736958,0.00062395,0.00999685,0.58550968,0.00534134,0.42927857,0.00447933,0.51570705,0.01391210,0.00226780,1.13588244,0.01034612,0.04862616,0.00082072
ATCA,Variance,0.01957061,0.01012486,3.21272840,0.00427126,0.03799609,0.00069199,0.00805042,0.55138581,0.00529360,0.40354247,0.00353286,0.46435128,0.01448858,0.00263941,0.91774704,0.00894094,0.06204332,0.00097974
ATCC,Variance,0.01963263,0.01012276,2.48920817,0.00388277,0.04376957,0.00068566,0.00810681,0.69177011,0.00544530,0.40087842,0.00306280,0.46702439,0.01697755,0.00192977,0.68973281,0.00840469,0.05098652,0.00084302
ATCG,Variance,0.01867703,0.00980486,1.89387631,0.00581422,0.04128485,0.00079544,0.01335943,0.69996726,0.00531826,0.36811126,0.00347270,0.55505536,0.01938505,0.00302632,1.25447711,0.00700462,0.05038560,0.00081292
ATCT,Variance,0.01509232,0.01095626,2.03426909,0.00570128,0.04569026,0.00089902,0.00933394,0.54291069,0.00542725,0.28586120,0.00344695,0.62320866,0.01907076,0.00371412,1.22310864,0.00545258,0.05737366,0.00104692
ATGA,Variance,0.01435217,0.00878273,2.28567198,0.00699444,0.05291576,0.00060201,0.01090072,0.50794178,0.00560934,0.40741171,0.00385031,0.91395347,0.01796150,0.00387900,0.80211625,0.00596720,0.05259912,0.00124353
ATGC,Variance,0.01729528,0.00827800,3.03420175,0.00592353,0.03728617,0.00068416,0.01092124,0.54390055,0.00574714,0.31803923,0.00259073,0.71398627,0.01229739,0.00375734,1.28489344,0.00750952,0.04312171,0.00094209
ATGG,Variance,0.01765170,0.00853504,2.53038047,0.00636819,0.03385201,0.00062671,0.01067837,0.62757057,0.00474647,0.39503026,0.00481368,0.62388478,0.01329798,0.00373616,1.49841622,0.00683249,0.03064261,0.00104259
ATGT,Variance,0.01463269,0.00954127,2.27345234,0.00803598,0.05149629,0.00060609,0.01072384,0.64092765,0.00452978,0.35301465,0.00411656,0.62155070,0.01008455,0.00311386,1.23143696,0.00696661,0.04201429,0.00116848
ATTA,Variance,0.02106676,0.00913961,2.33268959,0.00569981,0.07124493,0.00070458,0.00999690,0.90995951,0.00608161,0.45308292,0.00438692,0.63441226,0.01304327,0.00387462,0.98683157,0.00643299,0.03216592,0.00097917
ATTC,Variance,0.03037906,0.01000989,2.01084988,0.00508959,0.06950923,0.00057875,0.00980341,0.75283087,0.00592457,0.31238713,0.00413283,0.55268816,0.01267096,0.00370386,1.23563815,0.00539583,0.03694438,0.00094602
ATTG,Variance,0.02633986,0.00747093,1.50483215,0.00625565,0.06876090,0.00078345,0.01505873,0.93828109,0.00572852,0.28671917,0.00394085,0.43997335,0.01061825,0.00403342,1.48509237,0.00538771,0.03653251,0.00083993
ATTT,Variance,0.02119696,0.01101795,1.66059810,0.00953275,0.06731656,0.00076209,0.01512883,0.94485060,0.00681639,0.24070027,0.00285902,0.51635366,0.01347028,0.00448006,1.44264140,0.00358805,0.03835041,0.00100670
CAAA,Variance,0.01753940,0.00762433,1.69619854,0.00912625,0.07830523,0.00076110,0.01596791,0.78477004,0.00841932,0.26447622,0.00258988,0.58658576,0.00903454,0.00441271,1.52479830,0.00433828,0.03539851,0.00115515
CAAC,Variance,0.02750492,0.00861177,1.92471770,0.00830279,0.04125428,0.00062512,0.01333710,0.80499889,0.00838562,0.25047478,0.00269991,0.59452234,0.00794537,0.00362538,1.89519091,0.00509411,0.02652371,0.00066662
CAAG,Variance,0.02727930,0.00452167,2.45671144,0.00967645,0.05451562,0.00068899,0.01615921,0.98250704,0.00708320,0.24270390,0.00423807,0.37302201,0.00785546,0.00367628,1.79231688,0.00726585,0.02298866,0.00094633
CAAT,Variance,0.02581007,0.00685888,1.81358611,0.00897308,0.06558401,0.00078827,0.01515588,0.93448040,0.00733441,0.30575650,0.00430973,0.51591023,0.00964755,0.00305708,1.67694654,0.00599724,0.02701006,0.00069870
CACA,Variance,0.02921335,0.00758536,1.90964302,0.00751801,0.08221114,0.00088529,0.01509303,1.06874503,0.00752475,0.30888217,0.00409036,0.43459873,0.00912864,0.00353181,1.25893116,0.00762951,0.03299957,0.00068127
CACC,Variance,0.03690348,0.00673681,1.55089361,0.00587206,0.06913857,0.00084573,0.01463860,0.91011366,0.00862107,0.34563244,0.00276117,0.29102482,0.01043332,0.00321100,1.56609579,0.00714638,0.02957006,0.00046518
CACG,Variance,0.02509494,0.00489538,1.10457165,0.00951945,0.06583002,0.00107020,0.01871379,0.96911433,0.00761652,0.26671139,0.00301066,0.28746802,0.01171999,0.00355548,1.61233422,0.00773698,0.03406762,0.00043465
CACT,Variance,0.01972438,0.00684809,1.46669430,0.01177226,0.08151051,0.00131277,0.02129475,0.88295319,0.00916313,0.24399046,0.00334380,0.41805148,0.01382642,0.00360349,1.60067827,0.00582775,0.03797690,0.00073488
CAGA,Variance,0.01758391,0.00569072,1.80121749,0.01189343,0.06202563,0.00094807,0.01710404,0.63950326,0.01117363,0.20743054,0.00309889,0.37473972,0.01072180,0.00462092,1.45373096,0.00577628,0.04442214,0.00100928
CAGC,Variance,0.02407418,0.00503630,1.69553634,0.00887366,0.05060996,0.00087191,0.01373477,0.65746435,0.01029281,0.26297737,0.00226007,0.42711166,0.01062254,0.00273858,1.74963677,0.01117333,0.03450079,0.00068358
CAGG,Variance,0.02206989,0.00457429,1.64823109,0.00946847,0.04285589,0.00095103,0.01530152,0.85303610,0.01046523,0.35744935,0.00419878,0.46803005,0.00971134,0.00271375,1.93613684,0.01007829,0.03383006,0.00069523
CAGT,Variance,0.02634752,0.00605022,1.78435820,0.00858330,0.04026070,0.00074480,0.01224920,0.70889725,0.00737114,0.36984702,0.00282815,0.36287700,0.01598760,0.00201330,1.56378261,0.00917447,0.02691281,0.00075128
CATA,Variance,0.02126714,0.00691070,2.22303295,0.00776703,0.06486652,0.00135792,0.01226385,0.69897527,0.00955788,0.38230606,0.00198330,0.45158040,0.01347574,0.00246151,0.90267847,0.01202994,0.04676757,0.00064016
CATC,Variance,0.02109716,0.00645792,1.96106771,0.00705693,0.05620608,0.00094753,0.01181614,0.84455787,0.00746703,0.37962413,0.00263653,0.38234414,0.01713417,0.00207814,0.97163676,0.00905169,0.04107908,0.00066631
CATG,Variance,0.02061500,0.00755230,1.69832862,0.00901187,0.05831806,0.00086638,0.01482376,0.65163930,0.00654139,0.32571012,0.00214840,0.41405138,0.01581733,0.00231393,1.11737559,0.01068172,0.05067105,0.00070007
CATT,Variance,0.01500515,0.00954718,1.91912156,0.00869459,0.05625140,0.00119915,0.01280923,0.57573445,0.00823521,0.31589782,0.00225745,0.60124851,0.02040018,0.00278454,0.95420001,0.00806764,0.06222223,0.00072050
CCAA,Variance,0.01662801,0.00836776,3.01328337,0.00825303,0.05018064,0.00074546,0.01313144,0.48637686,0.00991003,0.34364687,0.00211587,0.62384565,0.01558144,0.00296308,0.91975239,0.00856200,0.06754043,0.00091787
CCAC,Variance,0.01407587,0.00594437,2.97912007,0.00710781,0.03084180,0.00071475,0.00949778,0.47552336,0.00879879,0.38890549,0.00269699,0.58544547,0.01662737,0.00284152,1.02663891,0.01151278,0.05130680,0.00101644
CCAG,Variance,0.01786350,0.00702596,2.97410777,0.00641310,0.03535943,0.00064210,0.01105013,0.49888591,0.00697446,0.47314495,0.00319615,0.59412536,0.01089261,0.00228494,1.24343409,0.01123083,0.04028296,0.00101684
CCAT,Variance,0.02091323,0.00870842,3.02398380,0.00768196,0.04334717,0.00087452,0.00957787,0.59179116,0.00523301,0.47937569,0.00408713,0.62880577,0.01289379,0.00270510,1.30026991,0.01084322,0.04867464,0.00111627
CCCA,Variance,0.01751520,0.00876660,2.87648806,0.00486970,0.05826840,0.00057284,0.00892542,0.50996001,0.00577373,0.50921832,0.00340109,0.69483050,0.01675400,0.00264759,0.86656415,0.01021604,0.04827733,0.00092828
CCCC,Variance,0.01722726,0.00886371,2.18218932,0.00445949,0.04851181,0.00084405,0.00967156,0.60760825,0.00699811,0.39866180,0.00330980,0.46589991,0.01600153,0.00229700,0.72045542,0.00802565,0.06211210,0.00088741
CCCG,Variance,0.01765877,0.00990427,2.05849017,0.00491145,0.04087294,0.00074499,0.01309779,0.75587086,0.00503986,0.39536944,0.00305137,0.55901602,0.01799884,0.00293110,1.09330890,0.00747106,0.05983640,0.00078387
CCCT,Variance,0.01437582,0.01080857,2.38446055,0.00637895,0.03890481,0.00078498,0.01197336,0.55454515,0.00588125,0.36577871,0.00334721,0.71655254,0.02235510,0.00410565,1.11636394,0.00634438,0.05313128,0.00093679
CCGA,Variance,0.01196741,0.01032949,3.10911478,0.00652769,0.04725717,0.00052032,0.01204663,0.50950243,0.00587587,0.34706865,0.00351380,0.88661048,0.01594510,0.00447449,0.97988701,0.00716815,0.05071548,0.00150677
CCGC,Variance,0.01965990,0.00727085,3.26995994,0.00558069,0.04194577,0.00053951,0.00990508,0.55795370,0.00740124,0.37152023,0.00344818,0.73058958,0.01131881,0.00347372,1.34689540,0.00604556,0.03913405,0.00111246
CCGG,Variance,0.02104184,0.00818017,2.54174010,0.00604117,0.04481265,0.00049683,0.00922490,0.63188773,0.00575821,0.47986799,0.00606477,0.66604315,0.01267339,0.00395636,1.43271155,0.00879751,0.03435782,0.00099775
CCGT,Variance,0.02193071,0.01003102,1.86577872,0.00635552,0.05055117,0.00057432,0.01096036,0.66393382,0.00450578,0.35248852,0.00416156,0.65505524,0.01314969,0.00352873,1.43687754,0.00611331,0.03273142,0.00080506
CCTA,Variance,0.01825536,0.00861417,2.58576437,0.00558052,0.07287521,0.00071105,0.00888350,0.67497627,0.00480630,0.30688672,0.00454001,0.63920282,0.01125986,0.00428214,1.23600158,0.00583031,0.03975973,0.00083441
CCTC,Variance,0.02475586,0.00927957,1.56057699,0.00624426,0.05196552,0.00066148,0.01068887,0.97431272,0.00510577,0.34544141,0.00555692,0.59866438,0.01295678,0.00346020,1.22705881,0.00513905,0.03295249,0.00081695
CCTG,Variance,0.02433958,0.00868024,1.65792281,0.00720111,0.05507620,0.00078255,0.01518138,1.20095150,0.00486917,0.30821055,0.00384799,0.57045351,0.00940297,0.00470472,1.37862276,0.00560152,0.02973702,0.00062320
CCTT,Variance,0.01809183,0.00913267,1.14500349,0.00797001,0.06331277,0.00084525,0.01881275,0.92040070,0.00649969,0.19477996,0.00310297,0.53596769,0.01582182,0.00469902,1.66655196,0.00389992,0.04357167,0.00085046
CGAA,Variance,0.02048084,0.00778104,2.03817800,0.00928802,0.06972058,0.00079217,0.01414940,0.70596518,0.00852093,0.27824865,0.00287567,0.62056515,0.01284545,0.00577502,1.37769770,0.00434647,0.03509361,0.00102519
CGAC,Variance,0.02855582,0.00540308,1.98758625,0.00790289,0.05046615,0.00072745,0.01741747,0.75118615,0.00761942,0.29377866,0.00288235,0.46605346,0.00884454,0.00555885,1.73998838,0.00656374,0.03455293,0.00074937
CGAG,Variance,0.02371856,0.00722165,1.97443131,0.00815955,0.05539327,0.00074424,0.01464256,1.20987672,0.00571000,0.33886796,0.00440439,0.46571777,0.00856614,0.00328660,2.02098074,0.00657747,0.02078467,0.00077161
CGAT,Variance,0.02334000,0.00582708,2.14330649,0.00838696,0.07649484,0.00096151,0.01544047,1.11061651,0.00625909,0.23795532,0.00410841,0.41915662,0.01027713,0.00433649,1.60269154,0.00629313,0.02768974,0.00071563
CGCA,Variance,0.02736523,0.00775108,1.66519229,0.00707230,0.09392739,0.00105487,0.01372634,0.82812894,0.00777351,0.30697493,0.00417935,0.50634092,0.01007290,0.00361939,1.37247318,0.00683307,0.03058835,0.00062935
CGCC,Variance,0.02933982,0.00625762,1.23179384,0.00697183,0.08061681,0.00097258,0.01632868,1.15881508,0.00856026,0.33839638,0.00290356,0.30126639,0.01201024,0.00346087,1.13832310,0.00799853,0.03566704,0.00047224
CGCG,Variance,0.02649777,0.00647122,1.32240251,0.00819164,0.08226389,0.00096495,0.01704616,1.08970609,0.00795167,0.23625036,0.00338116,0.28910103,0.01532507,0.00269043,1.65324862,0.00795642,0.04497528,0.00051702
CGCT,Variance,0.01660118,0.00619530,1.27753289,0.01204916,0.06089057,0.00137255,0.01870382,1.03936079,0.01282459,0.22981996,0.00308632,0.41337301,0.01313234,0.00396449,1.68814145,0.00415552,0.03699207,0.00085490
CGGA,Variance,0.02172627,0.00578498,1.70266156,0.01061423,0.06268940,0.00072928,0.02143131,0.76389144,0.01069269,0.26819120,0.00230192,0.57885613,0.01158127,0.00443539,1.23167051,0.00760333,0.03469790,0.00079165
CGGC,Variance,0.02535227,0.00376342,2.03646272,0.00907617,0.05046393,0.00096621,0.01500755,0.82550657,0.01012050,0.25958096,0.00272409,0.40650697,0.01058601,0.00295078,1.64740515,0.00957403,0.03114665,0.00066944
CGGG,Variance,0.02086462,0.00539031,1.71895640,0.00822560,0.04310453,0.00083347,0.01344287,0.80569205,0.00882237,0.29240153,0.00283371,0.47145141,0.01030059,0.00234754,1.72787134,0.01048814,0.03837644,0.00055677
CGGT,Variance,0.02334736,0.00566990,2.04267589,0.00835621,0.04592126,0.00092618,0.01296332,0.77443595,0.00998046,0.28289754,0.00290924,0.39562168,0.01505453,0.00287305,1.68283076,0.00988061,0.03646301,0.00057817
CGTA,Variance,0.02224525,0.00682966,2.04494983,0.00688913,0.05036721,0.00109382,0.01164799,0.79341153,0.00791159,0.33510334,0.00307485,0.43016699,0.01168745,0.00230916,0.94680810,0.00930891,0.03499127,0.00072811
CGTC,Variance,0.02389681,0.00649394,1.95607523,0.00632193,0.05033596,0.00114136,0.01075235,1.03754589,0.00736124,0.41092009,0.00208713,0.34749053,0.01406234,0.00198233,1.08823881,0.01014566,0.04841748,0.00066145
CGTG,Variance,0.01639096,0.00725087,1.66357663,0.00825256,0.04702007,0.00099400,0.01547096,0.78413418,0.00864918,0.41156333,0.00275186,0.34873807,0.01835958,0.00212768,1.07278097,0.00964600,0.04980050,0.00077616
CGTT,Variance,0.01543692,0.00838331,2.16705770,0.00878765,0.05592311,0.00089579,0.01521081,0.59466351,0.00845154,0.27547193,0.00308981,0.53305375,0.01897138,0.00315965,0.81351569,0.00863166,0.04470572,0.00083305
CTAA,Variance,0.01772450,0.00623833,2.24452384,0.00627684,0.03557035,0.00097352,0.01261598,0.47912348,0.01037237,0.30559232,0.00205196,0.60337249,0.01511252,0.00245315,1.01402635,0.00857691,0.06657965,0.00110602
CTAC,Variance,0.01636433,0.00549644,2.79718199,0.00714728,0.03512434,0.00067114,0.01097827,0.37919423,0.00964497,0.50241691,0.00219661,0.66887095,0.01323834,0.00256041,1.27413803,0.01104871,0.04540012,0.00121649
CTAG,Variance,0.01907132,0.00543946,3.23533659,0.00662192,0.03892537,0.00061234,0.00936442,0.53319624,0.00698418,0.48360977,0.00312405,0.86137339,0.01216973,0.00220491,1.63861930,0.01310113,0.04867490,0.00094540
CTAT,Variance,0.01697944,0.01128947,2.34192797,0.00587025,0.03889911,0.00078581,0.01112849,0.57117958,0.00609629,0.45566851,0.00373163,0.61185209,0.01389982,0.00213232,1.07875691,0.00874617,0.04920766,0.00094981
CTCA,Variance,0.01783433,0.01050187,2.32454698,0.00459149,0.04511873,0.00093932,0.00815591,0.69228994,0.00688817,0.47038068,0.00357432,0.65013570,0.01607354,0.00318217,0.89908627,0.00877930,0.04843327,0.00102629
CTCC,Variance,0.01960540,0.01032565,3.30497584,0.00498320,0.04277725,0.00066125,0.00788688,0.57970996,0.00506838,0.54739618,0.00240267,0.63737590,0.01509184,0.00228685,0.78075393,0.00850688,0.05078356,0.00080185
CTCG,Variance,0.01800622,0.00881720,1.83662963,0.00584545,0.03745732,0.00070465,0.01248551,0.78173998,0.00588953,0.43635610,0.00337079,0.53806325,0.01775978,0.00282767,1.12554756,0.00701680,0.05593368,0.00085595
CTCT,Variance,0.01469921,0.00835283,2.71899781,0.00609108,0.04526583,0.00077779,0.01614428,0.52969280,0.00590202,0.30974782,0.00461072,0.78107999,0.01714235,0.00352094,1.07298863,0.00517896,0.06618459,0.00113064
CTGA,Variance,0.01164498,0.00933358,2.63119428,0.00636961,0.04848304,0.00073975,0.01071976,0.47806326,0.00760458,0.26588716,0.00368194,0.68449626,0.01639741,0.00423931,1.15351293,0.00566507,0.05516730,0.00106446
CTGC,Variance,0.02170804,0.00794774,3.12793568,0.00562930,0.04110685,0.00050187,0.00996384,0.47599248,0.00670678,0.28188032,0.00413721,0.64021365,0.01331049,0.00456666,1.40973950,0.00642081,0.04097792,0.00127896
CTGG,Variance,0.02268755,0.00815979,2.49591354,0.00583603,0.03730017,0.00054001,0.01053013,0.62767584,0.00509448,0.39201699,0.00443929,0.71283039,0.01113934,0.00376468,1.38734115,0.00662681,0.03046639,0.00099374
CTGT,Variance,0.02047752,0.01041105,1.83218397,0.00646169,0.04037463,0.00055545,0.01046378,0.69717303,0.00578090,0.34738653,0.00606563,0.67168082,0.01207274,0.00380132,1.27843630,0.00688293,0.04393591,0.00107764
CTTA,Variance,0.02225909,0.00871205,2.25444386,0.00521118,0.07749209,0.00072239,0.01024650,0.76837175,0.00695070,0.35645696,0.00427475,0.71713948,0.01376586,0.00337804,1.21219158,0.00627227,0.03741355,0.00090016
CTTC,Variance,0.02352021,0.00895734,2.15851332,0.00474184,0.06739339,0.00055128,0.01105108,0.99441212,0.00569117,0.35395491,0.00463879,0.52833902,0.01222803,0.00405942,1.01702767,0.00608001,0.04517066,0.00085726
CTTG,Variance,0.02728199,0.00819756,1.46618614,0.00728375,0.06953277,0.00060490,0.01553136,0.99362816,0.00527789,0.30831956,0.00353768,0.46864294,0.01316816,0.00356421,1.39823537,0.00391291,0.03697794,0.00071336
CTTT,Variance,0.01491421,0.00722791,1.47624010,0.01087332,0.06695730,0.00073847,0.01645415,0.67910172,0.00609193,0.20018883,0.00372952,0.59772309,0.01258683,0.00582413,1.45393679,0.00452197,0.03754416,0.00075573
GAAA,Variance,0.01831429,0.00669161,2.18805271,0.00867275,0.05501712,0.00077634,0.01572044,0.63229310,0.00880121,0.23114810,0.00278816,0.67466342,0.00952131,0.00473658,1.63575060,0.00412362,0.02708894,0.00090400
GAAC,Variance,0.02603013,0.00546780,1.83119660,0.00695772,0.06261233,0.00069456,0.01428622,0.80006578,0.00668447,0.29152406,0.00398645,0.59505195,0.00958798,0.00456999,1.84443232,0.00497799,0.02680335,0.00087703
GAAG,Variance,0.02527079,0.00463960,1.65777763,0.00762448,0.05976885,0.00063431,0.01476372,1.04620242,0.00606967,0.28784067,0.00504134,0.40890399,0.00787497,0.00396999,2.29242190,0.00649567,0.02306755,0.00067067
GAAT,Variance,0.02477558,0.00708845,1.63852213,0.00815922,0.05828688,0.00090835,0.01079970,0.87743661,0.00688391,0.24356041,0.00386584,0.46470087,0.00996765,0.00432915,1.64254337,0.00684373,0.02461915,0.00080236
GACA,Variance,0.03210458,0.00711169,1.97970937,0.00863687,0.08144036,0.00089538,0.01538857,0.98681445,0.00736412,0.28107550,0.00355911,0.49900635,0.01052842,0.00354127,1.21412748,0.00747880,0.03337815,0.00067396
GACC,Variance,0.03066153,0.00661420,1.26645350,0.00659650,0.07179083,0.00101548,0.01589541,1.18227450,0.00839027,0.32191779,0.00267576,0.32824059,0.01010980,0.00322533,1.51415850,0.00726243,0.03268982,0.00054957
GACG,Variance,0.02982341,0.00618407,1.36917809,0.00826714,0.07032959,0.00112989,0.01893237,1.02390936,0.00836116,0.26034418,0.00276908,0.32238666,0.01127883,0.00420761,1.49599185,0.00542403,0.02830926,0.00057754
GACT,Variance,0.01614127,0.00722023,1.28068246,0.01139559,0.06818852,0.00135798,0.01971022,0.93003670,0.00850932,0.16246480,0.00308040,0.33978850,0.01433885,0.00412295,1.62336766,0.00518818,0.04881970,0.00057376
GAGA,Variance,0.02251720,0.00646662,1.51788078,0.01196626,0.05744531,0.00113631,0.01381297,0.90310588,0.01283713,0.23228853,0.00225924,0.58849575,0.01336113,0.00426329,1.44963346,0.00669198,0.04156256,0.00072611
GAGC,Variance,0.02514799,0.00573513,2.17234974,0.01076400,0.05368385,0.00115715,0.01444870,0.58306344,0.00801319,0.28044160,0.00257467,0.53513370,0.00872863,0.00313413,2.03711139,0.00772976,0.03117072,0.00071596
GAGG,Variance,0.02239494,0.00497889,1.55080513,0.00864733,0.04116744,0.00099626,0.01603968,0.84472722,0.00780441,0.37530772,0.00298635,0.48147441,0.00853113,0.00220578,1.63541463,0.01180409,0.02723480,0.00064366
GAGT,Variance,0.02118006,0.00682290,1.95502020,0.01100215,0.04518532,0.00132572,0.01393102,0.65389797,0.00878714,0.31921331,0.00291115,0.49622537,0.01196014,0.00211014,1.48958391,0.01025386,0.04004294,0.00056148
GATA,Variance,0.02693029,0.00682050,2.33161634,0.00654129,0.05273889,0.00097818,0.01190455,0.93288168,0.00881574,0.36816297,0.00318193,0.51941629,0.01581138,0.00241337,0.88360072,0.00729846,0.04225161,0.00062164
GATC,Variance,0.02460101,0.00840097,1.88757750,0.00627387,0.05409747,0.00080464,0.01231958,0.88988100,0.01189699,0.34210627,0.00266154,0.47491097,0.01283817,0.00237555,1.24492898,0.00944852,0.04489434,0.00064617
GATG,Variance,0.02179846,0.00807855,1.66804718,0.00809939,0.04379894,0.00096326,0.01469431,0.82802295,0.00816589,0.36892313,0.00235827,0.31104025,0.01358380,0.00231248,1.26139155,0.00786025,0.04622823,0.00068727
GATT,Variance,0.01221162,0.00912882,1.82118151,0.00831600,0.05272871,0.00110174,0.01770736,0.59375127,0.00791489,0.28360471,0.00273945,0.45128093,0.02028564,0.00305291,1.27872322,0.00698365,0.06125877,0.00093284
GCAA,Variance,0.01824328,0.00729816,2.69596699,0.00855071,0.03020786,0.00097217,0.01234707,0.44481286,0.00902885,0.31855677,0.00233105,0.63333188,0.01651217,0.00327974,1.17833847,0.00810080,0.06811727,0.00125347
GCAC,Variance,0.01950867,0.00581009,2.79450436,0.00501509,0.03451727,0.00068202,0.00941907,0.37376645,0.00982984,0.46385329,0.00247057,0.68645635,0.01320248,0.00217154,1.15436491,0.00959463,0.04438942,0.00096172
GCAG,Variance,0.01543812,0.00547095,3.02161380,0.00654244,0.03342937,0.00059187,0.00744798,0.46195566,0.00772878,0.46683392,0.00262191,0.51461491,0.01155694,0.00230457,1.58884163,0.00962330,0.04239815,0.00088071
GCAT,Variance,0.01569558,0.00756848,2.50554523,0.00675045,0.04086986,0.00083920,0.00892069,0.51939059,0.00598843,0.42288829,0.00347339,0.55980855,0.01951901,0.00234134,1.15861186,0.01028555,0.04523694,0.00118518
GCCA,Variance,0.01804682,0.01044112,2.74984376,0.00578833,0.04719277,0.00082718,0.00806137,0.52535175,0.00610082,0.51373524,0.00292545,0.61834017,0.01694285,0.00308541,0.65145037,0.00738903,0.05791414,0.00101196
GCCC,Variance,0.01976281,0.00947587,2.64998998,0.00493699,0.05198162,0.00061847,0.00838001,0.75284489,0.00682779,0.43886033,0.00389788,0.58073158,0.01835931,0.00264532,0.78479098,0.00867669,0.05055585,0.00075049
GCCG,Variance,0.01623070,0.01043346,1.69217019,0.00489867,0.04334820,0.00070735,0.01279231,0.84473644,0.00485766,0.41620864,0.00356309,0.58610059,0.01452397,0.00252640,1.05497415,0.00805117,0.05244622,0.00077130
GCCT,Variance,0.01397103,0.01009083,1.79187724,0.00687100,0.05267408,0.00093095,0.01321731,0.57495474,0.00531986,0.34614605,0.00308511,0.68251311,0.01987766,0.00334560,1.03070732,0.00563669,0.06072543,0.00100490
GCGA,Variance,0.01403175,0.00949046,2.28912721,0.00636402,0.04422589,0.00069335,0.00964216,0.51165927,0.00755812,0.38702779,0.00329111,0.96716833,0.01702902,0.00471532,0.99545884,0.00566749,0.05576214,0.00120577
GCGC,Variance,0.02233978,0.00760740,3.84804449,0.00561442,0.04317735,0.00056314,0.01023743,0.57077251,0.00528089,0.39036448,0.00413192,0.73886612,0.01028222,0.00370317,1.30598835,0.00820227,0.03648573,0.00134302
GCGG,Variance,0.01891102,0.00870275,2.54639946,0.00797859,0.04163723,0.00061242,0.01021523,0.51516251,0.00533004,0.39254302,0.00436317,0.63361530,0.00881912,0.00314980,1.39604200,0.00867408,0.03246609,0.00100864
GCGT,Variance,0.02036239,0.00728670,2.06502737,0.00720898,0.05213696,0.00052122,0.01089123,0.65177349,0.00513638,0.35629486,0.00514377,0.52322605,0.01169205,0.00302561,1.28271525,0.00704446,0.03602229,0.00103902
GCTA,Variance,0.02415063,0.00807041,2.21975257,0.00622377,0.07108023,0.00049332,0.00871267,0.74562567,0.00774944,0.32944430,0.00426173,0.59696301,0.01367311,0.00315302,1.01698240,0.00578194,0.03459068,0.00085857
GCTC,Variance,0.02577925,0.00996697,2.04675675,0.00532552,0.06194004,0.00059294,0.00957267,0.74687899,0.00635856,0.41533680,0.00404706,0.50030445,0.01156657,0.00390978,1.10139947,0.00549385,0.03009516,0.00077529
GCTG,Variance,0.01943908,0.00709965,1.42355522,0.00580585,0.06693270,0.00089216,0.01619685,1.11538956,0.00706124,0.24868299,0.00335690,0.44715851,0.01170267,0.00394428,1.61007269,0.00521894,0.02863072,0.00101618
GCTT,Variance,0.01637029,0.00773661,1.74105632,0.00701341,0.05788788,0.00086259,0.01572709,0.90257597,0.00766894,0.22766365,0.00358118,0.56565298,0.01381333,0.00665151,1.32992934,0.00521738,0.03779114,0.00091641
GGAA,Variance,0.01583316,0.00628378,1.59726985,0.00728057,0.06133586,0.00091143,0.01250339,0.85947328,0.00827249,0.22707029,0.00275786,0.62104802,0.01343598,0.00489885,1.53316273,0.00497270,0.03511570,0.00086572
GGAC,Variance,0.02953063,0.00602854,1.78118904,0.00946349,0.04952046,0.00062879,0.01151947,0.59742751,0.00778922,0.33221238,0.00344549,0.61778476,0.01066332,0.00464523,1.63750466,0.00656270,0.02690305,0.00091317
GGAG,Variance,0.02647568,0.00657658,1.99525930,0.00876299,0.05258457,0.00070658,0.01497926,0.91650219,0.00777809,0.25735242,0.00399787,0.44299046,0.00632123,0.00415780,1.98699179,0.00834365,0.01926864,0.00055584
GGAT,Variance,0.02610237,0.00657534,1.91366949,0.00983099,0.07513359,0.00082937,0.02048857,1.02272562,0.00540920,0.23951662,0.00392836,0.43138699,0.00890472,0.00354605,2.06423879,0.00540147,0.02571583,0.00086347
GGCA,Variance,0.03532754,0.00829191,1.80786764,0.00926496,0.08122831,0.00073002,0.01269530,1.00512451,0.00772422,0.25186364,0.00306159,0.43702201,0.01070808,0.00333835,1.69149191,0.00636679,0.03036643,0.00065708
GGCC,Variance,0.02948660,0.00604982,1.19046069,0.00978193,0.07921485,0.00096088,0.01391499,1.03855697,0.00846073,0.27492786,0.00318515,0.37622617,0.00991995,0.00302011,1.52462186,0.00956852,0.03335937,0.00062115
GGCG,Variance,0.02472508,0.00587974,1.45695975,0.00843841,0.08785193,0.00099725,0.01601861,1.19094562,0.00884660,0.28056930,0.00287077,0.28120654,0.01334872,0.00281998,2.06451618,0.00603936,0.03327410,0.00051244
GGCT,Variance,0.02349904,0.00854981,1.43738507,0.01180182,0.06060489,0.00138014,0.01567178,1.08094417,0.00997334,0.18844953,0.00294561,0.44067947,0.01703868,0.00453199,1.59192638,0.00613037,0.03460561,0.00072972
GGGA,Variance,0.01729742,0.00521778,1.48453622,0.01028352,0.06732967,0.00095856,0.01743474,0.62192694,0.01235089,0.25428283,0.00234474,0.48322323,0.01106549,0.00433744,1.72327536,0.00663375,0.04112060,0.00074122
GGGC,Variance,0.02053599,0.00447612,1.64253270,0.01094557,0.06134718,0.00095469,0.01552241,0.69537949,0.01122422,0.24868954,0.00249199,0.46245129,0.01091889,0.00403874,1.71826570,0.01113348,0.03786343,0.00067194
GGGG,Variance,0.02713539,0.00498073,2.07189176,0.01001458,0.04637296,0.00087075,0.01631739,0.76829184,0.00822182,0.32594773,0.00257258,0.44795638,0.01157618,0.00252755,2.12820131,0.01125417,0.03238706,0.00071049
GGGT,Variance,0.02547420,0.00590682,2.15204171,0.00998516,0.05489998,0.00099248,0.01646486,0.59472234,0.00778930,0.32695856,0.00396205,0.35546011,0.01114701,0.00213276,1.39604421,0.00851331,0.03226918,0.00074641
GGTA,Variance,0.02361255,0.00657195,1.99253049,0.00719465,0.05719499,0.00135215,0.01041178,0.67258999,0.00805990,0.35375274,0.00293402,0.36231595,0.01245083,0.00290730,1.10860257,0.01150296,0.04051068,0.00056300
GGTC,Variance,0.02065959,0.00607346,2.15193786,0.00582085,0.05426995,0.00110494,0.01238506,0.75613674,0.00810664,0.41129166,0.00255658,0.33886351,0.01222135,0.00287428,0.85475648,0.00960268,0.04091768,0.00070864
GGTG,Variance,0.01866236,0.00875018,2.00749096,0.00668060,0.04909969,0.00090963,0.01399097,0.90695505,0.00828533,0.36895993,0.00247668,0.36432021,0.01800774,0.00242724,1.12620216,0.00980486,0.04643286,0.00078572
GGTT,Variance,0.01374515,0.01011066,1.95227763,0.00827454,0.04710312,0.00128161,0.01650751,0.72499986,0.00894987,0.28999386,0.00230490,0.46074407,0.01879976,0.00227788,1.13315550,0.00745442,0.05681814,0.00074418
GTAA,Variance,0.01411465,0.00781323,2.21699878,0.00729822,0.04300787,0.00097486,0.01082324,0.55397320,0.00787201,0.39664472,0.00193865,0.55837354,0.01625720,0.00275268,1.02212076,0.00750361,0.06935115,0.00103024
GTAC,Variance,0.01894505,0.00617721,3.26951643,0.00727696,0.03003700,0.00068410,0.01104918,0.52837891,0.00698917,0.36610911,0.00210317,0.51652857,0.01404585,0.00283023,0.88905115,0.00878051,0.05222282,0.00113328
GTAG,Variance,0.01969799,0.00585744,2.73059158,0.00740038,0.03171813,0.00065186,0.00960095,0.58208126,0.00745937,0.54674750,0.00335873,0.57344734,0.01128845,0.00264478,1.18328702,0.01234010,0.03686153,0.00088922
GTAT,Variance,0.01800501,0.00884082,2.04681384,0.00610197,0.03934679,0.00103021,0.01154803,0.68365204,0.00640214,0.51984579,0.00393953,0.50924968,0.01473558,0.00252401,1.00926587,0.00908479,0.04491441,0.00112887
GTCA,Variance,0.01255902,0.00801756,2.92009389,0.00508824,0.06020254,0.00085091,0.00884661,0.52168925,0.00622265,0.45728117,0.00283664,0.54513215,0.01813433,0.00279059,0.86043995,0.01081128,0.04659495,0.00092145
GTCC,Variance,0.02023570,0.01079159,2.30892643,0.00481836,0.04436960,0.00063668,0.00925456,0.59812232,0.00662922,0.51291371,0.00305082,0.62178056,0.01937363,0.00249133,0.71003988,0.00787804,0.05123940,0.00064107
GTCG,Variance,0.01231852,0.01185226,2.04901703,0.00570804,0.04398403,0.00072541,0.01216523,0.70664916,0.00622443,0.40089769,0.00348220,0.50973902,0.01514112,0.00260982,1.08566628,0.00623630,0.05034286,0.00079682
GTCT,Variance,0.01255959,0.01292405,1.82511699,0.00595874,0.04182734,0.00094740,0.01359727,0.51706605,0.00545551,0.30594212,0.00328733,0.60438524,0.02094859,0.00321941,1.09351603,0.00561221,0.05415106,0.00086397
GTGA,Variance,0.01257316,0.01070970,2.77512858,0.00558396,0.04801805,0.00054879,0.01204956,0.46887199,0.00881467,0.37800832,0.00356289,0.69600890,0.01611759,0.00382117,1.00841013,0.00545875,0.05107385,0.00138314
GTGC,Variance,0.01995874,0.00571334,2.45271078,0.00514847,0.04473105,0.00046223,0.01063942,0.54747882,0.00742699,0.36922835,0.00339291,0.81720059,0.01363262,0.00379764,1.23317868,0.00690946,0.03813235,0.00131071
GTGG,Variance,0.01871878,0.00898444,2.10196789,0.00615490,0.03482803,0.00054937,0.01411717,0.59575030,0.00612520,0.33087363,0.00502886,0.85111476,0.01151533,0.00268870,1.42034244,0.00750059,0.02854884,0.00122311
GTGT,Variance,0.02243276,0.00844738,2.56300627,0.00651448,0.04003694,0.00076127,0.01223942,0.54567300,0.00575819,0.35408104,0.00573336,0.61568581,0.01059659,0.00343045,1.60831318,0.00510086,0.03441378,0.00090245
GTTA,Variance,0.02383142,0.00792983,2.44501497,0.00535395,0.06687160,0.00064392,0.00880012,0.71393087,0.00569377,0.37131581,0.00532487,0.56962058,0.01308189,0.00422287,1.35328401,0.00589659,0.03665895,0.00091502
GTTC,Variance,0.02211464,0.00758491,2.16151703,0.00563891,0.07310660,0.00077907,0.01041177,0.85950653,0.00518214,0.35693826,0.00455883,0.41790387,0.01369843,0.00345132,1.25899509,0.00801257,0.04191066,0.00066228
GTTG,Variance,0.02253564,0.01057539,1.30062535,0.00556249,0.06264137,0.00064836,0.01301850,0.99756980,0.00645593,0.30246511,0.00447571,0.46794625,0.01278564,0.00425944,1.32560898,0.00514088,0.03459718,0.00069890
GTTT,Variance,0.01648768,0.00869678,1.46324992,0.00974700,0.06126222,0.00095061,0.01621783,1.10124838,0.00595030,0.15583669,0.00407084,0.56105597,0.01404051,0.00564139,1.71714747,0.00420451,0.03519296,0.00088902
TAAA,Variance,0.01864689,0.00674700,1.75250709,0.01017075,0.07619763,0.00077439,0.01741620,0.67623965,0.00841492,0.25178117,0.00306780,0.72920069,0.01122885,0.00541156,1.70217682,0.00424752,0.03954458,0.00094657
TAAC,Variance,0.02113301,0.00533662,2.11780620,0.00639738,0.05795077,0.00048884,0.01298029,0.74271970,0.01011526,0.27839919,0.00348983,0.58586789,0.00957598,0.00447244,1.86171921,0.00683480,0.02747598,0.00097528
TAAG,Variance,0.03022154,0.00620627,1.97051552,0.00782349,0.04993473,0.00069349,0.01447204,0.86508811,0.00671292,0.27434333,0.00465205,0.35343493,0.00894958,0.00310925,2.51602093,0.00728489,0.02760163,0.00077471
TAAT,Variance,0.02784487,0.00611583,1.72459444,0.01023782,0.05984659,0.00078936,0.01431581,0.94463059,0.00649071,0.29582464,0.00378914,0.38717318,0.01057195,0.00386182,1.91220825,0.00811877,0.03168114,0.00063944
TACA,Variance,0.02516273,0.00631776,1.65605328,0.00824436,0.07328521,0.00085259,0.01340669,0.94465482,0.00825246,0.29404746,0.00402323,0.44206168,0.01092786,0.00418326,1.84810663,0.00678372,0.02917278,0.00057289
TACC,Variance,0.03368047,0.00509471,1.58399010,0.00855181,0.05826738,0.00095546,0.01661025,1.11839285,0.00834054,0.23710336,0.00291647,0.29439262,0.00954656,0.00338640,1.54036454,0.00764485,0.03797165,0.00049139
TACG,Variance,0.02756512,0.00660757,1.20112444,0.00854767,0.07451849,0.00125397,0.01671987,1.40334614,0.00734509,0.25930280,0.00298805,0.32037926,0.00926559,0.00309202,1.70065951,0.00631708,0.03718197,0.00054326
TACT,Variance,0.02147623,0.00758257,1.81282566,0.01225731,0.08176126,0.00122374,0.02312270,0.83833823,0.01061952,0.24009773,0.00239284,0.44718720,0.01448822,0.00421698,1.66469829,0.00581852,0.03649579,0.00066763
TAGA,Variance,0.02145018,0.00502030,1.64036128,0.00855321,0.06328609,0.00115447,0.01956805,0.59063833,0.01206726,0.20041275,0.00275899,0.43288643,0.01058040,0.00458310,1.36081028,0.00675632,0.03403448,0.00100970
TAGC,Variance,0.02037683,0.00411143,1.78740939,0.00956195,0.04234621,0.00083814,0.01576126,0.93656473,0.01410976,0.27304525,0.00253389,0.44374245,0.00815797,0.00292038,1.62569956,0.00866307,0.03367237,0.00081882
TAGG,Variance,0.02702185,0.00510485,1.76336516,0.00911281,0.04945045,0.00093451,0.01243777,0.82392143,0.00866346,0.30456345,0.00337073,0.40655881,0.00961765,0.00260789,1.61472082,0.01007171,0.02680339,0.00071123
TAGT,Variance,0.01889647,0.00625044,1.72803093,0.01001530,0.05387179,0.00094338,0.01414572,0.82809667,0.00717702,0.30290522,0.00344812,0.33078311,0.00968502,0.00244831,1.34236005,0.00745725,0.03286501,0.00070675
TATA,Variance,0.02263331,0.00558548,2.44300405,0.00774769,0.05552176,0.00115846,0.01311953,0.69267406,0.00764044,0.40455093,0.00315324,0.44170023,0.01212301,0.00232781,1.35886689,0.00862648,0.04275028,0.00068158
TATC,Variance,0.02063511,0.00713137,2.13561042,0.00597668,0.05696464,0.00108032,0.01503544,1.01215787,0.00739171,0.38996065,0.00248219,0.43540391,0.01312522,0.00194894,1.15617026,0.00928141,0.04316337,0.00058612
TATG,Variance,0.01723613,0.00850728,1.34440250,0.00825037,0.05505172,0.00112978,0.01583768,0.72032889,0.00816326,0.34931582,0.00215053,0.37113830,0.01625822,0.00250002,1.08213824,0.00768781,0.04716717,0.00055272
TATT,Variance,0.01521029,0.00865482,2.04978877,0.01067555,0.05505912,0.00117446,0.01408052,0.67979045,0.01490244,0.29843252,0.00260141,0.47890975,0.02181791,0.00298177,1.25257429,0.00757882,0.05526713,0.00107487
TCAA,Variance,0.01504569,0.00759377,2.59484442,0.00763162,0.04013621,0.00102166,0.01117176,0.44800979,0.00891215,0.31647060,0.00166822,0.64383623,0.01652819,0.00400714,1.11254485,0.00666957,0.07349846,0.00103957
TCAC,Variance,0.01493363,0.00662121,2.51168050,0.00810170,0.02856121,0.00061951,0.01000555,0.52116612,0.00996173,0.37364350,0.00219146,0.54454089,0.01444217,0.00309347,0.89978230,0.01043281,0.05291135,0.00098000
TCAG,Variance,0.01677056,0.00716394,2.99718152,0.00656615,0.02799837,0.00074443,0.01391886,0.63075143,0.00730681,0.38292097,0.00315819,0.60013148,0.01414804,0.00225597,0.98263416,0.00983933,0.04332256,0.00125823
TCAT,Variance,0.01733342,0.00873724,3.20440539,0.00609637,0.03805154,0.00081989,0.01052102,0.62198030,0.00657174,0.45410887,0.00367746,0.58414603,0.01725135,0.00228357,0.98082253,0.00950732,0.03350241,0.00105260
TCCA,Variance,0.01752829,0.00871931,2.68236272,0.00491486,0.05169931,0.00069439,0.00930965,0.57064417,0.00607340,0.50097952,0.00314694,0.85373810,0.01805448,0.00259252,0.70768564,0.00836948,0.04779066,0.00088612
TCCC,Variance,0.01752919,0.01171507,2.75209924,0.00527645,0.04727076,0.00062582,0.00890009,0.58533784,0.00606929,0.50820248,0.00393567,0.47061563,0.01850772,0.00263126,0.91096836,0.00774113,0.06421407,0.00088855
TCCG,Variance,0.01763141,0.01308803,2.09619038,0.00533482,0.04652574,0.00073694,0.01027463,0.80383430,0.00576570,0.35263775,0.00371284,0.47788347,0.01497128,0.00276790,1.02499145,0.00673439,0.04873505,0.00095729
TCCT,Variance,0.01489743,0.01119207,1.69927627,0.00637841,0.03454293,0.00066463,0.01244751,0.67111845,0.00710977,0.33320607,0.00411908,0.78785914,0.01697113,0.00342745,1.07704696,0.00498354,0.05597773,0.00100158
TCGA,Variance,0.01265491,0.00921239,3.11220304,0.00561618,0.04364169,0.00065753,0.01191923,0.50765198,0.00612475,0.35553341,0.00347280,0.87179297,0.01793735,0.00457594,0.82768477,0.00520442,0.05094230,0.00132661
TCGC,Variance,0.01940843,0.00800331,2.51989073,0.00617889,0.03877639,0.00055862,0.01234561,0.49597607,0.00737635,0.36363845,0.00356962,0.68471313,0.01204879,0.00410637,1.02082220,0.00911736,0.04639396,0.00147888
TCGG,Variance,0.02237933,0.00870815,2.36909306,0.00649696,0.03580641,0.00064241,0.01055410,0.73745622,0.00545467,0.45218152,0.00512648,0.54853541,0.00878293,0.00309845,1.47945983,0.00630935,0.03602778,0.00113490
TCGT,Variance,0.02227511,0.01001017,2.44755667,0.00574780,0.05236149,0.00050170,0.01092965,0.76717902,0.00397080,0.45082942,0.00466088,0.70854196,0.01187418,0.00343197,1.23522069,0.00642429,0.03466059,0.00091827
TCTA,Variance,0.02538116,0.01013571,2.41409142,0.00490132,0.06691568,0.00076163,0.01139778,0.83063536,0.00581396,0.39256326,0.00395641,0.64403973,0.01207655,0.00335704,1.16330977,0.00647789,0.04080942,0.00084138
TCTC,Variance,0.02548674,0.01021900,2.09689933,0.00549200,0.06650104,0.00062403,0.01219366,0.69685660,0.00497395,0.30692916,0.00291797,0.52449296,0.01110609,0.00372693,1.16883911,0.00576227,0.03875396,0.00070769
TCTG,Variance,0.02282130,0.00867869,1.34117394,0.00679336,0.07472006,0.00086109,0.01826613,0.93246629,0.00681528,0.23373430,0.00403854,0.47182670,0.01327539,0.00409179,1.37273723,0.00495246,0.03695476,0.00069997
TCTT,Variance,0.01521441,0.01175646,1.46119062,0.00998231,0.06718072,0.00081193,0.01718197,0.85962815,0.00626439,0.21703028,0.00343495,0.54985592,0.01355193,0.00482633,1.25084023,0.00464201,0.04762091,0.00076018
TGAA,Variance,0.02051313,0.00840228,1.84732486,0.01041830,0.06376407,0.00057746,0.01990103,0.81221490,0.00715757,0.22674738,0.00330259,0.53716872,0.00863994,0.00548246,1.59233120,0.00423609,0.02994666,0.00113030
TGAC,Variance,0.02669499,0.00525467,2.16778679,0.00826021,0.04753435,0.00063118,0.01867687,0.69624397,0.00925880,0.26633825,0.00363067,0.57143044,0.00965994,0.00515706,1.78052290,0.00782611,0.03017719,0.00074616
TGAG,Variance,0.04045042,0.00581556,1.60462141,0.00932850,0.05569875,0.00082118,0.01827014,0.97399843,0.00743223,0.31282576,0.00470815,0.50716973,0.00919880,0.00328922,2.36692840,0.00808789,0.02809616,0.00067084
TGAT,Variance,0.02750172,0.00481966,1.30332485,0.00907292,0.06795966,0.00081842,0.01558439,1.01179662,0.00613904,0.28889661,0.00488572,0.40741592,0.01091985,0.00325259,1.81041058,0.00658350,0.02774653,0.00053374
TGCA,Variance,0.03498543,0.00563785,1.81701805,0.00778974,0.07749152,0.00080497,0.01354272,0.93736970,0.00827797,0.32431893,0.00356611,0.39259977,0.01105215,0.00376533,1.55352622,0.00622384,0.03449642,0.00051724
TGCC,Variance,0.03322126,0.00612146,1.75943138,0.00754469,0.08332154,0.00108761,0.01301591,0.90052083,0.00888363,0.31509107,0.00259551,0.32241781,0.00953717,0.00354367,1.20907101,0.00607830,0.03056581,0.00049409
TGCG,Variance,0.02665644,0.00679086,1.10628607,0.00939785,0.07309835,0.00104318,0.01746839,0.96545804,0.00825701,0.29526031,0.00321910,0.34136553,0.01621979,0.00275763,1.72135989,0.00595190,0.03587784,0.00048989
TGCT,Variance,0.01902499,0.00731963,1.15576328,0.01035023,0.05973677,0.00125890,0.02200561,1.01539761,0.00779791,0.17486381,0.00274343,0.40836086,0.01200722,0.00375673,1.60375305,0.00546537,0.05712903,0.00059478
TGGA,Variance,0.02277593,0.00561384,1.78467344,0.00982786,0.06012976,0.00102719,0.01634310,0.76875442,0.01271509,0.23064572,0.00252081,0.47167803,0.01129562,0.00365989,1.33623489,0.00642308,0.03934928,0.00081824
TGGC,Variance,0.02286942,0.00516078,2.19403159,0.00936607,0.04269103,0.00085530,0.01525992,0.76513995,0.01211503,0.30715183,0.00255193,0.50090094,0.01249299,0.00329403,1.58180700,0.01131372,0.03680543,0.00065573
TGGG,Variance,0.02481957,0.00460019,2.25435286,0.00831100,0.04059425,0.00076957,0.01225941,0.85591508,0.00664832,0.34078999,0.00286830,0.46623144,0.01000503,0.00294644,2.09585561,0.01201316,0.03332339,0.00069628
TGGT,Variance,0.02444106,0.00475393,2.52815832,0.00889293,0.04928236,0.00106027,0.01489869,0.75773371,0.00726522,0.30215164,0.00374064,0.42711738,0.01205499,0.00218995,1.26084743,0.00874239,0.03797168,0.00066430
TGTA,Variance,0.01849217,0.00586941,1.70356071,0.00736508,0.06264814,0.00109015,0.01435627,0.67371429,0.01054657,0.31315203,0.00274676,0.40501363,0.01421436,0.00271237,0.97531309,0.00750605,0.03907865,0.00062702
TGTC,Variance,0.01984082,0.00800015,1.87488740,0.00580397,0.05805446,0.00103764,0.01153856,0.73196502,0.00882534,0.41156683,0.00254308,0.40314441,0.01246572,0.00260533,0.82757952,0.00814246,0.03657621,0.00056811
TGTG,Variance,0.02266038,0.00729640,1.70461050,0.00691129,0.05529015,0.00086859,0.01536129,0.88502037,0.00932568,0.34915511,0.00235837,0.36411167,0.01340258,0.00226776,1.12168388,0.00905300,0.05292836,0.00052287
TGTT,Variance,0.01223656,0.00851491,1.60406940,0.01083000,0.03974867,0.00113447,0.01382905,0.71744280,0.00783161,0.30173435,0.00236518,0.46856629,0.01968449,0.00326478,1.15672807,0.00712216,0.04860476,0.00074390
TTAA,Variance,0.01145851,0.00808294,2.19182520,0.00875484,0.05137223,0.00120803,0.01407693,0.45901532,0.01009027,0.31244611,0.00195505,0.49566244,0.01990919,0.00310601,1.12259045,0.00862118,0.05565600,0.00100233
TTAC,Variance,0.01945519,0.00709411,3.28368034,0.00704113,0.03787320,0.00069699,0.00858344,0.56838562,0.00774319,0.38754273,0.00221072,0.64481804,0.01701437,0.00329842,1.12304116,0.01193882,0.03818515,0.00095953
TTAG,Variance,0.01586984,0.00640150,2.84555865,0.00534196,0.03771999,0.00078278,0.01136330,0.56433700,0.00742637,0.50714289,0.00330263,0.46327285,0.01279101,0.00229963,1.01585700,0.01108004,0.03854644,0.00085879
TTAT,Variance,0.01927955,0.00792744,2.42236436,0.00660182,0.03473206,0.00085431,0.00899840,0.53903485,0.00643569,0.40665531,0.00345973,0.66570251,0.01305677,0.00212370,1.16972248,0.00898202,0.05060426,0.00086396
TTCA,Variance,0.01809099,0.00895068,3.41799512,0.00599950,0.05571334,0.00084505,0.00893521,0.57456170,0.00585714,0.48543913,0.00312586,0.59766562,0.01372235,0.00283763,0.86082692,0.00858802,0.04972311,0.00097018
TTCC,Variance,0.01658555,0.00851567,2.95724945,0.00347335,0.04986537,0.00063146,0.00952057,0.55901588,0.00557118,0.59763330,0.00275011,0.48995152,0.01680278,0.00261162,0.78814462,0.00662272,0.04606360,0.00077488
TTCG,Variance,0.01686614,0.01051682,1.64869645,0.00542893,0.04832938,0.00085776,0.01203113,0.90081869,0.00453932,0.32708313,0.00412762,0.51522234,0.01835199,0.00269299,0.98249197,0.00927726,0.06164816,0.00100305
TTCT,Variance,0.01284570,0.01106253,1.64761376,0.00568917,0.04655090,0.00083411,0.01252215,0.65932109,0.00727954,0.33296448,0.00309597,0.69136728,0.01884649,0.00403822,1.09271194,0.00520321,0.05696548,0.00133898
TTGA,Variance,0.01901819,0.01111790,2.48491293,0.00687669,0.04951939,0.00061780,0.01127220,0.46514427,0.00559344,0.32535881,0.00309457,1.02960315,0.01785710,0.00405016,0.98949820,0.00557334,0.07198008,0.00150181
TTGC,Variance,0.01777473,0.00633187,3.27420435,0.00564945,0.03375103,0.00055934,0.01020390,0.56389083,0.00697184,0.38051701,0.00370551,0.69586996,0.01378410,0.00331395,1.46300654,0.00742270,0.03358763,0.00131101
TTGG,Variance,0.02071079,0.00876632,3.31101863,0.00590979,0.03637245,0.00045407,0.00887966,0.57875135,0.00595898,0.44520952,0.00420477,0.74061478,0.01264336,0.00302582,1.38238184,0.00716522,0.02872468,0.00084877
TTGT,Variance,0.02084025,0.00878038,1.77931836,0.00545776,0.04657326,0.00081938,0.01153936,0.70509665,0.00479029,0.37911264,0.00496909,0.55765333,0.01615861,0.00279685,1.33512161,0.00855638,0.03976812,0.00120117
TTTA,Variance,0.01729885,0.01163592,2.59039576,0.00469019,0.08420283,0.00081310,0.00907547,0.71326066,0.00573789,0.30496283,0.00418588,0.66502486,0.01250183,0.00373862,1.13674105,0.00644495,0.03989103,0.00082655
TTTC,Variance,0.03261515,0.00942521,2.02532861,0.00489710,0.05626394,0.00071238,0.00977050,0.75935556,0.00533354,0.43295279,0.00375814,0.53385480,0.01046900,0.00348938,1.05322500,0.00630566,0.03015525,0.00074034
TTTG,Variance,0.01870140,0.00982465,1.65327909,0.00687121,0.05429118,0.00065902,0.01308668,1.09950631,0.00538620,0.29671455,0.00436976,0.57279485,0.01246345,0.00380741,1.30055188,0.00599442,0.03211172,0.00091356
TTTT,Variance,0.01792357,0.00867747,1.58413814,0.00942165,0.06629088,0.00089482,0.01478461,0.94778938,0.00615899,0.22126196,0.00359598,0.55727940,0.01401578,0.00445193,1.72264876,0.00376473,0.02593578,0.00089483
AA,Shape,0.15195361,0.03157366,-6.33335921,-0.20323456,0.91190731,3.36048867,-0.10852309,-0.18559846,-0.21508475,33.09611106,0.19414152,2.60054639,0.14776833,-0.12399722,-9.70132142,-0.33358036,0.53347307,3.16315471
AC,Shape,0.41852804,-0.08246456,-8.44125686,-0.18707663,1.11626791,3.35711284,-0.31422722,-0.55606746,-0.01473050,34.46253267,0.18324974,0.87830498,0.01102737,-0.08362792,-8.48090045,-0.39501379,0.25524025,3.17186194
AG,Shape,0.20736355,-0.14043938,-7.00443063,-0.10385871,0.80586530,3.33522976,-0.36507527,1.23034333,0.15106995,34.28117984,0.10168792,0.50816337,0.09610044,-0.08972124,-10.78935576,-0.51895172,0.47902234,3.19350816
AT,Shape,0.20329862,-0.01725673,-6.16935977,-0.27534394,0.30527809,3.33515096,-0.10409606,2.76047222,0.10433027,33.70864107,0.10990898,1.46734309,0.05815388,-0.22044440,-12.46289671,-0.42051362,1.01495667,3.20192248
CA,Shape,0.52292855,0.02055568,-9.98501508,-0.54782350,0.34278646,3.35759979,0.00981924,2.40197182,0.03696254,33.98708270,0.17621283,0.77826919,-0.25846977,-0.31094700,-10.70797138,-0.22974549,1.09057715,3.19453378
CC,Shape,0.53574127,-0.19178797,-13.54326880,-0.52233308,0.73191616,3.35875714,-0.04581746,2.14479938,0.16094024,34.79746226,0.08911045,-1.26651691,-0.38077237,-0.20974207,-7.62930192,-0.20540113,0.89114665,3.18930970
CG,Shape,0.12190181,-0.32880295,-12.47989637,-0.38440857,0.64654582,3.35149983,-0.03517528,3.79916292,0.30480328,33.98215401,-0.05298823,-1.72693647,-0.21954142,-0.12244975,-8.48778189,-0.28051604,1.05135604,3.20731473
CT,Shape,-0.08277592,-0.27428357,-11.57217532,-0.48172915,0.39456981,3.36016433,0.29075728,4.79795630,0.15683830,32.86678800,-0.09117509,-0.78845813,-0.14646708,-0.17922354,-9.08280680,-0.15175834,1.42346734,3.19819711
GA,Shape,0.04073664,-0.24754221,-14.24949254,-0.58036580,0.70189448,3.38407803,0.34963660,3.33270349,-0.02826372,32.72858065,-0.02170382,-1.11369176,-0.28637723,-0.17701022,-6.21856654,-0.00427746,1.33371930,3.18433160
GC,Shape,-0.00473694,-0.43737892,-16.03270175,-0.41448830,1.26905970,3.40012971,0.19812421,2.47739052,0.01916769,33.31456026,-0.08047367,-2.26593117,-0.28764178,-0.02333139,-3.13892848,-0.03897916,0.90963355,3.17930600
GG,Shape,-0.40492019,-0.53521232,-12.72640777,-0.19030176,1.36683968,3.38529432,0.11305032,3.00141856,0.06699053,32.41190538,-0.18611469,-1.87138532,0.05169379,0.09430256,-4.23817851,-0.18494795,0.84067674,3.18606012
GT,Shape,-0.56704667,-0.35394918,-9.30169077,-0.15648287,1.11695047,3.38040577,0.22171895,2.96263571,-0.10809282,31.46373762,-0.14799504,-0.21592353,0.24906620,0.03713866,-6.14083693,-0.16221036,1.02619216,3.17274430
TA,Shape,-0.29003229,-0.26036565,-9.98596583,-0.23283681,1.34567988,3.40084997,0.20824423,0.83928537,-0.27808536,31.75392734,0.01040746,0.69744135,0.13112753,-0.02202085,-4.81348667,-0.09990499,0.74422198,3.15582840
TC,Shape,-0.15537791,-0.31402196,-10.77289341,-0.08995889,1.69723070,3.39433246,-0.08771444,-0.32591215,-0.19730854,32.85954734,0.01450184,0.12661097,0.11476090,0.07959400,-3.76396273,-0.24345414,0.30361921,3.15086679
TG,Shape,-0.33428188,-0.29926484,-6.87531135,0.07138393,1.55791821,3.36689236,-0.21878351,0.37506891,-0.08385201,32.56288460,-0.03585609,0.38401612,0.39639553,0.13100519,-6.83476839,-0.44672833,0.29976820,3.16981173
TT,Shape,-0.29473546,-0.11845513,-4.35507996,-0.00183745,1.04805084,3.35525298,-0.09529231,1.13477368,-0.12917762,32.11285168,0.04319591,2.16811729,0.42193076,-0.01762137,-9.83222421,-0.43780697,0.51988755,3.17038323
AA,Variance,0.02435118,0.00633248,1.85780066,0.00834728,0.06026361,0.00070805,0.01469064,0.84741663,0.00786543,0.26716726,0.00374997,0.53370643,0.00953390,0.00410467,1.81713258,0.00607645,0.02802874,0.00080874
AC,Variance,0.02726078,0.00648053,1.45350194,0.00895370,0.07242942,0.00106775,0.01731884,1.02678750,0.00834858,0.26669698,0.00308173,0.36554750,0.01157570,0.00358350,1.55018764,0.00665385,0.03514209,0.00058566
AG,Variance,0.02286095,0.00531013,1.75860386,0.00993075,0.04941291,0.00098491,0.01485702,0.75796205,0.00998544,0.28706667,0.00279590,0.44800714,0.01099148,0.00313420,1.62213059,0.00855428,0.03452011,0.00074670
AT,Variance,0.01969784,0.00756023,1.95425432,0.00785850,0.05466724,0.00107837,0.01370321,0.74011644,0.00870285,0.34825607,0.00253789,0.44250959,0.01652272,0.00248219,1.10918922,0.00890124,0.04979616,0.00071086
CA,Variance,0.01680814,0.00737621,2.82735412,0.00705128,0.03706998,0.00077447,0.01051092,0.51891512,0.00787636,0.40625943,0.00290094,0.61170692,0.01479580,0.00267677,1.09740043,0.00985811,0.05152456,0.00103731
CC,Variance,0.01664257,0.01020092,2.34484539,0.00524551,0.04806334,0.00073935,0.01031570,0.66011517,0.00606595,0.41521112,0.00332083,0.61136522,0.01771910,0.00286964,0.91193001,0.00746491,0.05484074,0.00093970
CG,Variance,0.01903669,0.00865307,2.66169654,0.00634138,0.04504259,0.00057214,0.01105642,0.59672170,0.00592157,0.38237331,0.00428487,0.68435408,0.01261550,0.00383745,1.27441318,0.00712822,0.04001547,0.00114260
CT,Variance,0.02205738,0.00921809,1.76449266,0.00650636,0.06302968,0.00073151,0.01368030,0.87163092,0.00611192,0.30703837,0.00396625,0.54400948,0.01268439,0.00409273,1.29878101,0.00542652,0.03734876,0.00080921
GA,Variance,0.02538094,0.00618963,1.83270725,0.00890486,0.05989731,0.00074365,0.01550186,0.87043798,0.00751547,0.27560207,0.00382769,0.51499140,0.00980025,0.00435944,1.80186577,0.00624202,0.02919387,0.00080691
GC,Variance,0.02650871,0.00668052,1.45385854,0.00920336,0.07509300,0.00104251,0.01630707,0.99768161,0.00848264,0.26573507,0.00308031,0.38621229,0.01266725,0.00349051,1.53285343,0.00671979,0.03579811,0.00061182
GG,Variance,0.02287386,0.00510817,1.96809461,0.00958357,0.05241027,0.00092905,0.01572440,0.74129702,0.00954685,0.29146157,0.00276514,0.44738515,0.01168951,0.00314561,1.59402307,0.00922545,0.03506216,0.00069806
GT,Variance,0.01874861,0.00737469,1.92251204,0.00747020,0.05171138,0.00108419,0.01349335,0.76799994,0.00847606,0.35054136,0.00254481,0.41563796,0.01522390,0.00260232,1.02668129,0.00867127,0.04586297,0.00068443
TA,Variance,0.01684077,0.00722760,2.68352539,0.00672990,0.03781582,0.00080643,0.01090258,0.53616220,0.00777327,0.41613168,0.00288939,0.61062980,0.01466646,0.00259578,1.11383794,0.00983869,0.04925858,0.00098584
TC,Variance,0.01657368,0.01010234,2.41187134,0.00520907,0.04563765,0.00078024,0.01064974,0.63166942,0.00581322,0.41515180,0.00332690,0.58072114,0.01733192,0.00290118,0.96482997,0.00746961,0.05367830,0.00092548
TG,Variance,0.01827983,0.00874003,2.55957511,0.00618214,0.04229032,0.00060177,0.01099015,0.56686890,0.00607869,0.35769101,0.00421171,0.72414673,0.01367917,0.00361144,1.28038409,0.00665992,0.04157216,0.00115585
TT,Variance,0.02240416,0.00906771,1.88049388,0.00667940,0.06769611,0.00072170,0.01240228,0.88585021,0.00590385,0.30964111,0.00411502,0.55004703,0.01278801,0.00412376,1.31873732,0.00545975,0.03609707,0.00084618
