Tetramer,Info,Buckle,Shift,Propeller,Slide,Opening,Rise,Shear,Roll,Stretch,Twist,Stagger,Tilt,Buckle_2,Shift_2,Propeller_2,Slide_2,Opening_2,Rise_2
AAAA,Shape,0.17727921,0.09206478,-2.86970957,-0.18136615,0.87600979,3.36769696,-0.11771664,-0.66054196,-0.27241084,34.16027210,0.11498147,2.51060916,0.19243339,-0.12976132,-10.14166466,-0.26207644,0.71774311,3.38294802
AAAC,Shape,0.17213179,0.03348364,-7.44766440,-0.38182288,0.67788056,3.33778706,-0.18093873,-0.57150573,-0.18944997,35.61117423,0.24143978,3.23641492,0.30589993,-0.11423740,-10.04509890,-0.26499376,0.60914438,3.35950446
AAAG,Shape,0.10426361,0.00033552,-8.11121768,-0.27158466,0.99592864,3.35057006,0.01285883,0.36341358,-0.09052151,36.13575683,0.25108075,2.82012160,0.12135549,-0.19829103,-11.03400401,-0.38086139,0.27538433,3.33801093
AAAT,Shape,0.27268710,0.06588599,-6.39046326,-0.14897967,1.32425326,3.37435432,-0.13517559,-0.71037626,-0.12430410,35.90863447,0.19225970,0.98201248,-0.04875200,-0.22955525,-10.26478275,-0.32895938,0.36229877,3.37081531
AACA,Shape,0.59834117,0.05748354,-6.63538546,-0.24444326,1.16131373,3.33888145,-0.31058882,-1.41558997,-0.19002710,36.15341223,0.21014798,1.07982394,0.03294294,-0.09168312,-7.40399609,-0.29890660,0.58125888,3.36073183
AACC,Shape,0.43260851,-0.04141335,-9.59855199,-0.36828624,1.03124895,3.32065628,-0.31193777,-0.84609744,-0.10304057,37.06637987,0.25252284,1.80451633,0.18082861,-0.05495718,-7.88514575,-0.32467566,0.28665858,3.35737275
AACG,Shape,0.20508606,-0.19344314,-9.41753117,-0.23313590,1.12394477,3.36076859,-0.30883015,0.41095211,0.09092824,37.23048491,0.22623976,1.15601988,-0.01298100,-0.12819905,-9.67866013,-0.53082419,0.13029820,3.34612568
AACT,Shape,0.37465724,-0.09767422,-7.83754945,-0.11974191,1.26610526,3.35770014,-0.26174404,0.06567624,0.06337798,36.81640636,0.11302988,-0.02943196,-0.06602858,-0.13044670,-9.55979130,-0.49697332,0.15504489,3.37352009
AAGA,Shape,0.46107133,-0.04148526,-6.38207184,-0.10831797,1.20380015,3.33717920,-0.49695990,-0.22681989,0.04278856,36.50831449,0.03509323,0.34205788,0.09296127,-0.07307992,-8.81551826,-0.40489282,0.39649745,3.39222844
AAGC,Shape,0.23206678,-0.19111106,-8.19308475,-0.28320825,0.71309099,3.31378465,-0.43247037,0.86654903,0.14484415,36.93884338,0.12965545,0.53573403,0.15293743,-0.01903774,-9.77158638,-0.52664139,0.41733259,3.38528179
AAGG,Shape,0.00430333,-0.17853346,-8.57742321,-0.17937647,0.83245714,3.32901296,-0.27268420,2.92190449,0.23070816,37.03499924,0.11434044,0.91040762,0.08437917,-0.15407073,-13.07717618,-0.61896603,0.28594112,3.39149464
AAGT,Shape,0.15837307,-0.04875482,-4.19799890,-0.14083610,0.89303082,3.31989015,-0.21159738,2.35232107,0.19755134,36.08778295,0.02839051,0.25059792,0.10505546,-0.16185072,-13.10057298,-0.55495493,0.78222543,3.39619656
AATA,Shape,0.25272911,0.05917791,-3.54595953,-0.19695983,0.59513252,3.33354793,-0.27204896,1.88058164,0.11238097,35.59883093,0.01732042,1.03471364,0.13267644,-0.16498745,-12.07262503,-0.41917880,1.11093769,3.41428610
AATC,Shape,0.15289955,-0.06022208,-7.36377498,-0.34567977,0.05754178,3.32156937,-0.20121730,2.66574262,0.10793632,36.18909083,0.14317400,1.80984658,0.21490925,-0.18148600,-12.61980551,-0.41244251,0.91765141,3.38318817
AATG,Shape,0.03850252,-0.05823416,-7.32206914,-0.42289396,0.25029551,3.33883501,-0.02948443,3.78857660,0.20174828,36.47774160,0.12794854,1.79588407,-0.02576187,-0.27050268,-15.07207686,-0.51550628,0.87500334,3.38783279
AATT,Shape,0.33617218,0.10055096,-5.16053238,-0.34283201,0.41321613,3.32281019,0.09416004,3.03110634,0.06707272,36.22339589,0.07932984,1.04183297,-0.17681605,-0.34132482,-14.44846186,-0.36938424,1.14046188,3.37519816
ACAA,Shape,0.56198611,0.06855339,-7.70881752,-0.51345298,0.23296607,3.34372693,-0.01770150,1.83399005,-0.03488679,35.56655991,0.14769576,1.48742318,-0.17846415,-0.31676545,-11.72043543,-0.13366543,1.30039257,3.39823227
ACAC,Shape,0.47529508,0.12056027,-11.49644326,-0.70479681,-0.07018709,3.35199466,0.02490670,2.53992491,0.07523510,36.72527120,0.18980396,1.71986794,-0.13558801,-0.27107332,-10.73339570,-0.25998235,1.10386747,3.38158395
ACAG,Shape,0.36292432,-0.06529269,-12.44475813,-0.69812085,0.41447520,3.36771334,0.16307050,2.79878489,0.13807430,36.81715846,0.21610531,0.42626235,-0.30402568,-0.35954909,-11.31881013,-0.28596816,0.88704375,3.37948483
ACAT,Shape,0.59164761,-0.00785629,-11.05594537,-0.50022846,0.49648547,3.37189521,0.02454743,2.58734352,0.06439738,37.01667693,0.12341897,-0.65685069,-0.53422834,-0.36531772,-11.18513892,-0.17230302,1.06978980,3.39666931
ACCA,Shape,0.76995892,0.02363669,-12.11136786,-0.57475169,0.65833539,3.35220442,-0.04407669,1.83728950,0.04691908,36.61728614,0.10961234,-0.63820572,-0.43511525,-0.24242079,-7.91636465,-0.15345806,1.10838765,3.40728673
ACCC,Shape,0.56071945,-0.17277086,-14.47610271,-0.61989310,0.57907490,3.34327452,-0.07085695,2.19477944,0.11769406,37.50879819,0.15116031,-0.33753214,-0.25797413,-0.18131730,-7.48686754,-0.19401918,0.84239969,3.37332465
ACCG,Shape,0.40699666,-0.33052336,-14.93414191,-0.60171287,0.85486078,3.36366071,-0.02859289,2.55926367,0.28461698,37.97891915,0.12461444,-0.90064252,-0.40393741,-0.21689487,-8.09945235,-0.31610735,0.67290343,3.38293955
ACCT,Shape,0.45138442,-0.20807130,-13.38040205,-0.39557363,0.93092698,3.36301144,0.01724588,3.26728361,0.24889354,37.14292247,-0.04350899,-2.62575630,-0.46839919,-0.21905108,-8.86471535,-0.21782707,0.85829217,3.38087026
ACGA,Shape,0.30728459,-0.19922189,-12.14531564,-0.40135402,0.88323822,3.34462214,-0.09738403,2.68134504,0.17720054,36.19363360,-0.09112887,-2.53379218,-0.26059056,-0.11605167,-7.26558030,-0.21475549,1.09852349,3.42625940
ACGC,Shape,0.06746263,-0.36631659,-13.18250248,-0.46206167,0.49290190,3.33115468,-0.13989723,3.75367644,0.32419640,36.95104914,-0.01362642,-1.54762068,-0.14898793,-0.08615751,-7.36991784,-0.23669674,1.02193663,3.41421074
ACGG,Shape,-0.11621614,-0.40873632,-12.83662128,-0.38253483,0.59391379,3.36261902,0.02003326,4.66136758,0.39756857,36.64045306,-0.08626643,-1.52156710,-0.21304626,-0.13423855,-10.56798545,-0.37116949,1.07570997,3.40593659
ACGT,Shape,-0.05428191,-0.26969296,-10.08601344,-0.33736966,0.72250070,3.33934397,0.12275718,5.32995090,0.26253367,35.74316456,-0.15954038,-2.49981760,-0.34354935,-0.21501644,-10.14128724,-0.27774460,1.13510685,3.42578370
ACTA,Shape,0.08375552,-0.24617581,-10.20022020,-0.43795732,0.45001125,3.34010627,0.18427968,4.03583794,0.15890438,35.05526956,-0.16636433,-1.79511384,-0.07772071,-0.09893098,-9.32934282,-0.17652035,1.42442035,3.42479708
ACTC,Shape,-0.09475112,-0.28230087,-11.85721904,-0.62874492,0.28484692,3.33440231,0.16467845,5.32719012,0.21540693,35.54373563,-0.08893021,-0.56143971,-0.00658654,-0.09159141,-8.06705137,-0.19144876,1.41081969,3.39651474
ACTG,Shape,-0.14577756,-0.30516851,-13.00219645,-0.52980436,0.52813938,3.37043905,0.31515556,6.17106311,0.24359506,35.48244259,-0.07148709,-0.27473191,-0.15229554,-0.19492852,-10.57345080,-0.20300903,1.32149982,3.40286038
ACTT,Shape,-0.10823821,-0.20778278,-10.40287433,-0.49165163,0.51959595,3.38720574,0.39754255,5.83456025,0.04782517,34.63850278,-0.12894232,-1.27737733,-0.34718450,-0.28176420,-9.92276200,-0.11728063,1.53527515,3.41282470
AGAA,Shape,0.14111975,-0.18129473,-11.63348910,-0.60365580,0.51768746,3.38027580,0.25417398,3.49827480,-0.04234214,34.69451153,-0.08927093,-0.98909156,-0.20172022,-0.16117366,-7.43929575,0.07012412,1.80123410,3.40601715
AGAC,Shape,0.15477575,-0.26202881,-14.21574806,-0.73562171,0.56001880,3.37807020,0.28681791,3.13181452,0.02909559,34.92691314,-0.00853070,0.02312469,-0.14586655,-0.14759730,-6.12630507,0.06399461,1.27416681,3.38014085
AGAG,Shape,-0.03599535,-0.35169940,-15.45977319,-0.75148151,0.86114737,3.37594383,0.42679795,4.40903520,0.05505730,35.53666223,0.00241078,-0.74885550,-0.33715069,-0.20840894,-6.88658754,-0.00452828,1.13128400,3.36885904
AGAT,Shape,0.13877039,-0.23259926,-14.79312351,-0.57004838,1.24496195,3.41986183,0.27396889,3.41758200,-0.05189222,34.93472993,-0.10967187,-2.39791530,-0.54115594,-0.15427664,-5.95611521,0.08546782,1.13056140,3.40342377
AGCA,Shape,0.22122631,-0.26746709,-14.77972758,-0.49721631,1.03988351,3.39271550,0.19698140,1.68595844,-0.11258727,35.01083955,-0.09583286,-1.87792048,-0.37942538,-0.09087684,-2.34525573,0.16380320,1.22966773,3.38313913
AGCC,Shape,-0.04923137,-0.40802174,-16.70894908,-0.57482950,1.18162888,3.38089144,0.18914095,2.51929572,0.00933093,35.69499800,-0.07069559,-1.47651672,-0.20728688,-0.00931524,-2.56190581,-0.00035365,0.97217931,3.37447836
AGCG,Shape,-0.20414923,-0.52082301,-17.66357171,-0.44665524,1.28958991,3.39275138,0.21492171,3.33117709,0.09056529,35.95447232,-0.07403487,-2.73151828,-0.31088332,-0.07831064,-4.10341560,-0.13404036,0.58771652,3.35305158
AGCT,Shape,-0.15646259,-0.45214037,-14.54018393,-0.27151480,1.68316530,3.38995349,0.16314447,2.39368006,0.12114037,35.08538005,-0.20474404,-3.48585880,-0.28987641,-0.07956574,-3.91041019,-0.05592714,0.90532507,3.38700345
AGGA,Shape,-0.18421032,-0.46470323,-13.77482149,-0.20788922,1.58278679,3.37960594,0.06096372,1.90226321,-0.01783923,34.63056882,-0.18353717,-2.59659739,-0.03980781,0.08437867,-1.90124945,-0.05585145,0.91574957,3.38835348
AGGC,Shape,-0.43520954,-0.53020521,-15.27781468,-0.24378517,1.39942369,3.36908230,-0.02671446,2.65651294,0.09391063,34.75510763,-0.14377200,-1.40757012,0.09764585,0.13132021,-3.41558696,-0.15778780,0.72117417,3.36888868
AGGG,Shape,-0.66589566,-0.52337282,-12.80997920,-0.23956077,1.43344437,3.37225850,0.13523404,4.05442747,0.14451783,34.95064159,-0.19582625,-1.64903437,0.08214948,0.06048510,-5.93257094,-0.23678992,0.56829200,3.38909339
AGGT,Shape,-0.62173717,-0.44768463,-9.22794175,-0.05828027,1.57848820,3.35340646,0.15793608,3.84567536,0.03748707,33.99822062,-0.26139512,-2.20081531,0.02747727,0.01884807,-6.35907715,-0.24034090,0.89561924,3.38740851
AGTA,Shape,-0.45446531,-0.36682891,-8.56529245,-0.13549963,1.17625132,3.36582381,0.10849208,2.60059945,-0.11899983,33.28392381,-0.25627934,-0.89023543,0.27650262,0.03478219,-4.85190413,-0.08550593,1.11111409,3.39557246
AGTC,Shape,-0.59973307,-0.40507941,-10.44787612,-0.26472117,0.93249314,3.36832549,0.17859528,3.10191634,-0.12183076,33.72034074,-0.17424774,0.01225527,0.40280972,0.08160986,-6.40296780,-0.15506774,1.06591482,3.37971930
AGTG,Shape,-0.72024043,-0.40422601,-10.24753506,-0.25168494,1.24197977,3.38601900,0.33302428,4.04159037,-0.02108912,33.84201270,-0.16934340,0.60832125,0.33899328,-0.01094510,-7.27179711,-0.17654042,0.75633146,3.36055862
AGTT,Shape,-0.51523250,-0.26021032,-7.86547087,-0.16200486,1.35381881,3.38909189,0.36815262,2.87462317,-0.21500269,33.65482877,-0.14077604,-0.11420939,0.09705298,-0.04907549,-7.38893409,-0.13425962,1.05814781,3.37577354
ATAA,Shape,-0.21031260,-0.15951077,-8.69371250,-0.26879208,1.19004976,3.38700990,0.23183722,1.19334545,-0.33080599,33.26791337,-0.10575424,0.54937460,0.14832146,-0.03212816,-5.22598104,0.01915211,1.19708670,3.38377211
ATAC,Shape,-0.26167152,-0.26037448,-10.63505222,-0.38551766,0.98142693,3.39221636,0.19441201,1.01361481,-0.27359947,34.21494567,-0.02944985,1.30333545,0.26552798,-0.00846973,-4.55574890,-0.01482265,0.82067660,3.34236334
ATAG,Shape,-0.36656607,-0.25095308,-11.06913644,-0.34034252,1.42460092,3.39334965,0.23072872,1.45933646,-0.17689405,34.60592706,0.04562557,1.11020037,0.07019149,-0.07572571,-6.63543966,-0.10050188,0.60602881,3.33548882
ATAT,Shape,-0.20195656,-0.20391591,-9.31883987,-0.16946758,1.77946089,3.41838200,0.17565527,-0.12005046,-0.26689064,34.21887234,-0.01599303,-0.75344451,-0.04629660,-0.07845563,-5.39651180,-0.14029990,0.56066238,3.34468291
ATCA,Shape,0.06703080,-0.17651602,-10.32693190,-0.17699126,1.57052871,3.36920912,0.01413491,-0.92129810,-0.30358071,34.21495898,-0.03715949,-0.18185791,0.12334981,0.01219887,-2.65724437,-0.06868533,0.65468568,3.36317449
ATCC,Shape,-0.15610942,-0.29135463,-12.22345293,-0.22327949,1.48523894,3.36710851,-0.15387707,-1.01091069,-0.19113647,35.60477218,0.06968746,0.83795254,0.19365248,0.08862230,-2.28205774,-0.20882197,0.27896586,3.34120792
ATCG,Shape,-0.27892419,-0.39737712,-11.90198833,-0.13453902,1.90384220,3.37778037,-0.05573240,0.32702647,-0.09199319,35.32832234,-0.00266820,-0.06976533,0.15014763,0.08407759,-5.05083120,-0.38105015,0.20351398,3.34853055
ATCT,Shape,-0.27094953,-0.25679448,-7.91286552,0.06998931,1.98325676,3.35980690,-0.12791379,-0.47944535,-0.13099433,35.09979471,-0.07762860,-0.43328371,-0.00751064,0.03064935,-5.21584893,-0.35597649,0.18097997,3.37201469
ATGA,Shape,-0.07711935,-0.27798181,-7.72609139,0.11178003,1.68767110,3.35296745,-0.29813202,-0.49504411,-0.20173352,34.74940317,-0.08589356,-0.10854598,0.32491798,0.10874110,-4.37340092,-0.29824624,0.33088105,3.35713954
ATGC,Shape,-0.34660451,-0.37195753,-9.82908317,-0.01750621,1.32854472,3.36287678,-0.34273005,0.14714055,-0.13190371,35.23562039,-0.00001288,0.75680411,0.47254697,0.16469099,-5.17071811,-0.36942348,0.21533075,3.37701406
ATGG,Shape,-0.61437117,-0.36698677,-7.43635303,0.05378312,1.44529680,3.36965184,-0.20494693,1.05890024,-0.00057703,35.01887139,-0.01751406,1.17082776,0.39254523,0.06322435,-8.79426540,-0.55167953,0.06051058,3.36367013
ATGT,Shape,-0.42598476,-0.20467195,-3.32869712,0.20740900,1.52128102,3.35859996,-0.02939973,1.35273338,-0.12106594,34.23108086,-0.09662112,0.47644921,0.31799377,0.03258089,-9.36137970,-0.44142075,0.37206910,3.37539767
ATTA,Shape,-0.23036826,-0.13995711,-3.10457549,0.09935583,1.29816611,3.35925686,-0.19840072,0.21562650,-0.11088839,34.30338734,-0.06136186,1.60025475,0.54270620,0.04514249,-8.66605795,-0.38940196,0.66047474,3.39673264
ATTC,Shape,-0.32420539,-0.13872300,-4.75987298,-0.08781780,0.81700297,3.33940704,-0.21914206,1.49930177,-0.09018293,34.57239683,0.03346356,2.65144274,0.56272611,0.03518666,-9.82325927,-0.40242443,0.58052344,3.37473630
ATTG,Shape,-0.45685116,-0.16812170,-5.03425425,-0.09092337,1.11877529,3.34707303,-0.01822644,1.99435864,-0.06170164,35.15344124,0.11297748,2.57079302,0.46247173,-0.10586452,-12.19304555,-0.50468395,0.37760928,3.35220190
ATTT,Shape,-0.18641953,0.08068853,-4.05171778,-0.07209424,1.03983444,3.36245197,0.02506631,0.84423588,-0.22801042,34.59724351,0.03906494,2.23397119,0.21717043,-0.17547378,-11.91895713,-0.44531278,0.64774364,3.37286564
CAAA,Shape,0.16997923,0.11572549,-4.61139593,-0.13888070,0.86801083,3.34892428,-0.15559825,-0.24981830,-0.24364657,34.61702722,0.11361177,2.58318083,0.28832100,-0.10027719,-9.00899900,-0.22899267,0.77694750,3.36556195
CAAC,Shape,0.10771340,0.01191394,-7.42526109,-0.28957997,0.79700571,3.35583132,-0.13026635,-0.25952986,-0.27438966,35.67486131,0.22126328,3.12708737,0.32329325,-0.10087905,-7.97401005,-0.31715065,0.59169926,3.36216031
CAAG,Shape,0.09951704,-0.04026586,-7.75880621,-0.28325053,0.97096916,3.34860251,-0.07685612,0.74418484,-0.16775393,35.91010486,0.23807490,2.36737491,0.17898142,-0.19269178,-10.78097542,-0.36572016,0.37096050,3.34991471
CAAT,Shape,0.37582093,0.06122546,-6.15434075,-0.22518932,1.18545009,3.37866777,-0.12608901,-0.28213541,-0.20404883,35.79687164,0.18391817,1.47532648,-0.06706674,-0.20090334,-10.29831070,-0.36345418,0.45764172,3.36176097
CACA,Shape,0.47063400,0.07666675,-6.69517342,-0.21451995,1.09862553,3.34883088,-0.31724824,-1.39034890,-0.23315890,36.17074240,0.18625125,1.75916107,0.01858295,-0.13195232,-7.46544908,-0.25910996,0.52522423,3.37919498
CACC,Shape,0.42300919,-0.09134225,-9.89460061,-0.35208228,0.99289952,3.35298901,-0.38562993,-1.33851621,-0.05371193,36.74391068,0.27401289,1.56664713,0.09713037,-0.07021437,-7.56084248,-0.37209763,0.37052174,3.34508447
CACG,Shape,0.29316607,-0.16822713,-9.31008862,-0.23917037,1.03290849,3.33652932,-0.37382798,0.50960274,0.08956857,37.74068183,0.23701370,1.12700019,-0.03580979,-0.12766890,-10.09785127,-0.52029605,-0.00349491,3.36678211
CACT,Shape,0.33072500,-0.07236355,-7.44377672,-0.06388746,1.30928649,3.34589405,-0.31307932,0.84471773,0.11949998,36.68979232,0.08802345,-0.88915859,-0.13043896,-0.11806663,-9.36348023,-0.50386643,0.38297795,3.37865704
CAGA,Shape,0.40230198,-0.05829446,-7.20670489,-0.13435994,1.03575986,3.33063696,-0.45379697,-0.05130757,0.06985077,36.50886627,0.08317388,-0.17053931,0.13499523,-0.09293054,-8.50722131,-0.41716760,0.51872940,3.39385156
CAGC,Shape,0.25497235,-0.12210288,-8.05177830,-0.17811772,0.70094235,3.32767389,-0.42295034,0.86339266,0.19869210,36.83781227,0.13173680,1.25631671,0.27156443,-0.04366729,-9.53957885,-0.55284177,0.26943363,3.36239729
CAGG,Shape,0.01555454,-0.14523718,-8.23736343,-0.17468795,0.85403013,3.31500819,-0.30061901,2.57491577,0.26913823,37.13307068,0.08814083,1.19011502,0.08819722,-0.12816304,-12.76753020,-0.65191346,0.35491881,3.37904571
CAGT,Shape,0.17583157,-0.04662829,-6.33249947,-0.05378340,0.78947290,3.34621786,-0.19428729,2.30907476,0.16845179,36.01410476,-0.01060825,0.17322229,0.02875336,-0.20474326,-13.36963396,-0.52585698,0.59134347,3.39941749
CATA,Shape,0.27229103,0.04642370,-5.22213684,-0.17109025,0.45329115,3.32103105,-0.26982455,2.05218711,0.06190069,35.68015223,0.02692624,1.01095997,0.09706972,-0.14990762,-11.69837768,-0.44609839,0.98603204,3.42518743
CATC,Shape,0.08695413,-0.07283402,-6.93240653,-0.35111440,0.16961144,3.30840137,-0.26899624,2.40651952,0.09540626,36.02819829,0.11108088,2.05435026,0.25580998,-0.15675227,-13.19525513,-0.42483978,0.78496358,3.38544895
CATG,Shape,0.05710795,-0.02033443,-8.88998443,-0.37932005,0.34796898,3.34358547,-0.07686851,3.84476680,0.15867893,36.66909649,0.11114242,1.92953043,0.05500260,-0.28429912,-14.93472309,-0.51123992,0.92405515,3.38230819
CATT,Shape,0.28393846,0.08963801,-6.03781269,-0.41028397,0.43114659,3.34333715,0.07855567,3.13951388,0.05992712,35.48422547,0.07909683,0.53713497,-0.15798143,-0.38898232,-14.02956296,-0.36037951,1.08349576,3.39981620
CCAA,Shape,0.59876619,0.15682035,-7.13424258,-0.49299635,0.37934031,3.34723688,-0.08469049,1.77330522,-0.00115751,35.82018023,0.11660989,1.25840132,-0.15760530,-0.32195249,-12.02811148,-0.16291886,1.43659711,3.40453362
CCAC,Shape,0.49959956,0.07556968,-11.21474108,-0.74211449,0.05113425,3.36028642,0.01340150,2.40899044,0.00332625,36.66830176,0.21696919,1.56072741,-0.07996927,-0.33982637,-10.10771857,-0.19912080,1.05592604,3.38098876
CCAG,Shape,0.32047728,-0.11275890,-12.53753780,-0.66658181,0.52600404,3.36323601,0.19328743,2.54316142,0.09784122,37.19698404,0.19179950,0.68173829,-0.30085845,-0.34657110,-11.99512691,-0.26090687,0.90729133,3.38236232
CCAT,Shape,0.54474907,0.02186721,-11.00364295,-0.50994503,0.66027360,3.35873711,0.05499707,2.29963946,0.08683619,36.49454150,0.11301729,-0.66097528,-0.50751750,-0.36157611,-10.74106391,-0.20837723,0.94492146,3.37469299
CCCA,Shape,0.81374126,-0.03517071,-12.09569684,-0.54549340,0.62232260,3.34795692,-0.12307293,0.82857358,0.01301772,36.89070936,0.13705590,-0.83759884,-0.38039277,-0.22796265,-7.63011894,-0.09560285,1.12287066,3.41116001
CCCC,Shape,0.60848784,-0.15381000,-14.14981705,-0.62974787,0.56605078,3.35251839,-0.12323418,2.35978803,0.18691314,37.67390049,0.14473949,-0.64343786,-0.36461515,-0.19275559,-6.74894112,-0.22201789,0.88210188,3.38181466
CCCG,Shape,0.31028130,-0.31653990,-14.88097857,-0.57747164,0.97225418,3.36052334,0.01968670,3.69394573,0.28931514,37.75535160,0.10342418,-1.42615707,-0.44606339,-0.26035450,-9.01746529,-0.34145042,0.72952662,3.38673475
CCCT,Shape,0.40099577,-0.24174111,-13.54779114,-0.37904193,1.09979961,3.35085345,-0.06968227,3.28862976,0.23883578,37.00791939,0.02233267,-2.79925485,-0.52646221,-0.20736844,-9.08129552,-0.25298893,1.07431482,3.42759612
CCGA,Shape,0.46512139,-0.21880121,-12.85633136,-0.40052942,0.77516536,3.33557729,-0.10629441,3.10649230,0.17848467,36.46053363,-0.05936150,-1.90605344,-0.29519138,-0.14921866,-7.41341727,-0.24217252,1.21974336,3.40248027
CCGC,Shape,0.18533351,-0.33441292,-13.76697239,-0.46609621,0.66674401,3.34090474,-0.07869494,3.76773426,0.31543245,36.96862065,-0.03484590,-1.20714364,-0.05961066,-0.08437118,-7.56407028,-0.21694078,1.03935442,3.38892527
CCGG,Shape,-0.06366542,-0.39804448,-12.48716003,-0.38918387,0.67576357,3.36927344,0.10162789,5.31164639,0.36704292,36.52169169,-0.10286437,-1.77537664,-0.19488056,-0.16851019,-10.34491565,-0.32733164,0.90936855,3.39151071
CCGT,Shape,-0.02034811,-0.30805743,-10.38831742,-0.32827786,0.73837135,3.32471873,0.11554500,4.97392861,0.26165865,35.73031110,-0.16238809,-1.89856527,-0.21512235,-0.18403963,-9.39671307,-0.31470613,1.22973230,3.43048514
CCTA,Shape,0.06833196,-0.23551837,-10.05495289,-0.28999976,0.55446908,3.34757175,0.10922348,4.09350221,0.14437953,35.10605797,-0.19607793,-1.20960222,-0.10773055,-0.11910407,-8.14404929,-0.20860334,1.49995915,3.41441776
CCTC,Shape,-0.11855962,-0.26891744,-11.41865851,-0.57631078,0.27932383,3.33809365,0.18951655,4.97668963,0.20032254,35.11452209,-0.07722017,-0.22378106,-0.01397596,-0.14394288,-10.13279713,-0.22059360,1.35658477,3.39512341
CCTG,Shape,-0.19888236,-0.31131246,-12.53046576,-0.58043270,0.53915183,3.36791227,0.31568510,5.68843846,0.21578664,34.89924137,-0.08339555,-0.69472606,-0.11104332,-0.25321112,-10.91563473,-0.18029482,1.36714603,3.39537962
CCTT,Shape,-0.16517988,-0.23804924,-10.93293213,-0.47053660,0.64442136,3.38157814,0.49126781,4.93799437,0.01877566,34.64302766,-0.16187942,-1.26180962,-0.28134036,-0.28021951,-9.59860799,-0.07946784,1.53550167,3.40066971
CGAA,Shape,0.15306723,-0.11422179,-12.29648928,-0.56091572,0.59214990,3.36836329,0.28191498,3.83310968,-0.05776413,34.42680372,-0.06662582,-0.75406726,-0.16923250,-0.21509708,-5.97575100,0.11521123,1.70826334,3.40807679
CGAC,Shape,0.05428717,-0.24277318,-15.03770895,-0.71711008,0.53926502,3.36035640,0.31755658,3.55142634,0.00953459,35.47933264,0.00057345,0.16714727,-0.13146109,-0.15173292,-6.86178281,0.07393827,1.38592679,3.38824262
CGAG,Shape,-0.13959795,-0.29923427,-14.60342210,-0.69360455,0.86769542,3.37599933,0.40202596,3.62666438,0.08676926,35.63479361,0.02360873,-0.95249035,-0.37643123,-0.22252090,-7.08524356,0.02931578,1.16967647,3.37651829
CGAT,Shape,0.12225790,-0.27274039,-14.95905431,-0.47343536,1.20250141,3.38030771,0.39182864,3.09089973,-0.00559098,35.02629021,-0.06761749,-2.28645821,-0.57903623,-0.19242314,-5.16996994,0.06528150,1.34435997,3.38453019
CGCA,Shape,0.21436258,-0.24694496,-14.83812820,-0.52295566,1.10444772,3.39977200,0.22896867,1.57239137,-0.08361176,34.76765417,-0.10627304,-1.50643187,-0.33979180,-0.04272146,-3.08802642,0.09217765,1.27724585,3.37237355
CGCC,Shape,0.07629463,-0.46331622,-18.02222353,-0.53983637,1.17803003,3.37987904,0.10025942,2.02319095,-0.01555627,35.76333381,-0.03186254,-1.18345591,-0.25254400,-0.03842472,-2.39024146,0.02650433,1.00299409,3.35642693
CGCG,Shape,-0.21880207,-0.50776168,-17.03471689,-0.40860077,1.42608340,3.38713363,0.15659943,2.79568291,0.09820724,35.86731434,-0.08150086,-2.13448478,-0.33336660,-0.06552124,-4.32961675,-0.13762676,0.63160364,3.37114005
CGCT,Shape,-0.12845563,-0.47473881,-13.81679039,-0.27886985,1.70766390,3.39057149,0.16045285,3.14089076,0.08797483,34.96292376,-0.17756583,-3.40966772,-0.36416667,-0.02580061,-3.74428863,-0.11682175,0.82568918,3.38544544
CGGA,Shape,-0.06190053,-0.42098271,-13.51230964,-0.25407897,1.44582394,3.36197246,-0.03502174,2.57932917,-0.02199639,34.70040509,-0.21792178,-2.53032685,-0.10532550,0.08637255,-2.87407118,-0.07045050,0.95100855,3.38760500
CGGC,Shape,-0.38190173,-0.52007731,-14.16481807,-0.32628933,1.25011659,3.36902677,-0.00639183,2.45760509,0.11318698,35.29531540,-0.17766667,-1.24115771,0.12021956,0.11547226,-3.24252486,-0.15396182,0.83246647,3.38039267
CGGG,Shape,-0.70607953,-0.59899348,-12.93019143,-0.19443039,1.30954320,3.38904652,0.18001033,4.28266287,0.17709780,34.97672800,-0.16075038,-1.38141250,0.08995327,0.01159576,-6.53194313,-0.22894662,0.70724754,3.38253290
CGGT,Shape,-0.65021553,-0.43993089,-9.65992799,-0.05617195,1.51485269,3.39048998,0.21099123,3.96818047,-0.01360813,33.72674710,-0.27102705,-1.74050933,0.13699736,0.06351630,-6.07529035,-0.23898163,0.90069409,3.37604478
CGTA,Shape,-0.36188261,-0.34787704,-8.10719006,-0.11342686,1.28597468,3.35051703,0.16641636,2.48776521,-0.09431786,33.46864897,-0.25373129,-0.93079666,0.18707450,0.07599944,-4.84497063,-0.15019558,1.19110150,3.38571355
CGTC,Shape,-0.61007183,-0.36465437,-10.17974250,-0.29893085,0.97844813,3.37719225,0.12224226,3.19225249,-0.08629854,33.63211471,-0.16794792,0.75524845,0.36681544,0.05031174,-5.67329432,-0.16579380,1.02038092,3.36646799
CGTG,Shape,-0.75644799,-0.36847086,-10.37399915,-0.23828776,1.21717733,3.37311495,0.35075554,4.28872404,-0.00944954,33.65539246,-0.11368483,0.33152964,0.18304332,-0.08196003,-7.70749498,-0.23053771,0.76009091,3.34896826
CGTT,Shape,-0.48270506,-0.27574427,-8.32557280,-0.11443312,1.37872314,3.37149702,0.32585887,3.15151230,-0.18753573,33.41787147,-0.19312462,-0.17602185,0.05722530,-0.05268619,-7.31973033,-0.14819774,1.04540630,3.37822180
CTAA,Shape,-0.24957057,-0.14992833,-8.75058772,-0.28132546,1.30934340,3.37018203,0.25320962,1.76081587,-0.34962972,33.12023962,-0.10516034,0.44194970,0.18860614,-0.00682664,-5.07559887,-0.01132349,1.22584523,3.36767108
CTAC,Shape,-0.26362275,-0.22929428,-10.84404130,-0.38984396,1.07906761,3.37226803,0.27565654,0.75435097,-0.26739103,34.36011193,-0.00990444,1.31402588,0.26613153,0.00915089,-4.47182375,-0.06029533,0.78085877,3.35751441
CTAG,Shape,-0.38091208,-0.23040512,-11.75374351,-0.31336361,1.28146322,3.39798267,0.27521246,1.26570985,-0.24227495,34.72821272,0.03576620,1.39616989,0.02830631,-0.08299905,-5.71096957,-0.11631754,0.63365312,3.35219021
CTAT,Shape,-0.16035757,-0.25429644,-8.42052812,-0.16786720,1.76239087,3.39339946,0.25334642,0.54214837,-0.29450715,34.15757731,-0.04056737,-0.58781257,-0.00795836,-0.06801724,-5.10839108,-0.08973964,0.66318900,3.34477921
CTCA,Shape,-0.00528080,-0.20232395,-9.14023399,-0.17988967,1.62084711,3.37365825,-0.05700320,-0.86330545,-0.33265296,34.43453594,-0.01967674,0.09943556,0.03660317,0.03654052,-2.96194005,-0.08076167,0.64311346,3.37086144
CTCC,Shape,-0.10755901,-0.27991415,-12.36991710,-0.18872043,1.44786186,3.37707406,-0.17598586,-0.69541354,-0.21134031,35.55544962,0.06032327,0.45957396,0.24357969,0.05183752,-2.98042424,-0.13742142,0.33910190,3.34888240
CTCG,Shape,-0.37457555,-0.42900656,-11.98366355,-0.07743748,1.82950691,3.40607086,-0.09641139,0.17839782,-0.08737553,35.63066567,0.02984732,-0.19560958,0.11933313,0.10598992,-5.19348961,-0.28795537,0.00187620,3.35569929
CTCT,Shape,-0.18406569,-0.33588039,-7.96206464,0.10631376,1.99014180,3.37722806,-0.17438644,-0.16187216,-0.16586060,34.82757451,-0.07507406,-0.76205243,0.11356950,0.06049022,-5.18508194,-0.34150508,0.25623285,3.37755296
CTGA,Shape,-0.04664584,-0.24348852,-8.75761938,0.05792504,1.74638568,3.36760761,-0.32911844,-0.95531063,-0.23507896,34.62191993,-0.11704915,-0.59381575,0.30540615,0.13907000,-4.18656246,-0.32890112,0.25840379,3.36365210
CTGC,Shape,-0.42183564,-0.31715544,-9.11382325,0.05743181,1.39291327,3.35119253,-0.30931206,0.20980225,-0.08467645,35.12413265,-0.05430251,0.92963637,0.45583959,0.15059210,-4.71917213,-0.39444659,0.11465805,3.35613989
CTGG,Shape,-0.67524518,-0.37605917,-7.16022738,0.07363913,1.51062689,3.38381722,-0.10496946,0.63458672,-0.02021470,35.09595531,-0.00092562,1.47059078,0.42134611,0.06100915,-8.69677640,-0.54205996,0.14156166,3.36519671
CTGT,Shape,-0.37944584,-0.18502662,-4.72587903,0.16531161,1.56162785,3.33864380,-0.10364393,1.75941745,-0.10993151,34.21958901,-0.09024959,0.47686833,0.28437704,0.06763159,-9.50869339,-0.48908100,0.31499608,3.38827297
CTTA,Shape,-0.10567848,-0.09440890,-3.68557834,0.08222873,1.33060829,3.35300066,-0.21768621,0.28288734,-0.12442750,34.19153032,-0.10270123,1.57431932,0.43408688,0.06781953,-8.77707481,-0.42713048,0.78390267,3.39287770
CTTC,Shape,-0.38789120,-0.09210768,-5.37518342,-0.10406494,0.81112576,3.32419829,-0.20758681,0.52708426,-0.10210894,34.93303459,0.08408758,2.59738958,0.56876494,0.01179404,-9.38898879,-0.36631209,0.54954591,3.35048739
CTTG,Shape,-0.47027654,-0.11814265,-4.72188063,-0.03271314,0.97438889,3.34612700,-0.04474433,2.00741070,-0.10210075,34.90524496,0.06851297,2.84191783,0.46664716,-0.07124540,-11.96703590,-0.50325527,0.48953095,3.37973554
CTTT,Shape,-0.10160243,0.06863180,-2.99725959,-0.02756802,1.14323825,3.35906884,-0.00067144,0.65840047,-0.25453803,34.62061423,0.05548295,1.69218552,0.20753894,-0.14608628,-11.99818094,-0.39197264,0.71828553,3.36902011
GAAA,Shape,0.11796392,0.09106186,-3.50522335,-0.14964722,0.75863482,3.38215661,-0.13634514,-0.20519572,-0.34440196,34.68278986,0.10564902,2.60769053,0.26246524,-0.09719254,-9.40241100,-0.29463789,0.76843342,3.37819999
GAAC,Shape,0.10574961,0.02562630,-6.50464534,-0.39279227,0.60128475,3.34084193,-0.14467884,-0.37439737,-0.21247478,35.85935521,0.22292740,3.28370281,0.37557845,-0.10610398,-8.60889291,-0.30397635,0.55176773,3.34627832
GAAG,Shape,0.07033588,-0.01591685,-7.68042108,-0.27743372,1.16345023,3.34474418,-0.03738281,0.55734970,-0.09946678,36.11488855,0.25459311,3.12248109,0.09959431,-0.19514233,-11.04089336,-0.46805367,0.35390311,3.34580797
GAAT,Shape,0.36444506,0.10693161,-5.75405690,-0.20914888,1.11050154,3.38164725,-0.11645240,-0.15753766,-0.18932458,35.82180031,0.14416955,1.29262112,-0.07718022,-0.20706749,-10.25809715,-0.39153454,0.43710630,3.36882961
GACA,Shape,0.53280825,0.10074752,-7.40435993,-0.25586646,1.15516734,3.34503379,-0.39084374,-1.16168713,-0.20041233,36.11927146,0.17605114,1.23269373,-0.03308939,-0.11976012,-7.68897531,-0.35096725,0.62431132,3.35177760
GACC,Shape,0.42418392,-0.08255951,-10.44243234,-0.30551380,0.88914449,3.34200627,-0.41193967,-1.15766220,-0.05008991,37.01589850,0.24152893,1.63220529,0.10199551,-0.09916615,-7.65008998,-0.33766812,0.32498191,3.37011208
GACG,Shape,0.22310706,-0.12017424,-10.67698915,-0.25726244,1.10911442,3.35169931,-0.30873965,0.17790630,0.11569215,37.46816919,0.21674668,0.65829262,-0.00028703,-0.15207259,-9.36084530,-0.55152264,0.08051846,3.35859934
GACT,Shape,0.30336778,-0.04362936,-8.11440723,-0.04171970,1.17056741,3.35105652,-0.24605610,0.20571872,0.00573945,37.06103170,0.09334482,0.01541860,-0.10871659,-0.14168925,-10.38713684,-0.54606304,0.36476623,3.38377775
GAGA,Shape,0.42685140,-0.04602032,-7.12971800,-0.06398223,0.97244770,3.32815494,-0.48135274,-0.67435768,0.04456116,36.43587434,0.05977245,0.52675073,0.09291658,-0.08740761,-8.91005692,-0.40363682,0.49383661,3.39211580
GAGC,Shape,0.16984017,-0.15800915,-7.96257571,-0.27095273,0.79599246,3.32133692,-0.41499683,1.04536959,0.17418466,37.08614508,0.11452881,0.99173971,0.22557748,-0.03944514,-10.23316924,-0.53111862,0.43898083,3.38058547
GAGG,Shape,0.00320797,-0.18518739,-7.69305756,-0.17581140,0.68410222,3.33105710,-0.20229007,2.55631076,0.28504014,36.86366106,0.12120066,0.96828039,0.15733809,-0.14367936,-13.14254459,-0.62742663,0.36502888,3.40173939
GAGT,Shape,0.07484411,-0.09795870,-5.26723031,-0.12390013,0.88259122,3.33808264,-0.19472264,2.18448263,0.18470569,36.12897883,-0.00610524,0.06352996,0.05499590,-0.17849028,-13.61116710,-0.52280190,0.67938774,3.42692316
GATA,Shape,0.23490709,0.03787801,-5.22708625,-0.19114266,0.50751615,3.31193208,-0.29416423,2.35092962,0.04942445,35.59399086,0.02855029,0.96946951,0.13839729,-0.14857929,-12.53558994,-0.40893737,0.93661782,3.41498539
GATC,Shape,0.23389314,-0.02574103,-7.24392913,-0.36323916,0.32806422,3.30617182,-0.20997237,3.13707311,0.12321634,36.10443446,0.12824643,2.09730898,0.25251480,-0.17661395,-12.46123638,-0.42050428,0.88425653,3.38086826
GATG,Shape,0.05994927,-0.06542282,-7.55172875,-0.45517792,0.25169836,3.32077695,-0.02968681,3.42745072,0.13899771,36.38680220,0.13638853,1.31749725,0.09927311,-0.29998283,-14.19453192,-0.45061288,0.88393241,3.39478460
GATT,Shape,0.30353477,0.11282890,-6.14179336,-0.31121437,0.54991272,3.34823712,0.07175840,3.41846664,0.07710151,35.72144018,0.08894215,0.60526312,-0.15079865,-0.34581460,-14.27589474,-0.41180116,1.17586358,3.39949007
GCAA,Shape,0.58557682,0.10109129,-7.68446956,-0.50287991,0.32912204,3.33519093,-0.00140028,2.38846543,-0.01831878,35.80427166,0.12252351,1.32598564,-0.17462254,-0.27895426,-11.72819191,-0.15646007,1.17863464,3.41047716
GCAC,Shape,0.46887506,0.01100461,-10.73941701,-0.71286936,0.10081824,3.34258699,-0.00389430,2.47733722,0.06922718,36.78165483,0.20383682,1.18599896,-0.10345835,-0.30501591,-10.24239887,-0.16110223,1.08451360,3.38774887
GCAG,Shape,0.39059297,-0.05858974,-11.28771800,-0.65624802,0.29004641,3.36093269,0.13852526,2.68606689,0.10968645,36.81095173,0.22211743,0.75873665,-0.33402221,-0.39068011,-11.83851630,-0.21096213,0.95055202,3.40295153
GCAT,Shape,0.62576466,0.07366406,-11.85971645,-0.50699447,0.84965456,3.38086267,0.10701339,1.88260687,0.04599733,36.89934367,0.16223649,-0.75399709,-0.39722381,-0.38094957,-9.98256027,-0.25871821,1.03495826,3.39799802
GCCA,Shape,0.78367261,-0.05017266,-11.94245109,-0.61363030,0.52621681,3.35428904,-0.01533622,1.18132173,0.09020721,36.23868980,0.08779795,-1.02665375,-0.38025258,-0.30165185,-8.92595350,-0.12328027,1.06054506,3.40026601
GCCC,Shape,0.51653476,-0.15469699,-15.84045048,-0.66779063,0.49905381,3.35421656,-0.14811886,1.65143593,0.18227004,37.53051355,0.15361938,-0.45046176,-0.35571203,-0.20974868,-7.42758234,-0.18455785,0.81386560,3.38178780
GCCG,Shape,0.38396060,-0.24887680,-14.97688629,-0.60681269,0.87852111,3.34561839,-0.00100221,3.08835889,0.35400048,37.86549411,0.09416701,-1.29571816,-0.43026613,-0.22072327,-9.41651450,-0.24026691,0.81747354,3.37657763
GCCT,Shape,0.37152646,-0.21554736,-13.13110811,-0.35199447,1.11740996,3.34838073,0.00396874,2.99294872,0.27452767,36.81524443,0.01550734,-2.44090506,-0.43058530,-0.20916937,-8.99689043,-0.24729874,0.79515309,3.39973938
GCGA,Shape,0.39003876,-0.18942898,-13.47184946,-0.39830344,0.73999866,3.33914101,-0.10622262,2.68447202,0.17458054,36.44618554,-0.09480994,-2.93608348,-0.34688488,-0.09184892,-6.72689712,-0.13484615,1.08628282,3.41014710
GCGC,Shape,0.11688954,-0.38290034,-14.06919205,-0.51638736,0.56025434,3.32207975,-0.21544950,3.41041834,0.34236929,36.68365616,-0.02507860,-0.97154184,-0.14669734,-0.08306239,-7.23442287,-0.24146711,1.04731457,3.40613883
GCGG,Shape,-0.12700480,-0.46869606,-12.52644574,-0.40531827,0.67217369,3.35270239,0.05428997,5.08908095,0.42591406,36.86488171,-0.04580023,-1.80194653,-0.19749797,-0.16129905,-10.19244701,-0.37084451,0.79716681,3.40342718
GCGT,Shape,0.04819262,-0.26126796,-10.52712140,-0.35573020,0.89621170,3.33769188,0.12879889,5.98060426,0.26648299,34.98490633,-0.18630027,-2.04166854,-0.26729456,-0.21163904,-9.98226461,-0.31635946,1.30130346,3.41098765
GCTA,Shape,0.01429658,-0.25478725,-9.62941342,-0.41489941,0.71894498,3.34101642,0.03139458,4.31174473,0.10571688,34.83055150,-0.17137966,-1.56757053,-0.13097368,-0.14799914,-9.10616753,-0.15895337,1.41699384,3.41681728
GCTC,Shape,-0.09761342,-0.30524452,-12.38478694,-0.52040400,0.12537522,3.31562316,0.18911341,5.14770506,0.21464942,35.00912925,-0.09129108,-0.49940701,0.00671443,-0.12972643,-8.76710961,-0.10459591,1.49107565,3.39833705
GCTG,Shape,-0.35856072,-0.34651285,-13.59792546,-0.57275804,0.53617236,3.34907082,0.37248352,5.92390196,0.20709918,35.46173078,-0.09319283,-0.58923803,-0.20882740,-0.22022339,-10.61610416,-0.21378743,1.51064339,3.38585427
GCTT,Shape,-0.05271551,-0.15596455,-10.53313991,-0.44744497,0.45974640,3.36951057,0.39180245,5.12292640,0.07849109,34.92631735,-0.13013543,-0.54563719,-0.32704070,-0.27066765,-10.43083458,-0.12867763,1.45556992,3.39248268
GGAA,Shape,0.20497832,-0.11357717,-11.79900455,-0.57745941,0.56275493,3.36524452,0.22857125,3.32880489,-0.13354479,34.69743118,-0.09008767,-0.51577094,-0.25080578,-0.24454479,-6.55141690,0.08462812,1.67015330,3.40294346
GGAC,Shape,0.04080400,-0.27686254,-15.51224337,-0.75416726,0.39979831,3.35259967,0.24983824,3.73573399,0.01128636,35.36935266,-0.00552756,-0.27346860,-0.18336075,-0.16093258,-6.33345677,0.10239208,1.43237910,3.38829586
GGAG,Shape,-0.09979825,-0.29833198,-15.30036013,-0.68120089,1.00479728,3.39105654,0.38357879,4.06728233,-0.02693006,35.67291953,0.00825354,-0.86237613,-0.35680091,-0.23017231,-6.74546838,0.05711046,1.10690602,3.37057981
GGAT,Shape,0.11719277,-0.25900325,-14.10475483,-0.51504137,1.21812957,3.40879814,0.39462525,3.38894552,-0.05511148,34.97263739,-0.06896906,-1.87772789,-0.47818066,-0.23249956,-5.96857979,0.07800004,1.26255982,3.37833377
GGCA,Shape,0.28193421,-0.27597132,-15.10642888,-0.53663079,1.10131545,3.39403095,0.13379493,2.40461569,-0.06332103,35.28329644,-0.06802301,-1.93898671,-0.36016842,-0.09241287,-2.75078072,0.15117726,1.20561775,3.38589429
GGCC,Shape,0.06635527,-0.42976177,-16.88402510,-0.61049153,1.06578486,3.37539024,0.04977705,2.15478512,-0.03601710,35.90564938,-0.05852045,-1.51648458,-0.22318233,-0.00308686,-2.18350946,-0.02005364,0.90119487,3.36765319
GGCG,Shape,-0.11389877,-0.53094415,-17.53499075,-0.47366938,1.36908178,3.38666341,0.16471576,3.34125407,0.06539136,35.81522077,-0.06231251,-2.27007771,-0.26356518,-0.05077799,-4.14044913,-0.12207340,0.63621966,3.39849443
GGCT,Shape,-0.15145492,-0.44157724,-13.93889782,-0.28503823,1.68302451,3.38148568,0.15477378,2.46156304,0.04704499,34.92755476,-0.20943512,-3.46258156,-0.26996892,-0.05022678,-4.21358595,-0.11715687,0.83462016,3.38146088
GGGA,Shape,-0.15246322,-0.43190283,-13.86071522,-0.22127648,1.46123432,3.38166501,0.08415112,2.03125917,0.04846840,34.59875324,-0.26436280,-2.47483175,-0.04224665,0.14575124,-2.20184856,-0.04932111,1.01271673,3.38068971
GGGC,Shape,-0.40734716,-0.56073064,-14.26301433,-0.28439991,1.30154650,3.38039721,0.12402830,3.24423761,0.13086861,35.30028055,-0.18627619,-1.25387112,0.08107318,0.10944298,-3.17634331,-0.17336968,0.86714444,3.35939852
GGGG,Shape,-0.66591840,-0.54672610,-13.84098731,-0.17942372,1.51574233,3.37059995,0.16581450,4.05778301,0.12063030,35.20834755,-0.18124915,-1.02261857,0.09856176,0.05519237,-6.12698660,-0.24433395,0.68037637,3.37829981
GGGT,Shape,-0.56906272,-0.45673828,-9.13884630,-0.11196296,1.56412363,3.36212719,0.25131186,3.58533755,0.04824283,34.25971874,-0.27539515,-2.09229508,0.08401547,0.03763724,-6.45739250,-0.18319909,0.87404348,3.39768556
GGTA,Shape,-0.45105320,-0.34043767,-8.83816031,-0.09733808,1.12667761,3.36817506,0.17083564,2.85967610,-0.09016882,33.24810987,-0.28501041,-0.79090007,0.22382054,0.05667068,-5.12823699,-0.10947642,1.13359531,3.38852719
GGTC,Shape,-0.59580893,-0.38767965,-9.85272372,-0.27512271,0.84110413,3.37063483,0.21421588,3.09415665,-0.07510690,33.77975695,-0.12031294,0.45418092,0.38484251,0.08463967,-5.80319104,-0.15402114,0.97616739,3.38752518
GGTG,Shape,-0.80556224,-0.34542339,-10.63274236,-0.29402066,1.08799234,3.35353608,0.33197577,3.78085762,-0.05964900,34.24746881,-0.11389082,0.78251373,0.22292823,-0.05111152,-7.36961469,-0.20898096,0.84255033,3.36162022
GGTT,Shape,-0.44843647,-0.25432918,-8.22321221,-0.15371121,1.43794752,3.39201010,0.29407839,2.77334337,-0.23446038,33.36303162,-0.16530853,-0.10387724,0.11101835,-0.08647182,-6.64312164,-0.11780363,1.08827243,3.37186849
GTAA,Shape,-0.26873696,-0.11136410,-7.90810215,-0.21693978,1.17343102,3.40412062,0.17907516,1.85886518,-0.31031461,33.38315405,-0.12532811,0.39183449,0.12393784,-0.02903745,-5.13968327,0.01905074,1.13256268,3.36807642
GTAC,Shape,-0.36488780,-0.24636201,-12.45383359,-0.36841748,1.04086575,3.39013965,0.10006931,0.83215842,-0.24781124,33.87320829,0.01704688,1.03948097,0.26674332,0.04433946,-4.58920014,-0.07182982,0.84889686,3.34590693
GTAG,Shape,-0.35072093,-0.29993860,-12.12527803,-0.29919397,1.42361624,3.40355674,0.27262030,1.35398983,-0.13374711,34.59212980,0.02426562,1.08115658,0.05934306,-0.09015668,-6.24067225,-0.10491650,0.55976884,3.33103037
GTAT,Shape,-0.09517875,-0.22409614,-9.26852316,-0.13575565,1.61454974,3.40774042,0.21747854,0.27201379,-0.26250679,34.31570356,-0.01244506,-0.14060728,-0.08422954,-0.05578828,-5.62013920,-0.11477112,0.60671974,3.34427201
GTCA,Shape,0.05509959,-0.16864458,-9.82890313,-0.14724713,1.54291605,3.39937969,-0.11151459,-0.60897694,-0.41244423,34.31989165,-0.01806080,0.31024430,0.06072752,0.04483136,-2.27727769,-0.06184479,0.59637642,3.33675252
GTCC,Shape,-0.12297945,-0.31844723,-11.77327043,-0.24301185,1.56663136,3.37030733,-0.11408237,-0.79754422,-0.25203450,35.21360049,0.06538596,0.55424601,0.24358027,0.06181104,-3.09278619,-0.14500691,0.35707046,3.35342314
GTCG,Shape,-0.36949323,-0.42146273,-11.97397837,-0.17857642,1.75315340,3.37837844,-0.03390123,0.67488168,-0.08670545,35.34194038,0.02483639,0.74875767,0.15802758,0.08687796,-4.88079368,-0.34984888,0.04971076,3.34387698
GTCT,Shape,-0.07378179,-0.33373319,-8.52515322,0.05787497,1.93273657,3.38832726,-0.06125000,0.00059886,-0.13670032,35.36602149,-0.10348850,-0.97488401,0.08614725,0.03989683,-5.91506756,-0.31421364,0.19645648,3.35955950
GTGA,Shape,-0.07882978,-0.27566656,-8.18136162,0.09127891,1.73616939,3.35611178,-0.23578355,-0.79038569,-0.23541285,34.78400854,-0.07679333,-0.08901659,0.31617817,0.14042697,-4.51021603,-0.23804664,0.27671309,3.36265726
GTGC,Shape,-0.40256607,-0.36798788,-9.57402790,-0.02406258,1.37271365,3.35298009,-0.26765235,-0.37384828,-0.07810801,34.99608370,-0.03648783,1.04520207,0.44989366,0.17416494,-5.32553193,-0.39344577,0.14099204,3.37180387
GTGG,Shape,-0.59091562,-0.32328968,-8.48300334,0.08319351,1.43995984,3.33811092,-0.17844296,1.81603137,-0.00432547,35.54830362,-0.02828132,1.16843754,0.35130247,0.05463060,-8.44406870,-0.53256493,0.05865969,3.35492536
GTGT,Shape,-0.40594082,-0.15996428,-4.54568503,0.20640543,1.50449591,3.36520592,-0.14637220,1.43211675,-0.09055435,34.49257274,-0.10201264,0.45287277,0.26232655,0.00292250,-9.45163168,-0.51266201,0.42849377,3.39400592
GTTA,Shape,-0.31080993,-0.07186077,-3.72163406,0.09362072,1.23684553,3.35051656,-0.18806506,0.55330338,-0.19236555,34.25181880,-0.08869974,1.22179736,0.48369730,0.05886165,-8.36852597,-0.34954908,0.51681542,3.39229618
GTTC,Shape,-0.32941344,-0.12693409,-5.51430153,-0.03315947,0.87062814,3.33744892,-0.21487363,0.91180924,-0.10952414,34.67431099,0.06363607,2.55072911,0.57599442,0.02067107,-9.34903473,-0.39441194,0.57296541,3.36318392
GTTG,Shape,-0.43069533,-0.13094425,-6.82668737,-0.12577523,0.87966062,3.35369538,-0.01755775,1.71014601,-0.05308210,34.82302860,0.05431118,2.91612665,0.41203080,-0.08745535,-11.39452913,-0.54212890,0.43034760,3.36336022
GTTT,Shape,-0.06973735,0.04055887,-4.06532484,-0.00597188,1.08988491,3.37624217,0.06043039,0.69090068,-0.19117584,34.31382776,0.07499489,2.07778446,0.23895476,-0.13080840,-10.98167699,-0.37796357,0.59597793,3.37976068
TAAA,Shape,0.20810773,0.14469661,-3.97258330,-0.16590439,0.94847569,3.33946480,-0.13673655,-0.04568601,-0.33891499,34.57235674,0.08536457,2.63681920,0.33397145,-0.12852166,-9.24804437,-0.29632342,0.73142687,3.38580298
TAAC,Shape,-0.00451339,0.09510184,-6.65877889,-0.35180790,0.87918238,3.33934042,-0.20990791,-0.18127814,-0.24935597,35.68020134,0.23996238,3.10231920,0.27100781,-0.13564354,-9.29655273,-0.34359812,0.58051017,3.35159278
TAAG,Shape,0.08982689,0.01437125,-7.98478651,-0.28208357,0.89879644,3.35269496,-0.06406832,0.26461410,-0.15155559,36.25298287,0.26819215,2.61113892,0.06573295,-0.19464718,-11.11217762,-0.40112179,0.33047480,3.34963987
TAAT,Shape,0.25697158,0.06434601,-6.74778860,-0.19607242,1.27895388,3.36442631,-0.08617496,-0.59093697,-0.18249749,36.02384493,0.15446084,1.36063545,-0.00172649,-0.20353994,-10.19851201,-0.37216523,0.29261605,3.39021603
TACA,Shape,0.60855527,0.08449989,-8.19411716,-0.19639909,1.08847314,3.34331465,-0.32147072,-1.52245904,-0.21740176,36.27900541,0.16210980,1.46918679,0.03848092,-0.10225622,-7.80919732,-0.24169426,0.46018214,3.37881658
TACC,Shape,0.41869508,-0.07448326,-8.71362207,-0.35908934,1.02304408,3.34480626,-0.32087763,-1.04317115,-0.06836624,37.05750881,0.26533577,1.39857909,0.08631584,-0.09306853,-7.18223830,-0.40514112,0.18280277,3.37099807
TACG,Shape,0.25935399,-0.16410524,-10.33910889,-0.23050267,1.20613162,3.34543236,-0.22443470,0.75156092,0.05590050,37.61258446,0.21871266,0.75730219,-0.10673965,-0.17961973,-10.50646900,-0.54857194,0.05436795,3.38332292
TACT,Shape,0.29234510,-0.07227556,-6.46220402,-0.09229265,1.44694355,3.33559514,-0.33995813,0.43531453,0.09050123,37.02761523,0.10046905,0.25083406,-0.14171462,-0.12437954,-10.45307530,-0.52781535,0.22565849,3.38546790
TAGA,Shape,0.53426422,-0.03680250,-6.07411718,-0.10488337,1.08606286,3.31435455,-0.48440819,-0.43474363,0.06529804,36.58505324,0.03617509,0.06310487,0.04670032,-0.04101178,-9.27280152,-0.44180304,0.51497294,3.38607128
TAGC,Shape,0.31836383,-0.09520223,-8.34063463,-0.22862322,0.68963310,3.33077593,-0.44617046,0.53002311,0.19053078,37.03283656,0.09644129,1.05757111,0.20780208,-0.00647871,-9.57454867,-0.49879489,0.34201702,3.36883740
TAGG,Shape,-0.05035633,-0.17781232,-8.06644564,-0.20577718,0.75211419,3.32649471,-0.30893017,2.44136109,0.25400653,36.97853062,0.11420267,0.68717442,0.12163471,-0.15693981,-13.07599118,-0.65537206,0.32831208,3.39722324
TAGT,Shape,0.14967817,-0.00638818,-4.90184924,-0.05720720,0.86740108,3.32727004,-0.19294445,2.30786569,0.18634790,35.92615967,0.03941948,-0.22764588,0.01153183,-0.18215649,-14.16117330,-0.57708642,0.77895691,3.39217638
TATA,Shape,0.25588669,0.08524039,-5.26867945,-0.22682195,0.51404779,3.31647011,-0.28566166,2.00550392,0.05499522,35.42341822,0.00718573,0.59590263,0.18826939,-0.13176739,-12.91578255,-0.47116278,0.97959296,3.41538543
TATC,Shape,0.15986655,-0.03041413,-6.84912124,-0.42018779,0.35843502,3.31283550,-0.16683539,2.84364010,0.11016276,36.52506253,0.10402922,2.07139713,0.16892945,-0.20785730,-12.52160009,-0.43626271,0.89387164,3.37827658
TATG,Shape,-0.00067336,0.00877700,-7.34841948,-0.38769057,0.42376767,3.33897358,-0.01279524,4.00882410,0.16829549,36.43493743,0.14251061,1.50073238,0.01435249,-0.27296205,-15.27312477,-0.50147560,0.87727714,3.38882202
TATT,Shape,0.39958714,0.11200358,-5.59325953,-0.33624696,0.35495333,3.34793263,0.02430618,3.36733570,0.08874097,35.70811522,0.08971239,1.29965639,-0.19150781,-0.32594438,-13.63407499,-0.28865270,1.04951919,3.40156781
TCAA,Shape,0.51154102,0.12975424,-6.49297898,-0.47365732,0.28603051,3.32975684,0.02698826,1.95210399,-0.02866185,36.05281665,0.12287449,0.71483612,-0.09626165,-0.28642005,-11.02650226,-0.13798187,1.21078145,3.38885773
TCAC,Shape,0.47511372,0.03551440,-9.63509385,-0.66728110,0.01727261,3.32881967,-0.06185980,2.40179795,0.01950847,36.82275810,0.20572033,1.17024545,-0.10545709,-0.27273395,-11.22965216,-0.22958306,1.10590011,3.38166712
TCAG,Shape,0.42709389,-0.04364683,-11.99044398,-0.58426032,0.29062874,3.34468352,0.08424766,2.71029006,0.14148187,37.12923465,0.17669561,0.65529648,-0.29594440,-0.34504501,-11.89284503,-0.26296292,0.86343178,3.37320119
TCAT,Shape,0.57212919,0.00706859,-10.25071777,-0.56711987,0.78838301,3.35149259,0.04900664,2.27532730,0.09279983,36.90796473,0.15313103,-0.97441041,-0.49922376,-0.37136812,-10.57284721,-0.18389473,0.94102705,3.39236421
TCCA,Shape,0.75758619,-0.00816058,-12.21798155,-0.59467194,0.67950772,3.36623545,-0.10768209,1.45710774,0.04924911,36.65439284,0.09934002,-0.45398654,-0.26178678,-0.28421290,-8.37026373,-0.11488586,1.19746828,3.38169135
TCCC,Shape,0.54631760,-0.16724962,-15.22705877,-0.69770097,0.45384166,3.33752746,-0.15940819,1.88441630,0.15673338,37.56174745,0.18465689,-0.57267196,-0.28400180,-0.21272777,-7.86014165,-0.18019293,0.92762819,3.38259727
TCCG,Shape,0.33562043,-0.26411507,-15.37743831,-0.53867455,0.93936193,3.33745383,-0.00910261,2.70746955,0.30348287,38.09686257,0.06992888,-1.24635739,-0.45419397,-0.24133708,-9.26840625,-0.27307518,0.71025464,3.39921324
TCCT,Shape,0.34252107,-0.25342558,-13.24834624,-0.37949056,0.94992792,3.35074891,-0.05244535,2.67568704,0.24862750,37.16669643,-0.01681132,-2.93271435,-0.49059846,-0.24626658,-8.80421330,-0.27328898,0.86441463,3.41459624
TCGA,Shape,0.42094331,-0.22516485,-11.93887347,-0.36962005,0.71421612,3.33437477,-0.17278828,2.04047200,0.20859804,36.44713801,-0.07669226,-2.11907369,-0.31775300,-0.10246186,-6.94613349,-0.19804351,1.09069517,3.42702132
TCGC,Shape,0.15156864,-0.39848886,-13.65792258,-0.47443395,0.61502394,3.33754544,-0.10383109,4.11890660,0.31545600,36.98891767,-0.04679323,-1.23407249,-0.09794908,-0.09285887,-8.42466980,-0.25688602,0.94434011,3.40549860
TCGG,Shape,-0.12416383,-0.39246444,-12.79899254,-0.44309162,0.71053505,3.33694663,0.10324686,4.67211995,0.41140130,36.93278019,-0.04508705,-1.37753842,-0.15989729,-0.16695192,-10.03395844,-0.31550898,0.99221458,3.39734422
TCGT,Shape,-0.03033790,-0.26556452,-10.59421733,-0.34159376,0.78884637,3.35636994,0.15581743,5.04847558,0.33470335,35.60669240,-0.14326993,-2.25066454,-0.24714146,-0.23554072,-10.41001418,-0.28621181,1.14876499,3.41707323
TCTA,Shape,0.05841826,-0.21399376,-10.07311836,-0.43280230,0.51320904,3.34421786,0.04312874,4.90174790,0.21015896,34.95253287,-0.18030701,-1.41247412,-0.11544488,-0.12972653,-8.77133965,-0.13122096,1.54004457,3.42342575
TCTC,Shape,-0.06795665,-0.28687693,-12.63824824,-0.50935934,0.28967023,3.35287241,0.17111461,5.25031716,0.21349448,35.78341410,-0.06419597,-0.31716167,-0.02615397,-0.14993844,-9.06739785,-0.14046483,1.41696159,3.40576235
TCTG,Shape,-0.26782929,-0.29344917,-13.09461067,-0.53991135,0.45169212,3.38178855,0.35890542,6.23327781,0.19926223,35.37719218,-0.08773475,-0.34641094,-0.08904322,-0.20851026,-10.15075554,-0.16781425,1.24020518,3.41025290
TCTT,Shape,-0.05946965,-0.20748783,-10.55487258,-0.47024584,0.67460004,3.40138996,0.40340743,4.90889427,0.06086249,34.41552709,-0.14099866,-1.44358933,-0.25992521,-0.31417323,-9.13334373,-0.08213994,1.58177770,3.39458204
TGAA,Shape,0.12676093,-0.14670314,-11.45567834,-0.59336140,0.40995309,3.38134326,0.22504130,3.82548196,-0.06095997,34.50154100,-0.10482390,-0.77426471,-0.34465201,-0.19732231,-7.10312412,0.06034220,1.64644751,3.39594286
TGAC,Shape,0.02631143,-0.23993297,-15.33470754,-0.73898046,0.38114416,3.35891913,0.32964183,4.49290261,0.03210383,35.70825742,-0.00445942,-0.33352176,-0.16915090,-0.17929569,-6.14072745,0.03948262,1.53284524,3.36584216
TGAG,Shape,-0.13155514,-0.29538016,-15.40011224,-0.68398702,0.89432774,3.38592786,0.41740797,4.07372151,-0.02737417,35.76528234,0.01767668,-0.74663006,-0.37886682,-0.23773165,-7.56160641,-0.00996203,1.22434747,3.36853647
TGAT,Shape,0.13155646,-0.25079393,-15.11904729,-0.52691294,1.14847602,3.40152596,0.44468347,3.26988588,-0.02135524,35.33465320,-0.10658156,-2.23119870,-0.49346622,-0.18656211,-5.83191796,0.04354084,1.21579952,3.39209968
TGCA,Shape,0.18980073,-0.19520387,-14.93322330,-0.59628536,1.20387265,3.40822982,0.20816945,1.69706273,-0.14967275,34.62451029,-0.07263920,-2.25051657,-0.27880048,-0.07619469,-2.55440214,0.11324538,1.22456136,3.38095618
TGCC,Shape,-0.00412043,-0.43422509,-17.63321673,-0.58743646,1.20456700,3.38874227,0.08789347,2.09806314,0.01860111,35.69025125,-0.01463246,-1.71131398,-0.25200075,-0.03850288,-2.47782640,0.03914443,0.88846120,3.37649747
TGCG,Shape,-0.19456023,-0.49487186,-17.36359288,-0.46151164,1.38670938,3.40457010,0.16792872,3.22777067,0.16104179,36.24645024,-0.07886013,-1.85952985,-0.31974937,-0.02578507,-4.00501481,-0.04085436,0.63835115,3.37135277
TGCT,Shape,-0.14178462,-0.42202557,-14.80234287,-0.23165550,1.69059717,3.39160916,0.22449141,3.18766814,0.03321013,35.12492518,-0.22052228,-3.58752681,-0.20782727,-0.04885685,-4.07454720,-0.08322618,0.85577224,3.38981835
TGGA,Shape,-0.14284845,-0.44522636,-12.91423794,-0.21810439,1.64000431,3.38126998,-0.01777475,1.72929116,-0.06941743,35.01085136,-0.27388999,-3.03702972,-0.09967501,0.09392948,-2.41187730,-0.10953238,0.87469849,3.37753029
TGGC,Shape,-0.50201150,-0.57486202,-14.24701760,-0.27040079,1.30467051,3.37316255,0.05133073,2.35360636,0.12131267,35.20304321,-0.17196785,-1.37378551,0.11788645,0.08720311,-3.00115404,-0.10738741,0.86255592,3.38285550
TGGG,Shape,-0.64126781,-0.61239186,-12.69890321,-0.20207220,1.53987135,3.37129642,0.17303882,4.08699545,0.18405345,35.06195876,-0.20826379,-1.83261109,0.13466402,0.03922124,-5.65874974,-0.26485353,0.73241295,3.38299523
TGGT,Shape,-0.56152142,-0.43352570,-9.81819173,-0.03366242,1.63068323,3.38687865,0.29771092,3.84173123,0.03321446,34.29767975,-0.27948706,-2.07636869,0.03408853,0.00626751,-7.25858594,-0.25233701,0.93525386,3.39901074
TGTA,Shape,-0.52017087,-0.31573692,-9.61434088,-0.19811740,1.28502668,3.37688313,0.11799494,3.22496196,-0.06987825,33.32790608,-0.28402464,-1.08061253,0.23634332,0.06734418,-5.18589853,-0.07341750,1.21556266,3.40303501
TGTC,Shape,-0.56599112,-0.39219426,-10.75866203,-0.30741984,0.96205717,3.36197348,0.22346512,3.36879215,-0.10701104,33.78388168,-0.15234408,1.02838231,0.37647116,0.04152738,-6.83328529,-0.14861382,1.16877284,3.37014352
TGTG,Shape,-0.75707473,-0.38460192,-10.81727827,-0.19915890,1.08106642,3.39093878,0.39001309,3.66975496,-0.03510220,34.01840512,-0.12315105,0.29669636,0.28861942,-0.07212453,-7.72659501,-0.18508211,0.88646821,3.35323610
TGTT,Shape,-0.54622732,-0.25054236,-7.76176344,-0.19299183,1.26475446,3.40710609,0.32771932,3.05928670,-0.16165838,33.38926648,-0.16370246,-0.26343914,0.03192289,-0.08153996,-7.55779562,-0.14852566,1.16359399,3.36645986
TTAA,Shape,-0.23521346,-0.14682568,-7.72858158,-0.24951677,1.23914118,3.38313975,0.18556527,1.60190813,-0.31511057,32.91743094,-0.10882337,0.45274253,0.15215837,-0.00162972,-5.17305286,0.02605418,1.11767075,3.38316594
TTAC,Shape,-0.31515339,-0.31572189,-10.92392982,-0.36265199,1.13172625,3.38193640,0.23412908,1.18357245,-0.27117835,34.41004890,0.01450599,1.51609094,0.24387031,0.00941470,-3.91833571,-0.05526828,0.79589805,3.34348816
TTAG,Shape,-0.37247728,-0.28714810,-11.89814306,-0.34719537,1.39858386,3.39495598,0.26335800,1.38020493,-0.17624579,34.73857432,0.05125902,1.02437243,0.11580692,-0.06929212,-5.72111993,-0.12047271,0.62235832,3.33209299
TTAT,Shape,-0.24133245,-0.20307817,-9.97677520,-0.14220445,1.79566913,3.39752612,0.15195161,0.65044577,-0.25600425,34.31260641,-0.05061740,-0.55174653,-0.07970929,-0.09648326,-4.63431112,-0.09204310,0.47509416,3.34068991
TTCA,Shape,0.12105969,-0.22734359,-9.96623279,-0.21673354,1.58569930,3.39032221,0.01275132,-1.08315670,-0.36126746,34.54194447,-0.01003235,0.13807836,0.09204280,0.03864321,-2.47849381,-0.09195455,0.69286570,3.34276707
TTCC,Shape,-0.16117035,-0.25464735,-12.99283380,-0.29911354,1.61462285,3.37560073,-0.00861574,-1.26976079,-0.17502065,35.24423174,0.05630312,1.17737747,0.18446783,0.09059113,-2.14800944,-0.15549344,0.30227595,3.35303922
TTCG,Shape,-0.39986518,-0.42997684,-11.75179685,-0.15575307,1.78060624,3.38371201,-0.04653543,0.68707773,-0.07427000,35.93712572,0.02268534,-0.34880074,0.10541634,0.03742170,-5.11172110,-0.31546663,0.01877064,3.33791666
TTCT,Shape,-0.18641805,-0.33222219,-8.71540398,0.03127589,1.96608934,3.37651665,-0.05448634,-0.43217350,-0.13389155,35.08008432,-0.09370556,-0.65651295,0.12809206,0.05489579,-5.47118957,-0.34307240,0.20686743,3.35435124
TTGA,Shape,-0.14058292,-0.29502688,-8.09606093,0.08028524,1.71073673,3.34760459,-0.29652267,-0.87983642,-0.14036900,34.92580197,-0.05840196,-0.02739028,0.27311434,0.14913570,-4.28764842,-0.35670215,0.35962448,3.37983051
TTGC,Shape,-0.32935841,-0.31439667,-9.10506535,-0.01929458,1.41161604,3.34102062,-0.24445725,-0.02663412,-0.04602544,35.13683466,-0.01157841,0.97771271,0.58558064,0.17780274,-4.53144414,-0.39881860,0.27439356,3.37164553
TTGG,Shape,-0.56891414,-0.38264130,-7.55868354,0.07269037,1.69392426,3.36052652,-0.15943236,1.35567767,0.02893405,35.30384161,-0.03635496,0.84120714,0.41641676,0.06776313,-8.80374014,-0.54902471,0.15645869,3.37220240
TTGT,Shape,-0.41327680,-0.18117074,-4.68897467,0.15160406,1.41235914,3.34579499,-0.07709311,1.18787544,-0.10416143,34.57959538,-0.10025337,-0.09699644,0.38294589,0.00184191,-9.52980478,-0.46310975,0.39985502,3.36950523
TTTA,Shape,-0.22078473,-0.08029225,-3.86739475,0.16866277,1.20281369,3.33556710,-0.21312220,0.00301071,-0.16354334,33.94491059,-0.07298313,1.74860915,0.51561434,0.05562808,-7.97697886,-0.42702943,0.62134729,3.36441125
TTTC,Shape,-0.37517760,-0.12988004,-4.81962740,-0.09222370,0.96537104,3.35343374,-0.19651159,1.10787536,-0.17025101,34.60591469,0.03559446,2.71430459,0.52061494,0.03216209,-9.06132785,-0.39960748,0.45313896,3.37369538
TTTG,Shape,-0.37380478,-0.15732447,-4.95059952,-0.09770676,1.03262947,3.36331631,-0.00483300,1.84628403,-0.10066069,34.99366331,0.05554697,2.65889392,0.34999015,-0.12235773,-11.98832496,-0.49312716,0.43325626,3.38291989
TTTT,Shape,-0.15454588,0.02056119,-2.23669124,-0.02005382,1.08996291,3.35310150,-0.02203065,1.08582988,-0.26233281,34.71211439,0.04834224,2.35638491,0.25676337,-0.16339118,-10.95756022,-0.33151405,0.46323312,3.36990832
AAAA,Variance,0.02326085,0.00928238,1.72794832,0.01181956,0.07349948,0.00077998,0.01575080,0.72851935,0.00922779,0.27636798,0.00388992,0.72511019,0.01068450,0.00504542,1.99094854,0.00616214,0.05159895,0.00123859
AAAC,Variance,0.02596999,0.00698631,2.31466086,0.00938469,0.05690285,0.00069912,0.01548015,0.92714271,0.00942473,0.35347345,0.00351922,0.63440957,0.01013494,0.00456146,1.79461945,0.00800000,0.03362357,0.00093984
AAAG,Variance,0.03289740,0.00579623,1.98949419,0.00892341,0.05886999,0.00081793,0.01619281,1.08356039,0.00693213,0.30156913,0.00406671,0.49993794,0.00927767,0.00385233,2.23152513,0.00884100,0.03151379,0.00070606
AAAT,Variance,0.03407579,0.00609984,1.75430903,0.00972256,0.07151959,0.00082131,0.01553878,1.03215839,0.00693376,0.27528034,0.00515536,0.53336397,0.01069974,0.00382377,1.96422413,0.00690900,0.02933647,0.00069500
AACA,Variance,0.03375008,0.00726140,1.91416076,0.00897196,0.09015518,0.00114318,0.01486795,0.98274152,0.00864360,0.28747351,0.00437295,0.50620793,0.01238541,0.00392622,1.67553876,0.00834790,0.03759171,0.00070774
AACC,Variance,0.02797668,0.00751613,1.63449700,0.00744391,0.08937276,0.00105585,0.01443721,1.16217668,0.00865265,0.36506798,0.00264984,0.37093459,0.01129361,0.00423237,1.38657899,0.00596328,0.03129796,0.00062701
AACG,Variance,0.03021937,0.00856801,1.45956995,0.00896408,0.08149080,0.00119538,0.02099040,1.27502528,0.01008216,0.25654728,0.00284067,0.35980060,0.01282965,0.00326370,1.59348347,0.00745210,0.04325165,0.00063166
AACT,Variance,0.02352439,0.00846437,1.23337006,0.01059661,0.07041025,0.00120465,0.02094296,1.05183769,0.00921165,0.22185998,0.00241211,0.40385868,0.01715764,0.00388167,1.78416805,0.00689931,0.04259622,0.00077635
AAGA,Variance,0.02274664,0.00665693,1.84042148,0.01057197,0.06337345,0.00111628,0.02028035,0.78702616,0.01244589,0.24800632,0.00287674,0.50951598,0.01600153,0.00392115,1.56085132,0.00824094,0.04824875,0.00080062
AAGC,Variance,0.02635721,0.00469631,2.40784368,0.01115746,0.05111018,0.00098652,0.01594560,0.77768285,0.01239488,0.30341500,0.00279847,0.53203639,0.01167451,0.00402763,1.78385447,0.00868772,0.03581138,0.00081979
AAGG,Variance,0.02748290,0.00573066,2.29436389,0.01009437,0.04768554,0.00087444,0.01825159,0.83848948,0.00870312,0.31585667,0.00321016,0.52767793,0.01224881,0.00235151,1.92640533,0.01125893,0.03632053,0.00073961
AAGT,Variance,0.02319956,0.00703720,2.07745308,0.00795195,0.05200761,0.00105393,0.01685773,0.92721982,0.00798209,0.36138045,0.00360115,0.40280358,0.01137081,0.00265603,1.60159999,0.00969900,0.03087689,0.00073725
AATA,Variance,0.02312091,0.00668886,2.31892001,0.00737288,0.06811181,0.00115823,0.01241910,0.81343442,0.00945299,0.34340740,0.00292860,0.45209310,0.01313008,0.00262569,1.24022439,0.00995966,0.05613446,0.00088658
AATC,Variance,0.02382995,0.00772993,2.68530831,0.00687947,0.05431168,0.00106970,0.01174545,0.75999204,0.00949623,0.42377954,0.00266786,0.44452772,0.01478472,0.00258562,1.10436163,0.01031265,0.04632343,0.00069362
AATG,Variance,0.01976487,0.00851412,2.09870424,0.00887475,0.04737834,0.00112144,0.01606124,0.92591104,0.00951731,0.35254152,0.00259924,0.43494290,0.02071010,0.00300758,1.12378378,0.00934509,0.04959956,0.00075150
AATT,Variance,0.01621596,0.00876354,1.97498533,0.00992559,0.05854748,0.00119761,0.01652708,0.74540781,0.00956700,0.33883926,0.00246662,0.52108375,0.01730730,0.00318029,1.35300848,0.00664588,0.05973032,0.00099747
ACAA,Variance,0.01541312,0.00658818,3.12718893,0.00791576,0.05673870,0.00099104,0.01283849,0.56565961,0.01104371,0.38182238,0.00267404,0.69468156,0.02214055,0.00386992,1.19656347,0.00921501,0.06371025,0.00113212
ACAC,Variance,0.02016624,0.00708634,3.16052277,0.00845894,0.03831365,0.00082808,0.01270618,0.49642116,0.00966447,0.53723230,0.00257720,0.77522494,0.01386816,0.00324097,1.17296654,0.01069529,0.04955185,0.00103529
ACAG,Variance,0.02194849,0.00814444,3.25376336,0.00737046,0.04190893,0.00084574,0.01194487,0.56153892,0.00795770,0.52383094,0.00381945,0.67838437,0.01629324,0.00249116,1.50682040,0.01198429,0.04636128,0.00096656
ACAT,Variance,0.01767976,0.00966322,3.48824547,0.00881604,0.04137052,0.00076619,0.01051067,0.57543725,0.00625499,0.49768981,0.00391966,0.70185696,0.01920078,0.00307885,1.43660070,0.01120332,0.06373450,0.00099922
ACCA,Variance,0.01972559,0.01059243,3.32510488,0.00645786,0.05046685,0.00099898,0.01084033,0.64290430,0.00711091,0.46836286,0.00294978,0.66791502,0.01940359,0.00303457,0.84777205,0.00932390,0.06889256,0.00114557
ACCC,Variance,0.02163317,0.01004351,3.00639882,0.00582498,0.05509635,0.00076197,0.01044967,0.66135864,0.00636114,0.57429243,0.00329045,0.58253096,0.02081522,0.00293595,1.03241465,0.00923163,0.05007170,0.00094629
ACCG,Variance,0.01704166,0.00936859,2.02405102,0.00572228,0.05628277,0.00081190,0.01297529,0.86001267,0.00627712,0.43309249,0.00443943,0.66585935,0.01520554,0.00347410,1.17878186,0.00855028,0.05643538,0.00102848
ACCT,Variance,0.01768699,0.01447668,2.82907651,0.00831143,0.05719220,0.00100186,0.01276066,0.87224208,0.00696125,0.36549626,0.00389679,0.76750202,0.01707569,0.00412171,1.03115882,0.00571457,0.05135511,0.00101664
ACGA,Variance,0.01672713,0.00976443,2.90478563,0.00734957,0.04644081,0.00070214,0.01080825,0.55341695,0.00647483,0.34851505,0.00396662,1.00260479,0.02001069,0.00504399,1.08502375,0.00735838,0.06134604,0.00147478
ACGC,Variance,0.01806925,0.00856506,3.56137598,0.00715073,0.04327766,0.00061713,0.01107978,0.61171894,0.00815938,0.44219513,0.00405108,0.85513359,0.01225081,0.00388784,1.50869769,0.00769487,0.04618106,0.00108305
ACGG,Variance,0.02577901,0.00850736,3.23061590,0.00524694,0.03607441,0.00067374,0.01195579,0.74327926,0.00596467,0.43849309,0.00556244,0.63916208,0.01205128,0.00412159,1.70468898,0.00767802,0.03636265,0.00123866
ACGT,Variance,0.02225232,0.01007383,2.73080726,0.00756421,0.06302343,0.00067957,0.01228049,0.85265371,0.00453057,0.40137612,0.00608327,0.68516006,0.01257997,0.00399745,1.69037258,0.00706966,0.03697856,0.00107377
ACTA,Variance,0.02897055,0.01182219,2.59408455,0.00557939,0.06113453,0.00070014,0.01078120,0.82618858,0.00542725,0.39957975,0.00517583,0.55635778,0.01750143,0.00446172,1.30786642,0.00608776,0.03836027,0.00114917
ACTC,Variance,0.03000723,0.00761238,2.41655366,0.00628798,0.07495549,0.00065112,0.01289606,0.91911687,0.00664363,0.48790368,0.00456293,0.60225128,0.01258404,0.00376528,1.30830552,0.00767639,0.04645882,0.00085688
ACTG,Variance,0.02525937,0.00964561,1.42312021,0.00731103,0.07110999,0.00081040,0.01668006,0.94234398,0.00630188,0.37304981,0.00434948,0.52976922,0.01432407,0.00396963,1.60195237,0.00539174,0.05283172,0.00082666
ACTT,Variance,0.01862141,0.00865041,1.97718758,0.01021192,0.07752897,0.00083883,0.01831372,0.87672886,0.00834683,0.23851087,0.00508155,0.62265454,0.01437761,0.00598619,1.35135562,0.00457953,0.04184557,0.00108109
AGAA,Variance,0.02510050,0.00830727,1.73813180,0.00951446,0.06644494,0.00096143,0.01640613,0.86488965,0.01140915,0.25351164,0.00395214,0.65764392,0.01277482,0.00595553,1.71465934,0.00565702,0.04005957,0.00132849
AGAC,Variance,0.02708657,0.00632504,2.11949123,0.00736076,0.06835680,0.00071829,0.01375173,0.79171353,0.00795439,0.31161976,0.00446195,0.68614253,0.00850383,0.00420184,2.13665043,0.00858393,0.03219845,0.00106445
AGAG,Variance,0.02759999,0.00615177,2.03637848,0.00912531,0.05663792,0.00079580,0.01578162,0.90359362,0.00830459,0.31883859,0.00422977,0.52862024,0.00872318,0.00419825,2.29528016,0.00753038,0.02535473,0.00081536
AGAT,Variance,0.03022673,0.00877479,1.88363664,0.00866358,0.08716995,0.00074536,0.01974105,0.94147788,0.00855509,0.28867743,0.00510140,0.48823248,0.01066412,0.00402752,1.84857373,0.00759594,0.02775420,0.00071764
AGCA,Variance,0.03010596,0.00726022,2.19420522,0.00809832,0.07854017,0.00088728,0.01468686,1.08312870,0.00786967,0.30405024,0.00363328,0.46566740,0.00945357,0.00421941,1.70791557,0.00691749,0.03553214,0.00066500
AGCC,Variance,0.03662166,0.00728748,2.26414405,0.00793862,0.07496548,0.00097381,0.01468710,1.19976913,0.00917879,0.36301185,0.00333938,0.37043084,0.01305206,0.00389827,1.68213472,0.00713081,0.03313016,0.00057396
AGCG,Variance,0.02685555,0.00580293,1.58506945,0.00953489,0.08141424,0.00129664,0.02494539,1.35229279,0.00924784,0.26168832,0.00319865,0.43349303,0.01087686,0.00331480,1.79720517,0.00847748,0.03408407,0.00056543
AGCT,Variance,0.02243666,0.01025605,1.38897587,0.01221328,0.08194934,0.00127413,0.02420434,1.09664957,0.01018052,0.24208985,0.00354322,0.45449128,0.01449178,0.00383557,1.78290543,0.00719318,0.04580585,0.00076258
AGGA,Variance,0.02927833,0.00580529,1.77698604,0.01266466,0.06933927,0.00126121,0.02195956,0.84032839,0.01281980,0.26843240,0.00273012,0.53981359,0.01311103,0.00478355,1.63827785,0.00681021,0.04949399,0.00083553
AGGC,Variance,0.02547753,0.00542775,2.06309568,0.01047718,0.05019079,0.00082100,0.01717609,0.92265075,0.01137897,0.36348848,0.00300767,0.59532497,0.01013513,0.00340614,2.17787798,0.01010674,0.03788920,0.00086970
AGGG,Variance,0.02940019,0.00516544,2.09076159,0.01098336,0.04997846,0.00090582,0.01887509,0.94608957,0.00948650,0.33744439,0.00370455,0.35853227,0.01157401,0.00265198,1.84187346,0.01209885,0.03553824,0.00097981
AGGT,Variance,0.02447348,0.00708302,1.93142608,0.01112931,0.05322881,0.00116745,0.01764873,0.95009561,0.00942101,0.40849329,0.00345672,0.42900516,0.01214628,0.00286907,1.94597856,0.01008925,0.04103545,0.00072537
AGTA,Variance,0.02603004,0.00616879,2.64039106,0.00930449,0.06090048,0.00105880,0.01217268,0.84559117,0.01108583,0.36621994,0.00257668,0.48364799,0.01623342,0.00304220,1.12157802,0.01152733,0.05502197,0.00064222
AGTC,Variance,0.02410667,0.00785692,2.39962479,0.00679792,0.04942551,0.00104222,0.01179993,0.83301603,0.01039749,0.41836908,0.00264724,0.37829304,0.01765502,0.00249635,1.03026493,0.01338954,0.05248565,0.00072507
AGTG,Variance,0.01654896,0.00956673,2.27107615,0.00796893,0.05176624,0.00116104,0.01848007,0.78744159,0.00901445,0.47710126,0.00277172,0.52029022,0.01848537,0.00255915,1.37060370,0.00954009,0.05467829,0.00066760
AGTT,Variance,0.01383852,0.00886679,2.26813947,0.01080663,0.05305739,0.00134253,0.01566376,0.72906267,0.00946697,0.32535099,0.00276145,0.57683798,0.02428667,0.00343953,1.28888965,0.00728050,0.05912734,0.00092267
ATAA,Variance,0.01590922,0.00862741,2.35174945,0.00936193,0.05046261,0.00102362,0.01282877,0.58134983,0.01097703,0.37973923,0.00209786,0.64927566,0.02275681,0.00371478,1.08651485,0.00887701,0.05699173,0.00132540
ATAC,Variance,0.02193795,0.00744122,3.57889092,0.00807637,0.04523063,0.00085190,0.01353977,0.55886073,0.00993073,0.43410364,0.00273294,0.59646034,0.01776584,0.00361262,1.41695425,0.01268719,0.05315149,0.00115981
ATAG,Variance,0.01753413,0.00751389,2.51764978,0.00682666,0.03493272,0.00074716,0.01051148,0.71539487,0.00827871,0.47042715,0.00338302,0.60774242,0.01671572,0.00214500,1.55683661,0.01153561,0.04360708,0.00111689
ATAT,Variance,0.01872922,0.00930839,3.44994775,0.00602497,0.05084704,0.00079041,0.01010770,0.73906165,0.00915173,0.54562058,0.00399111,0.53731122,0.01834777,0.00267228,1.14140409,0.01010941,0.04797640,0.00115293
ATCA,Variance,0.01921021,0.01029758,2.58434449,0.00603372,0.04555996,0.00091378,0.00959723,0.51230250,0.00662102,0.46238757,0.00402789,0.71010711,0.02103739,0.00276958,1.00116262,0.00857622,0.06016574,0.00104869
ATCC,Variance,0.02097301,0.01041939,3.11124813,0.00498574,0.05050716,0.00091739,0.01015438,0.68932485,0.00603592,0.54567329,0.00348034,0.63926178,0.01785735,0.00321565,0.93769854,0.01120681,0.05613775,0.00101786
ATCG,Variance,0.01846097,0.01010359,2.54169530,0.00575761,0.05356754,0.00070935,0.01089737,0.66647661,0.00513135,0.43298559,0.00375422,0.53133453,0.01880465,0.00296402,1.20642060,0.00835697,0.05784788,0.00101420
ATCT,Variance,0.01737796,0.01307420,2.04542986,0.00735910,0.05084993,0.00099285,0.01500087,0.76086509,0.00585537,0.40771268,0.00380654,0.80792223,0.02217109,0.00370327,1.08128070,0.00670552,0.06931130,0.00110430
ATGA,Variance,0.01412613,0.00838028,2.67999955,0.00695301,0.05066381,0.00080032,0.01167396,0.51130589,0.00777459,0.35962026,0.00367635,0.90091972,0.01754600,0.00506715,1.16422178,0.00606172,0.05723510,0.00172436
ATGC,Variance,0.01878655,0.01048950,2.94343537,0.00712545,0.03774910,0.00057850,0.01276058,0.53512473,0.00698158,0.44078714,0.00416269,0.71096024,0.01173721,0.00441486,1.47996644,0.00877330,0.04297122,0.00138310
ATGG,Variance,0.02577663,0.00761841,3.02622380,0.00722953,0.04837633,0.00056421,0.01173353,0.72690535,0.00562027,0.47664829,0.00539238,0.64076188,0.01257156,0.00326245,1.43598852,0.00737394,0.03608738,0.00112926
ATGT,Variance,0.02245636,0.01081132,3.13980959,0.00622269,0.05674085,0.00070706,0.01055449,0.73145166,0.00558158,0.39669811,0.00535261,0.74421433,0.01400635,0.00401165,1.74328508,0.00629405,0.04267848,0.00114781
ATTA,Variance,0.02276101,0.01037410,2.47645608,0.00554227,0.07488091,0.00066930,0.00910708,0.86992782,0.00577997,0.41854698,0.00499660,0.63727370,0.01338578,0.00328431,1.18946660,0.00618752,0.04450536,0.00095963
ATTC,Variance,0.02569735,0.00976601,1.91954146,0.00543924,0.06695484,0.00075378,0.01087477,1.04806675,0.00617162,0.38522969,0.00440805,0.59806901,0.01446095,0.00375143,1.48246779,0.00691464,0.04536537,0.00077407
ATTG,Variance,0.02410915,0.00988239,1.48592245,0.00690133,0.07462086,0.00093658,0.01799812,1.15314311,0.00597079,0.39494371,0.00380457,0.44159017,0.01264389,0.00433134,1.49169013,0.00627126,0.03370127,0.00087291
ATTT,Variance,0.02449126,0.01091249,1.64519555,0.00900385,0.08234633,0.00080943,0.01782214,0.83545343,0.00733059,0.29868941,0.00399557,0.65219728,0.01328411,0.00493258,1.56619305,0.00547889,0.03974941,0.00090452
CAAA,Variance,0.02241699,0.00926027,2.07461682,0.01184856,0.07662211,0.00082303,0.01905264,0.76603950,0.00862185,0.25648447,0.00315311,0.60499852,0.01168493,0.00591397,1.88240550,0.00624175,0.04063832,0.00112088
CAAC,Variance,0.02787547,0.00534509,2.25767694,0.00854165,0.06633496,0.00066195,0.01421962,0.87430113,0.00881056,0.26512145,0.00419754,0.62312884,0.00992398,0.00500248,1.90939131,0.00549631,0.03017840,0.00091341
CAAG,Variance,0.03288774,0.00545106,2.03073541,0.00949247,0.06652458,0.00068959,0.01674675,1.01797570,0.00812813,0.35140617,0.00487621,0.44015253,0.01079859,0.00323579,2.43737499,0.00878192,0.02555776,0.00079330
CAAT,Variance,0.03007063,0.00649886,1.95669796,0.00900821,0.07297640,0.00096705,0.01857594,1.16898590,0.00774533,0.30785645,0.00472162,0.48297711,0.01173470,0.00411904,2.06141706,0.00722547,0.03415609,0.00069121
CACA,Variance,0.03005056,0.00748526,2.16654252,0.00779977,0.07708807,0.00088202,0.01640674,1.10620114,0.00984142,0.39048843,0.00342786,0.45332145,0.01095802,0.00357488,1.56278943,0.00712740,0.03628336,0.00070337
CACC,Variance,0.02877072,0.00724467,1.78929494,0.00776365,0.06624532,0.00081472,0.01454811,1.21695374,0.00948136,0.33277311,0.00322355,0.30099773,0.01185540,0.00343263,1.50315652,0.00727865,0.02956618,0.00065687
CACG,Variance,0.02887359,0.00648682,1.20465925,0.00912362,0.08104983,0.00125966,0.02149318,1.38875069,0.00915866,0.25554480,0.00334589,0.35941686,0.01189304,0.00394776,1.81067242,0.00622681,0.04069101,0.00059862
CACT,Variance,0.02116832,0.00713336,1.35989302,0.01067156,0.07747919,0.00141874,0.02234067,1.06894325,0.01007899,0.22369236,0.00310337,0.46599516,0.01718343,0.00391146,1.78388321,0.00631458,0.04562576,0.00082595
CAGA,Variance,0.02310870,0.00574865,1.87293846,0.01151364,0.06833140,0.00110479,0.01829443,0.78891430,0.01334361,0.23221435,0.00258972,0.54097650,0.01489889,0.00453544,1.73814511,0.00775409,0.05103816,0.00086003
CAGC,Variance,0.02304231,0.00520318,2.00807432,0.00852034,0.05730744,0.00094192,0.01680078,0.81559828,0.01206636,0.35461118,0.00268842,0.49156323,0.01117385,0.00295612,1.91638669,0.00871985,0.03887831,0.00078984
CAGG,Variance,0.02749714,0.00498430,2.47107661,0.00837177,0.04738383,0.00088211,0.01408102,0.98248628,0.00982829,0.44297401,0.00358716,0.47155893,0.01191471,0.00245515,1.71439066,0.01251611,0.03671976,0.00066395
CAGT,Variance,0.02491068,0.00683816,2.45841856,0.01025495,0.05215134,0.00121662,0.01453893,0.87959667,0.00837287,0.26318297,0.00415713,0.42516931,0.01533929,0.00284460,1.50185923,0.00921456,0.04860160,0.00075612
CATA,Variance,0.02769560,0.00755430,2.62279215,0.00844568,0.05705975,0.00107636,0.01363884,0.70724366,0.00919369,0.39641649,0.00330619,0.55293101,0.01286690,0.00292148,1.41361451,0.00932710,0.04407389,0.00083802
CATC,Variance,0.02502393,0.00695175,2.24797325,0.00763559,0.06010052,0.00116094,0.01379744,0.90716609,0.00953245,0.46238610,0.00257946,0.47356485,0.01561625,0.00253149,0.99716087,0.01035338,0.05151256,0.00066603
CATG,Variance,0.02138582,0.00743113,1.80185956,0.00669886,0.05200553,0.00134828,0.01735328,0.88667331,0.00913234,0.40110231,0.00251130,0.38789169,0.01688032,0.00274998,1.32079392,0.00997136,0.05275794,0.00083096
CATT,Variance,0.01529917,0.00956984,2.14847772,0.01069938,0.04552457,0.00136647,0.01686232,0.73511523,0.00869735,0.30747452,0.00307593,0.60408840,0.01875087,0.00325601,1.16751506,0.00909015,0.06678568,0.00098587
CCAA,Variance,0.01563935,0.00804446,2.63081665,0.00796261,0.04713914,0.00118697,0.01573534,0.52193275,0.01025767,0.33651858,0.00237093,0.63316737,0.01823364,0.00384510,1.25124453,0.01070253,0.06347569,0.00093250
CCAC,Variance,0.01791532,0.00611478,3.04980734,0.00713178,0.04313286,0.00073242,0.01166696,0.65807481,0.00991061,0.38859774,0.00308726,0.72198484,0.01623094,0.00332107,1.19234853,0.01035157,0.05216365,0.00093128
CCAG,Variance,0.01832204,0.00835296,2.64370886,0.00746828,0.03930942,0.00075822,0.01107702,0.70537617,0.00652298,0.57392147,0.00347420,0.63307332,0.01358658,0.00231618,1.56229049,0.01164612,0.04715312,0.00088365
CCAT,Variance,0.01788902,0.00848571,3.01227957,0.00729036,0.04496937,0.00089315,0.01021296,0.65988107,0.00625182,0.54314644,0.00422267,0.73883991,0.01713390,0.00281445,1.22294462,0.00881749,0.05408557,0.00096238
CCCA,Variance,0.01618601,0.01054269,3.53941002,0.00624574,0.04807320,0.00071508,0.00739337,0.58326115,0.00644781,0.50724604,0.00424318,0.66000076,0.01693152,0.00266207,0.86240109,0.00913214,0.05950321,0.00103122
CCCC,Variance,0.02015274,0.01043585,2.84228826,0.00543784,0.05696646,0.00072032,0.00985696,0.71244394,0.00644781,0.58398610,0.00371014,0.56033486,0.02110646,0.00313113,1.02007367,0.00897010,0.06034029,0.00091617
CCCG,Variance,0.01611815,0.01155891,2.06768584,0.00537430,0.05066914,0.00092573,0.01218030,0.88369364,0.00680729,0.49897599,0.00386896,0.56585388,0.02240213,0.00304444,1.16769104,0.00862813,0.06580980,0.00097555
CCCT,Variance,0.01499514,0.01286070,2.42298225,0.00833689,0.05788435,0.00107734,0.01422710,0.74918540,0.00637669,0.34165309,0.00442419,0.71649818,0.01767493,0.00384086,1.11649040,0.00531752,0.06313354,0.00130984
CCGA,Variance,0.01507682,0.01128096,2.42105855,0.00805265,0.05222767,0.00093601,0.01231724,0.57145909,0.00808312,0.35208824,0.00350951,0.95344232,0.01840149,0.00496057,1.23617241,0.00633330,0.06997827,0.00131286
CCGC,Variance,0.02236360,0.00814803,3.43208023,0.00653686,0.04933591,0.00061594,0.01244217,0.72909830,0.00770265,0.43644953,0.00323094,0.83020656,0.01455771,0.00422137,1.45641658,0.00809525,0.03669948,0.00142005
CCGG,Variance,0.02154731,0.00761820,3.02393382,0.00701596,0.04529925,0.00059754,0.01115018,0.79003443,0.00547327,0.44538463,0.00483831,0.64207632,0.01332688,0.00339371,1.95975863,0.00728807,0.04011382,0.00109470
CCGT,Variance,0.02459707,0.01103612,2.21152131,0.00741956,0.05327805,0.00063566,0.01318730,0.80204073,0.00573581,0.45470427,0.00643909,0.70270355,0.01279646,0.00436008,1.41721238,0.00618833,0.04678001,0.00134363
CCTA,Variance,0.02147396,0.01090510,2.27996073,0.00665594,0.06697273,0.00063938,0.01225441,0.74724119,0.00635186,0.38288784,0.00580144,0.73333816,0.01345323,0.00347121,1.29384078,0.00639271,0.04780059,0.00121119
CCTC,Variance,0.02768261,0.01062926,1.91691992,0.00621249,0.08263202,0.00064308,0.01353606,1.00381161,0.00684414,0.41005807,0.00426595,0.61069444,0.01306165,0.00437122,1.15285040,0.00719721,0.04288670,0.00085198
CCTG,Variance,0.02456299,0.00834210,1.53440091,0.00707807,0.06676818,0.00103631,0.01826823,1.00987232,0.00776118,0.28529677,0.00391547,0.45994728,0.01363785,0.00545824,1.53173133,0.00616479,0.03443892,0.00077721
CCTT,Variance,0.02644625,0.01141446,1.85966357,0.01110270,0.07876573,0.00101257,0.01753038,0.86021925,0.00703640,0.24402339,0.00389216,0.63380642,0.01768765,0.00524043,1.43965545,0.00443416,0.04820754,0.00105003
CGAA,Variance,0.02309769,0.00854237,2.31666643,0.01009823,0.07657223,0.00082339,0.01423770,0.82559901,0.00946396,0.26570493,0.00350277,0.71145820,0.01320456,0.00570129,1.55657791,0.00526223,0.04305561,0.00119820
CGAC,Variance,0.03440845,0.00611788,2.29191026,0.01035942,0.05639545,0.00074589,0.01510691,0.82195620,0.01006559,0.29637554,0.00394621,0.54680500,0.00962975,0.00459484,1.97058727,0.00955783,0.03215874,0.00094036
CGAG,Variance,0.03058979,0.00578555,2.32486141,0.00891290,0.07322046,0.00072942,0.01898867,1.01228511,0.00726464,0.30647407,0.00533117,0.49945940,0.00766660,0.00474412,2.15201150,0.00752794,0.03170598,0.00068027
CGAT,Variance,0.02899036,0.00775123,2.01872232,0.01051941,0.06472513,0.00100437,0.01606440,1.04853258,0.00682243,0.34985899,0.00467498,0.48512627,0.01025876,0.00399006,1.73523232,0.00720398,0.03038045,0.00091022
CGCA,Variance,0.03080545,0.00723501,1.98143513,0.00980231,0.10519232,0.00104385,0.01620245,1.21125173,0.00859902,0.32922449,0.00366214,0.45876449,0.01079413,0.00498153,1.69760120,0.00812521,0.03265094,0.00074280
CGCC,Variance,0.03118932,0.00643754,1.49208615,0.00765465,0.10720487,0.00096917,0.01796658,1.30256627,0.00939562,0.35982352,0.00292617,0.45395927,0.01425307,0.00372074,1.45355594,0.00742992,0.03174689,0.00065460
CGCG,Variance,0.03057467,0.00861010,1.24168878,0.01066376,0.08057123,0.00117552,0.01977840,1.32104012,0.01115651,0.24901497,0.00298784,0.34609066,0.01282136,0.00397771,1.67027493,0.00575403,0.03356027,0.00052080
CGCT,Variance,0.02267603,0.00763431,1.34995585,0.01332147,0.06326996,0.00133915,0.02648045,0.89690839,0.01117568,0.25840782,0.00283941,0.45443306,0.01298384,0.00425765,1.53811131,0.00610297,0.04685756,0.00070811
CGGA,Variance,0.02001534,0.00620485,1.91424765,0.01129431,0.05771837,0.00115869,0.02103535,0.75648949,0.01227147,0.24105373,0.00268767,0.46455704,0.01485750,0.00544842,1.73875316,0.00762268,0.04794629,0.00091666
CGGC,Variance,0.02580191,0.00498566,2.17026981,0.01116473,0.06632708,0.00096291,0.02028959,0.71984108,0.01330160,0.29968107,0.00272323,0.50473352,0.00928543,0.00352893,1.91247468,0.01041076,0.03255589,0.00069795
CGGG,Variance,0.02922538,0.00490105,2.60294207,0.01056300,0.04997677,0.00095096,0.01526366,0.88711266,0.00951264,0.41146578,0.00341066,0.46434989,0.01265041,0.00308220,1.59838318,0.01338925,0.02939151,0.00064794
CGGT,Variance,0.02409127,0.00625727,2.64148734,0.01001651,0.05003167,0.00109069,0.01420107,0.78209110,0.00924548,0.37611010,0.00352552,0.40904293,0.01315101,0.00295037,1.67224364,0.01001116,0.04384081,0.00061597
CGTA,Variance,0.02294402,0.00736420,2.47918440,0.00920539,0.06519387,0.00119664,0.01339116,0.71391583,0.00934439,0.46287266,0.00320545,0.46075800,0.01571336,0.00334375,1.39812848,0.01283903,0.05574761,0.00074155
CGTC,Variance,0.02422679,0.00625872,2.51418237,0.00808314,0.07466494,0.00103935,0.01611114,0.92534885,0.00949843,0.45728460,0.00234033,0.42383665,0.01457976,0.00253366,1.16925896,0.01060692,0.05456046,0.00063255
CGTG,Variance,0.01914818,0.00784968,1.95622287,0.00830605,0.05908233,0.00119640,0.01558007,0.95128287,0.01047685,0.42867954,0.00227805,0.43404772,0.01781195,0.00260136,1.36654602,0.00971608,0.05392310,0.00059622
CGTT,Variance,0.01553691,0.00854040,2.17872138,0.01086402,0.04927411,0.00128022,0.01836809,0.63438020,0.00901322,0.28699028,0.00259395,0.55407175,0.02087991,0.00368905,1.33047796,0.00841768,0.07201522,0.00111696
CTAA,Variance,0.01525497,0.00792390,2.91516458,0.01027712,0.04099738,0.00105799,0.01824655,0.57379335,0.01360429,0.46711454,0.00278872,0.90136870,0.01979444,0.00307181,1.12753281,0.01070738,0.08554742,0.00123126
CTAC,Variance,0.01630411,0.00687544,2.61955434,0.00783907,0.04709205,0.00073487,0.01085211,0.53820026,0.00973906,0.49055383,0.00298717,0.75790846,0.01416767,0.00357241,1.41738654,0.01058634,0.04960055,0.00104179
CTAG,Variance,0.01695451,0.00926531,3.23135199,0.00740035,0.04064198,0.00076363,0.01157427,0.72392659,0.00681015,0.45662843,0.00324231,0.59837207,0.01702475,0.00247197,1.68837871,0.01113974,0.04661931,0.00091015
CTAT,Variance,0.02021285,0.01189346,2.97579160,0.00602654,0.04310373,0.00092826,0.01013073,0.77167876,0.00579771,0.51400114,0.00503257,0.68952743,0.02047898,0.00281752,1.16319392,0.00978917,0.06199458,0.00088840
CTCA,Variance,0.01990027,0.00971026,3.07630312,0.00642539,0.04822164,0.00072556,0.01089403,0.71292994,0.00687461,0.47490979,0.00344122,0.70153995,0.01978702,0.00313898,1.01889933,0.00980292,0.06190382,0.00106742
CTCC,Variance,0.02123940,0.01017186,2.89224610,0.00468064,0.05019028,0.00070877,0.01080408,0.68194318,0.00613842,0.50855046,0.00319129,0.54180086,0.01919076,0.00314994,1.05063406,0.00896236,0.05766221,0.00077655
CTCG,Variance,0.01935966,0.01033590,2.59848006,0.00641856,0.06027899,0.00090743,0.01221151,1.01104877,0.00698249,0.50550963,0.00451579,0.58399062,0.01537175,0.00311026,1.05941336,0.00833000,0.05408130,0.00101063
CTCT,Variance,0.01348568,0.01379414,2.54222220,0.00701160,0.06041906,0.00107449,0.01527864,0.66077035,0.00710354,0.36044179,0.00370944,0.73218255,0.02090469,0.00351679,1.17032952,0.00568713,0.06191816,0.00118747
CTGA,Variance,0.01729025,0.00980734,2.99446307,0.00648145,0.05897971,0.00094409,0.01217385,0.60553414,0.00871545,0.35881539,0.00399980,0.84857308,0.01778720,0.00480069,1.13532702,0.00587567,0.06499296,0.00146356
CTGC,Variance,0.01900771,0.00737962,3.07246081,0.00604799,0.04700617,0.00059055,0.01162223,0.67230681,0.00769953,0.45748162,0.00455873,0.87227876,0.01062537,0.00487213,1.48520616,0.00870781,0.05155048,0.00128267
CTGG,Variance,0.02420402,0.00698715,3.21122800,0.00671333,0.04185199,0.00057481,0.01257452,0.60199177,0.00716853,0.43956565,0.00525245,0.81957185,0.01348424,0.00384032,1.53691696,0.00919118,0.03722086,0.00103332
CTGT,Variance,0.02243264,0.01061909,2.42597262,0.00762355,0.05174560,0.00075744,0.01228963,0.81060627,0.00497465,0.40149255,0.00621477,0.71860047,0.01325812,0.00392686,1.45010613,0.00713076,0.04400610,0.00130418
CTTA,Variance,0.02981917,0.01114047,2.45031860,0.00608474,0.07791958,0.00073583,0.01306149,0.78078367,0.00668096,0.35637839,0.00477614,0.69639905,0.01457235,0.00430186,1.11311009,0.00703631,0.04137129,0.00097515
CTTC,Variance,0.02818394,0.00895630,2.02423605,0.00730280,0.07325299,0.00082611,0.01196342,0.93424196,0.00550967,0.35583849,0.00376926,0.57133145,0.01181723,0.00382120,1.22867130,0.00743354,0.03852393,0.00091514
CTTG,Variance,0.02216120,0.01063838,1.68263133,0.00768333,0.06112755,0.00082968,0.01690619,1.04868709,0.00662391,0.32592090,0.00458445,0.46912429,0.01395137,0.00370727,1.67526035,0.00509498,0.03675327,0.00081399
CTTT,Variance,0.02183196,0.01016705,1.38564042,0.00842647,0.06819872,0.00094403,0.01678929,0.90243892,0.00770503,0.25152162,0.00437250,0.60820041,0.01270336,0.00467502,1.65812847,0.00508938,0.04062809,0.00105461
GAAA,Variance,0.02074701,0.00749953,2.04641755,0.01015817,0.06880473,0.00082982,0.01534193,0.74713322,0.01089339,0.22463021,0.00423399,0.63549971,0.01421215,0.00558651,1.51870045,0.00549580,0.04104667,0.00111507
GAAC,Variance,0.02579487,0.00524788,2.10607850,0.00868346,0.05660127,0.00068639,0.01784932,0.95257387,0.00954340,0.34324545,0.00460572,0.69914416,0.00808427,0.00460159,2.07681705,0.00794785,0.02811677,0.00119075
GAAG,Variance,0.02955605,0.00561545,1.57240072,0.01038887,0.06391394,0.00081313,0.01715690,1.03293540,0.00777942,0.37307635,0.00502455,0.56336753,0.00779221,0.00333293,2.57849400,0.00824099,0.02886107,0.00079138
GAAT,Variance,0.03128424,0.00693555,2.01798050,0.00836824,0.07153217,0.00085650,0.01532061,1.00209238,0.00728988,0.29012432,0.00571475,0.42939445,0.00977300,0.00382503,1.96627435,0.00752341,0.03392809,0.00079864
GACA,Variance,0.02894534,0.00927834,1.98040973,0.00883470,0.08617478,0.00091013,0.01414906,1.02511102,0.00870493,0.33031333,0.00346540,0.49555981,0.01034584,0.00442929,2.02055395,0.00659681,0.03761126,0.00080892
GACC,Variance,0.03152836,0.00793086,1.45069407,0.00759273,0.08671432,0.00119554,0.01579431,1.01160645,0.00938506,0.39181115,0.00338188,0.35685786,0.00989700,0.00488730,1.58060756,0.00672547,0.02979993,0.00069595
GACG,Variance,0.03195713,0.00713995,1.33693348,0.01052031,0.08157364,0.00122810,0.01877446,1.31510581,0.01146250,0.25121885,0.00290661,0.33327743,0.01186388,0.00416432,1.88006986,0.00644423,0.03350207,0.00058276
GACT,Variance,0.02036612,0.00774676,1.53871890,0.01046829,0.09222655,0.00124751,0.02688900,1.06209878,0.01014682,0.18523261,0.00275898,0.50012107,0.01637171,0.00373108,1.30983389,0.00659287,0.03900815,0.00071440
GAGA,Variance,0.01982860,0.00708508,1.84112452,0.01235027,0.06875674,0.00109950,0.02075316,0.83368707,0.01339069,0.24202277,0.00271064,0.48007025,0.01414391,0.00431420,1.20435192,0.00652998,0.04377349,0.00108740
GAGC,Variance,0.03042473,0.00472532,2.49011055,0.00953901,0.06194932,0.00091063,0.01503652,0.66110872,0.01206567,0.35479914,0.00266107,0.72107305,0.01044305,0.00408221,2.02017820,0.01019885,0.03670458,0.00074689
GAGG,Variance,0.02955280,0.00587581,2.06684374,0.00945132,0.04199824,0.00095285,0.01369289,0.79211308,0.01186754,0.31923523,0.00316894,0.49309176,0.01185196,0.00269643,2.03329830,0.01076694,0.03412484,0.00065039
GAGT,Variance,0.02603535,0.00686896,2.20445859,0.01030796,0.05613996,0.00107885,0.01536832,0.78296083,0.00690439,0.32383325,0.00340708,0.46351337,0.01437446,0.00305210,1.83075243,0.01201133,0.03925066,0.00081843
GATA,Variance,0.01941427,0.00644497,2.81909774,0.00806801,0.06312378,0.00119811,0.01375539,0.76380487,0.00939542,0.34319466,0.00306028,0.51551330,0.01705888,0.00284230,1.11683387,0.01017484,0.04468717,0.00064343
GATC,Variance,0.02563382,0.00679206,2.74118207,0.00728697,0.06815299,0.00094989,0.01321049,0.94674015,0.01006270,0.45780956,0.00274153,0.38977403,0.01456166,0.00249983,0.97636737,0.01216228,0.04486054,0.00060325
GATG,Variance,0.01954167,0.00970528,1.94348667,0.00842732,0.05336658,0.00143109,0.01748277,0.78718473,0.00763994,0.39416620,0.00278310,0.40069083,0.01888293,0.00298353,1.17904387,0.01096854,0.06185801,0.00050827
GATT,Variance,0.01450412,0.00978659,2.07329962,0.00964978,0.05805720,0.00139958,0.01583500,0.56734892,0.01007199,0.36253839,0.00285436,0.57254191,0.02295709,0.00331399,1.13273203,0.00834804,0.06735056,0.00085343
GCAA,Variance,0.01574966,0.00888712,3.38991124,0.00979871,0.06084132,0.00104262,0.01351663,0.64517908,0.01084456,0.34431260,0.00226222,0.70146883,0.01878311,0.00314915,1.01663072,0.00940883,0.06961076,0.00108242
GCAC,Variance,0.01748849,0.00657929,2.05119023,0.00717492,0.04403893,0.00087235,0.01098245,0.54253008,0.00833210,0.40034136,0.00284277,0.61688918,0.01813072,0.00345559,1.36545319,0.01170204,0.04831489,0.00109820
GCAG,Variance,0.01635164,0.00800099,3.19932295,0.00783825,0.03499752,0.00089526,0.01165979,0.63586669,0.00704900,0.46800788,0.00322587,0.59827269,0.01458656,0.00251242,1.27701610,0.01002005,0.04107391,0.00096250
GCAT,Variance,0.02045556,0.00863676,3.12536597,0.00673936,0.04136012,0.00077141,0.01343030,0.63643734,0.00644314,0.51193330,0.00386130,0.60258013,0.01809284,0.00234590,1.18644233,0.01167441,0.04504917,0.00104887
GCCA,Variance,0.02067825,0.00898388,3.27061738,0.00583669,0.04469950,0.00083741,0.01021029,0.68378794,0.00662817,0.59090480,0.00385432,0.67470746,0.01726730,0.00283270,0.99302282,0.00976631,0.06527239,0.00109216
GCCC,Variance,0.02030702,0.01299720,2.66559035,0.00534078,0.05889275,0.00081411,0.01101766,0.77911039,0.00554619,0.63406624,0.00332003,0.59759235,0.02112960,0.00293721,0.95273526,0.01004352,0.05232891,0.00101103
GCCG,Variance,0.01775208,0.01103649,2.10122845,0.00629063,0.03948151,0.00080756,0.01203073,0.85136355,0.00770194,0.47218223,0.00423912,0.51520760,0.02186136,0.00283037,1.04239305,0.00753014,0.04873255,0.00100724
GCCT,Variance,0.01606751,0.01307493,2.03646872,0.00616642,0.04975945,0.00107973,0.01167749,0.62212227,0.00786588,0.38075056,0.00419786,0.73885332,0.02165690,0.00408695,1.13563681,0.00505296,0.05992790,0.00134787
GCGA,Variance,0.01431763,0.01102107,2.87988160,0.00699243,0.05759584,0.00073565,0.01060595,0.49443325,0.00897303,0.37355592,0.00328084,0.93910954,0.01753917,0.00562637,1.10714836,0.00589470,0.05080063,0.00130386
GCGC,Variance,0.01903259,0.00762163,2.91877507,0.00596180,0.04797114,0.00065565,0.00990661,0.69356159,0.00832490,0.48476465,0.00379154,0.74092903,0.01510214,0.00343223,1.38647693,0.00773527,0.04112939,0.00119395
GCGG,Variance,0.02235133,0.00836606,2.79186791,0.00606953,0.04207198,0.00061492,0.01183025,0.64960873,0.00551739,0.45308699,0.00513150,0.68734674,0.01203801,0.00390310,1.74400538,0.01142976,0.04168602,0.00119102
GCGT,Variance,0.02465897,0.00969642,2.61932534,0.00751461,0.06261171,0.00068385,0.01126879,0.78702757,0.00529155,0.38101758,0.00609444,0.78603975,0.01289307,0.00448657,1.48767477,0.00613385,0.04069384,0.00112032
GCTA,Variance,0.02612377,0.00891509,2.74541292,0.00681179,0.06200030,0.00065263,0.01217924,1.00212322,0.00714200,0.35235969,0.00580568,0.58672535,0.01373395,0.00409185,1.41139133,0.00780984,0.04219583,0.00108338
GCTC,Variance,0.02508991,0.00983603,2.48894608,0.00594357,0.06677873,0.00082734,0.01211045,0.99558937,0.00649174,0.41573091,0.00406268,0.53997054,0.01256288,0.00408841,1.04626642,0.00662471,0.03862847,0.00097908
GCTG,Variance,0.02753374,0.00852262,1.48970807,0.00768692,0.06902995,0.00078643,0.01540174,1.06932942,0.00591388,0.28545762,0.00454239,0.57533669,0.01344581,0.00437262,1.27671510,0.00525106,0.03322297,0.00085582
GCTT,Variance,0.02278881,0.00899790,1.60626730,0.00865201,0.07099410,0.00082831,0.02085783,0.90767514,0.00665050,0.22491913,0.00402285,0.66316330,0.01514865,0.00527119,1.55147631,0.00452794,0.04451303,0.00105393
GGAA,Variance,0.02509267,0.00797716,1.82995116,0.00937290,0.07351770,0.00087095,0.01725471,0.89849180,0.00999647,0.27241593,0.00412622,0.70061083,0.01431529,0.00572971,1.63178030,0.00659830,0.04145099,0.00136517
GGAC,Variance,0.02368211,0.00635216,2.29973600,0.01159895,0.06875840,0.00067277,0.01621079,0.78993583,0.00876057,0.32030470,0.00392690,0.73019953,0.00738946,0.00491862,2.18749544,0.00830465,0.03268014,0.00096616
GGAG,Variance,0.03360581,0.00834614,2.11568234,0.00861701,0.05368819,0.00077512,0.01554148,1.08398192,0.00786122,0.30812836,0.00480346,0.44254037,0.00858839,0.00383816,2.30186374,0.00783730,0.02773778,0.00098810
GGAT,Variance,0.02584681,0.00826527,1.99821888,0.00921935,0.07194960,0.00086306,0.01632242,1.06175549,0.00785872,0.30094223,0.00535707,0.42638647,0.01228501,0.00390957,1.79063963,0.00817439,0.03161976,0.00075284
GGCA,Variance,0.03132024,0.00697909,1.67312935,0.00884651,0.08877200,0.00093845,0.01504633,0.79348072,0.00945087,0.29100684,0.00343482,0.49311480,0.01293435,0.00411919,1.69882953,0.00754084,0.03420673,0.00084592
GGCC,Variance,0.02605200,0.00604624,1.66249331,0.00883672,0.08484444,0.00100464,0.01641454,1.25926489,0.00863954,0.33700115,0.00329832,0.34449714,0.01055557,0.00353058,1.59243278,0.00893636,0.03334667,0.00050704
GGCG,Variance,0.03115262,0.00627195,1.55688546,0.00900133,0.06960288,0.00118298,0.01951220,1.38691358,0.00947088,0.21833504,0.00311845,0.31217372,0.01306333,0.00372587,1.60720037,0.00721269,0.03756825,0.00061284
GGCT,Variance,0.02189974,0.00682824,1.59932357,0.01274982,0.06276043,0.00130623,0.02099415,1.02632691,0.00810987,0.21849475,0.00357125,0.38629632,0.01498245,0.00492631,1.79644161,0.00710441,0.04393202,0.00063801
GGGA,Variance,0.02012292,0.00651301,1.79718673,0.01193883,0.06501736,0.00098458,0.01451803,0.86928704,0.01120856,0.22411720,0.00257796,0.52836203,0.01318310,0.00460409,1.73990886,0.00729169,0.04185336,0.00095546
GGGC,Variance,0.02641788,0.00477619,2.14589129,0.01187434,0.06804816,0.00092929,0.01594429,0.83323035,0.01302217,0.35594294,0.00268632,0.46810205,0.01260846,0.00333952,1.72825426,0.00931735,0.03844320,0.00069558
GGGG,Variance,0.02529258,0.00646732,2.32800031,0.01117905,0.05316958,0.00117635,0.01535556,0.86732718,0.01063378,0.34192403,0.00348167,0.42955466,0.01173022,0.00293166,2.12910539,0.01186192,0.03606183,0.00057487
GGGT,Variance,0.02539328,0.00670832,2.18922540,0.00913960,0.06008181,0.00115117,0.01476500,0.84473711,0.00938266,0.32331997,0.00392010,0.47731317,0.01503267,0.00256300,1.52241294,0.00934155,0.03803282,0.00076367
GGTA,Variance,0.02462707,0.00752190,2.08019281,0.00818592,0.07311533,0.00113200,0.01372383,0.75188312,0.01042908,0.39823252,0.00308754,0.48181868,0.01951786,0.00269257,1.42067836,0.00927543,0.04992724,0.00081352
GGTC,Variance,0.02372719,0.00812626,2.56724887,0.00707801,0.05965848,0.00107465,0.01162253,0.83055186,0.00964190,0.47445174,0.00257261,0.40096380,0.01560817,0.00254224,1.24907603,0.01140632,0.04039556,0.00066753
GGTG,Variance,0.02148716,0.00653309,1.98426953,0.00791840,0.05891443,0.00115658,0.01593547,0.87914521,0.00878504,0.43202016,0.00280480,0.47243832,0.01792382,0.00262764,1.28558502,0.01025270,0.05730540,0.00081333
GGTT,Variance,0.01441447,0.00887683,2.18556641,0.01105983,0.05505087,0.00119843,0.01882561,0.70023811,0.00933695,0.37248737,0.00304168,0.48609316,0.02530717,0.00327669,1.27958214,0.00595733,0.05919775,0.00089695
GTAA,Variance,0.01450773,0.00745854,2.77155384,0.00936134,0.05125537,0.00092104,0.01371221,0.53557728,0.01425286,0.36843928,0.00237204,0.69113935,0.01634308,0.00358726,1.29068066,0.01013653,0.07919893,0.00108818
GTAC,Variance,0.01683206,0.00673300,3.22767840,0.00757716,0.04439012,0.00076425,0.01189303,0.61458745,0.01018400,0.52237087,0.00343559,0.72749401,0.01404476,0.00362573,1.20147588,0.01117468,0.04498710,0.00101443
GTAG,Variance,0.01773606,0.00748476,2.57846793,0.00657921,0.03448539,0.00087771,0.01112764,0.54170953,0.00677953,0.62216675,0.00333897,0.54678847,0.01541738,0.00262698,1.52260876,0.00993655,0.04442068,0.00095957
GTAT,Variance,0.02147683,0.01073070,2.49606383,0.00770614,0.04106490,0.00083786,0.01039410,0.52303820,0.00633706,0.42526509,0.00437413,0.62466696,0.01802895,0.00237504,1.03988853,0.01088250,0.04287514,0.00115360
GTCA,Variance,0.02075320,0.01021120,3.21780074,0.00530980,0.05236722,0.00069187,0.00981365,0.59297050,0.00666882,0.43062990,0.00407955,0.79562413,0.01855711,0.00290933,1.13101975,0.00994140,0.05529493,0.00085751
GTCC,Variance,0.02291361,0.00985271,2.97601837,0.00563272,0.05295993,0.00081476,0.00966637,0.73603226,0.00664693,0.55413982,0.00301466,0.53185192,0.01648002,0.00333326,0.97527672,0.00787197,0.06189131,0.00106741
GTCG,Variance,0.01774510,0.01401916,2.44212402,0.00658040,0.05699219,0.00090631,0.01224608,0.74271684,0.00554664,0.44038607,0.00366464,0.54341776,0.02326074,0.00338105,1.19744115,0.00779194,0.05882212,0.00095840
GTCT,Variance,0.01394782,0.01239196,2.02206639,0.00730475,0.05272275,0.00092071,0.01357015,0.68149705,0.00726965,0.33177454,0.00356633,0.85670582,0.02006756,0.00391760,1.13899073,0.00674147,0.06106193,0.00108220
GTGA,Variance,0.01404989,0.00882525,3.00847299,0.00714589,0.05542719,0.00078878,0.01146215,0.61279725,0.00788725,0.40997695,0.00384330,0.93193178,0.02054943,0.00474322,1.10882903,0.00685408,0.05571392,0.00187508
GTGC,Variance,0.01952935,0.00784446,2.85774301,0.00791830,0.03799552,0.00055886,0.01071743,0.57170255,0.00736133,0.46243486,0.00347533,0.77816684,0.01396502,0.00457521,1.61309833,0.00776862,0.03571258,0.00132558
GTGG,Variance,0.02638789,0.00861426,2.90336932,0.00640247,0.03991970,0.00061041,0.00984355,0.74717225,0.00595930,0.46686523,0.00501428,0.77491343,0.01297440,0.00385372,1.50187578,0.00727171,0.03069898,0.00111297
GTGT,Variance,0.02054912,0.01077207,2.47162318,0.00612700,0.05163877,0.00070984,0.01143501,0.75293980,0.00553996,0.38048526,0.00540675,0.69446727,0.01138386,0.00355236,1.35906646,0.00700165,0.03962821,0.00108020
GTTA,Variance,0.02532475,0.01013088,2.49477142,0.00662246,0.06201574,0.00067863,0.01141764,0.84129346,0.00617847,0.37406033,0.00494980,0.69610463,0.01258610,0.00502033,1.31767239,0.00608642,0.05126457,0.00095462
GTTC,Variance,0.03040550,0.00863002,2.05476041,0.00477922,0.06373673,0.00063836,0.01242033,1.09166150,0.00630060,0.34246875,0.00507452,0.50632587,0.01308845,0.00447470,1.43064008,0.00649398,0.04595065,0.00084737
GTTG,Variance,0.02500491,0.00776022,1.89160405,0.00661106,0.06014329,0.00094704,0.01670802,1.02916061,0.00598845,0.30408563,0.00402102,0.55406613,0.01293785,0.00425600,1.41890466,0.00527699,0.03720938,0.00073940
GTTT,Variance,0.02056014,0.01142910,2.13316453,0.00891619,0.08283856,0.00090725,0.02104179,0.97513606,0.00716192,0.25097012,0.00359923,0.51719458,0.01147662,0.00616498,1.94722084,0.00497553,0.04987049,0.00097865
TAAA,Variance,0.02030457,0.00779606,1.77724817,0.00997056,0.07753287,0.00087067,0.01526737,0.82157548,0.00835209,0.23171397,0.00304509,0.70688016,0.01273011,0.00615642,1.97820140,0.00660884,0.03999683,0.00123600
TAAC,Variance,0.02808516,0.00591579,2.22453609,0.00928389,0.06215387,0.00068165,0.01645527,0.70634083,0.01028848,0.28515048,0.00366062,0.57339782,0.00859650,0.00541690,1.89967172,0.00693778,0.03425395,0.00105171
TAAG,Variance,0.03100721,0.00619669,2.02642177,0.00964608,0.06042152,0.00069463,0.01671019,0.91667197,0.00855997,0.33054176,0.00488983,0.51695193,0.00876976,0.00344896,2.13110782,0.00815089,0.02517659,0.00092162
TAAT,Variance,0.03112518,0.00676761,1.94678120,0.01213705,0.07267476,0.00111800,0.01658928,0.95710034,0.00773947,0.26322562,0.00416564,0.40968662,0.01228256,0.00375763,1.61945085,0.00796918,0.02687800,0.00071689
TACA,Variance,0.03601841,0.00668860,2.15982021,0.00829993,0.08747827,0.00109602,0.01553720,1.03267330,0.00875412,0.27498378,0.00392543,0.46601120,0.01355820,0.00388655,1.69793579,0.00779585,0.03088004,0.00068765
TACC,Variance,0.03327095,0.00716730,1.59761281,0.00777457,0.08643571,0.00108566,0.01593956,1.13727461,0.00950391,0.30831037,0.00333704,0.40381794,0.00957125,0.00426970,1.76618028,0.00863296,0.03986772,0.00061636
TACG,Variance,0.03070158,0.00672675,1.22671392,0.00979698,0.07676800,0.00119136,0.02036816,1.19670200,0.00838209,0.27837228,0.00268754,0.36358684,0.01252699,0.00381188,1.56050345,0.00718545,0.03684553,0.00056653
TACT,Variance,0.02281660,0.00779839,1.65313019,0.01437528,0.08551250,0.00124166,0.01778519,1.00153102,0.01036202,0.25004833,0.00311902,0.47314633,0.01407251,0.00368570,1.74921599,0.00791776,0.04315102,0.00064333
TAGA,Variance,0.02353823,0.00618602,1.96409614,0.01332180,0.06922208,0.00096168,0.01764502,0.78947508,0.01416459,0.23949066,0.00271179,0.60043657,0.01583383,0.00413092,1.66670116,0.00768542,0.04476168,0.00101499
TAGC,Variance,0.02573525,0.00558389,2.10203950,0.01137347,0.06321159,0.00109003,0.01608618,0.76404876,0.01297113,0.35921443,0.00264253,0.55595732,0.00968457,0.00374349,1.95426554,0.00905096,0.03745884,0.00088575
TAGG,Variance,0.02372708,0.00513968,1.83087758,0.01241947,0.04137478,0.00081758,0.01761364,0.90940694,0.00875665,0.38162025,0.00373554,0.42440565,0.01227994,0.00339945,1.91720021,0.00913974,0.03279346,0.00090903
TAGT,Variance,0.01950792,0.00694803,2.06428554,0.01098850,0.05478812,0.00114710,0.01439060,0.79839782,0.00979945,0.41738276,0.00403284,0.43400278,0.01307114,0.00265029,1.60106252,0.00917292,0.03780230,0.00069068
TATA,Variance,0.02291779,0.00666184,2.47890479,0.00726611,0.05690746,0.00126930,0.01244962,0.72590290,0.00904861,0.40933764,0.00311243,0.55097773,0.01596320,0.00232251,1.16053991,0.00908634,0.04840389,0.00073980
TATC,Variance,0.02144974,0.00832396,2.30744242,0.00805300,0.05243170,0.00123061,0.01388929,0.95924210,0.00998073,0.42934889,0.00238142,0.44073584,0.01642131,0.00232477,0.98385473,0.01428760,0.04841179,0.00058339
TATG,Variance,0.01760417,0.00748327,1.92701565,0.00717500,0.05518330,0.00113996,0.01398148,1.02866476,0.00930630,0.39595580,0.00303652,0.40904126,0.01883026,0.00223282,1.05847544,0.01029488,0.04918649,0.00071421
TATT,Variance,0.01708200,0.00865532,1.87880321,0.00937635,0.05539669,0.00145602,0.01833251,0.65560001,0.01074736,0.28631322,0.00261937,0.52101878,0.01942765,0.00252785,1.00517405,0.00802628,0.05942033,0.00101725
TCAA,Variance,0.01512507,0.00739158,2.81923821,0.00790440,0.05478458,0.00106050,0.01633569,0.49894531,0.00924963,0.30117093,0.00267305,0.67914521,0.02062427,0.00323402,1.00878037,0.00838774,0.06168536,0.00118194
TCAC,Variance,0.02339378,0.00731873,3.54256519,0.00719593,0.03574915,0.00069779,0.01110385,0.49594922,0.01127688,0.47027069,0.00239123,0.63980143,0.01805923,0.00314506,1.40262933,0.01163101,0.04982230,0.00081546
TCAG,Variance,0.01914139,0.00615803,3.16180072,0.00728242,0.03566864,0.00086853,0.01206625,0.56316020,0.00791563,0.47225442,0.00463645,0.58216312,0.01530695,0.00242403,1.40638559,0.01189313,0.04759429,0.00087549
TCAT,Variance,0.01729069,0.01008884,3.04230105,0.00691788,0.03751467,0.00091960,0.00931773,0.70302445,0.00548840,0.55965627,0.00413760,0.61028510,0.01954618,0.00245894,1.24411707,0.01035691,0.04915628,0.00097269
TCCA,Variance,0.01891884,0.00919097,3.16105998,0.00631360,0.04814915,0.00085136,0.00943942,0.55250423,0.00689431,0.72321111,0.00342611,0.61318517,0.02201450,0.00353633,1.04003515,0.00983403,0.05738419,0.00105416
TCCC,Variance,0.02139450,0.00942964,2.70594953,0.00435197,0.05178498,0.00063977,0.01063189,0.65911984,0.00630090,0.68666615,0.00314969,0.54296070,0.01874166,0.00298803,1.04404005,0.00996957,0.05906696,0.00108608
TCCG,Variance,0.01671853,0.01116191,2.44280575,0.00604157,0.04440466,0.00066657,0.01366109,0.80591111,0.00553382,0.45407145,0.00422293,0.53226330,0.02015667,0.00298626,1.08213155,0.00714220,0.05330320,0.00097477
TCCT,Variance,0.01472543,0.01275200,2.42657494,0.00810299,0.05888269,0.00093035,0.01519423,0.74184221,0.00717297,0.34803330,0.00379197,0.70630646,0.02353761,0.00416818,1.20564050,0.00589534,0.06377455,0.00131411
TCGA,Variance,0.01373166,0.01048951,3.43032609,0.00667870,0.04948795,0.00082011,0.01517068,0.55770998,0.00875966,0.30529431,0.00314141,0.87245149,0.01846505,0.00444732,1.35182490,0.00671495,0.04746169,0.00151110
TCGC,Variance,0.02127869,0.00864293,2.60152421,0.00593537,0.04484212,0.00054791,0.01307748,0.53406408,0.00662190,0.48165225,0.00510239,0.98970855,0.01173597,0.00455080,1.19958570,0.00950893,0.03972029,0.00127421
TCGG,Variance,0.02021719,0.01009401,2.27791790,0.00696370,0.04441304,0.00061694,0.01094878,0.65727014,0.00579946,0.42793692,0.00534755,0.69246898,0.01152380,0.00331022,1.66694742,0.00863376,0.03199394,0.00109189
TCGT,Variance,0.02449618,0.00974914,2.62610454,0.00662384,0.05230749,0.00068038,0.01034131,0.71291204,0.00462710,0.37157155,0.00635606,0.67769458,0.01611836,0.00392214,1.28710897,0.00763303,0.03894499,0.00114682
TCTA,Variance,0.02579007,0.00988737,2.39799628,0.00595433,0.06613733,0.00080472,0.01157094,0.80316841,0.00551134,0.46604575,0.00531083,0.76603172,0.01332736,0.00539668,1.33564538,0.00753438,0.04641134,0.00106043
TCTC,Variance,0.02379516,0.00836124,2.44210273,0.00656866,0.06486397,0.00069235,0.01423735,0.96918860,0.00598910,0.36923701,0.00344780,0.51781966,0.01287705,0.00404466,1.37140244,0.00602195,0.04615489,0.00096396
TCTG,Variance,0.02137249,0.00805382,1.59453784,0.00685457,0.07862462,0.00079293,0.01646870,0.95988683,0.00552705,0.35188826,0.00347412,0.46652067,0.01257603,0.00487788,2.11275167,0.00625099,0.03138831,0.00083136
TCTT,Variance,0.02341460,0.00926516,1.87016531,0.01011076,0.07280255,0.00074250,0.01707132,1.12915450,0.00857673,0.22556557,0.00444495,0.49494153,0.01416497,0.00602957,1.78816121,0.00486269,0.04274381,0.00124257
TGAA,Variance,0.02298361,0.00812081,2.05853404,0.01070506,0.07508676,0.00085032,0.01826880,0.78961588,0.00951012,0.27770521,0.00383024,0.60837993,0.01312547,0.00530597,1.63500385,0.00485570,0.03959485,0.00118637
TGAC,Variance,0.02945093,0.00587647,2.34450088,0.01018218,0.05808012,0.00056168,0.01443153,0.82936542,0.00896928,0.28237509,0.00416927,0.60278201,0.01097502,0.00569163,1.94434041,0.00764772,0.03515091,0.00102177
TGAG,Variance,0.03218222,0.00634269,1.91103275,0.01178437,0.06171134,0.00087789,0.01751841,0.97170611,0.00724258,0.31425649,0.00382856,0.48680348,0.00899716,0.00348859,2.55611247,0.00673517,0.02898439,0.00076818
TGAT,Variance,0.03087459,0.00742847,1.84980916,0.00848531,0.07171024,0.00079028,0.01734719,1.04269556,0.00639710,0.28050798,0.00459695,0.53600201,0.00914253,0.00369479,1.95448231,0.00846150,0.03496738,0.00084674
TGCA,Variance,0.02892676,0.00768044,1.98060807,0.00909304,0.08606148,0.00102398,0.01517363,1.06748888,0.01018077,0.32599126,0.00433540,0.50197879,0.01067063,0.00421550,1.60897032,0.00780251,0.03092840,0.00068907
TGCC,Variance,0.03224836,0.00627600,1.49734819,0.00841746,0.07640401,0.00089934,0.01602306,1.19045281,0.00816227,0.30784009,0.00286352,0.38106720,0.01203509,0.00423775,1.59458382,0.00713945,0.03489797,0.00059632
TGCG,Variance,0.03798786,0.00875497,1.33515505,0.00929925,0.05814927,0.00115109,0.02416850,1.17627774,0.00911404,0.27698770,0.00371088,0.42853624,0.01401734,0.00332312,1.57587021,0.00677548,0.04878840,0.00060732
TGCT,Variance,0.02391283,0.00598829,1.42764014,0.01312429,0.08202345,0.00156696,0.02510534,1.43845865,0.01171388,0.28599483,0.00285434,0.48167331,0.01448617,0.00449149,1.32390059,0.00579250,0.04441059,0.00071496
TGGA,Variance,0.02336997,0.00599682,1.90236043,0.01167090,0.08465028,0.00104087,0.01966129,0.89549369,0.01194952,0.22480834,0.00296274,0.54930863,0.01230795,0.00544641,1.62048416,0.00767626,0.05353016,0.00077588
TGGC,Variance,0.02641698,0.00486859,2.47470367,0.00928213,0.05916995,0.00099838,0.01761595,0.69683476,0.01016858,0.33807719,0.00309966,0.57744391,0.01146323,0.00403570,2.23653399,0.01031277,0.04048621,0.00074089
TGGG,Variance,0.03638424,0.00499852,2.27893304,0.01014857,0.05542301,0.00087149,0.01371412,0.93420617,0.00857109,0.39345671,0.00341717,0.47182024,0.01012958,0.00286323,1.94917802,0.01203467,0.03477618,0.00073011
TGGT,Variance,0.02739143,0.00808451,1.92508384,0.00963089,0.05974399,0.00109583,0.01378431,0.77281380,0.00876970,0.35468827,0.00345930,0.51419881,0.01549892,0.00280827,1.41906694,0.01104453,0.03596115,0.00091686
TGTA,Variance,0.02253285,0.00663148,2.34845392,0.00792942,0.05471794,0.00113243,0.01448864,0.70874375,0.00942860,0.36782428,0.00327639,0.46734948,0.01413304,0.00247855,1.19981651,0.01053982,0.05797096,0.00069451
TGTC,Variance,0.02592984,0.00699829,1.94392897,0.00670928,0.06551662,0.00102776,0.01412726,0.96271207,0.00977308,0.45292168,0.00298194,0.48883160,0.01357346,0.00264035,1.06442379,0.01049376,0.04541822,0.00063786
TGTG,Variance,0.02467898,0.00752381,2.07398003,0.00854162,0.04342927,0.00133203,0.01856751,1.09894649,0.00916075,0.46149405,0.00279307,0.47525414,0.01655457,0.00243770,1.33570251,0.00813231,0.04604110,0.00074838
TGTT,Variance,0.01543252,0.00825187,2.01035815,0.00897274,0.04919405,0.00120881,0.01610024,0.62040552,0.00826084,0.33452261,0.00270253,0.49353705,0.02121911,0.00330350,1.26472222,0.00772065,0.06481288,0.00098656
TTAA,Variance,0.01621992,0.00797488,2.59200245,0.00925387,0.04870293,0.00115941,0.01346738,0.56597306,0.01015337,0.38049996,0.00267893,0.67339083,0.02021693,0.00359579,1.07765679,0.00802592,0.06497712,0.00104317
TTAC,Variance,0.02260406,0.00749851,3.19075304,0.00807271,0.04284716,0.00061618,0.01121617,0.50040970,0.00971167,0.37671301,0.00301893,0.59339984,0.01595712,0.00329999,1.17687788,0.01091610,0.04803480,0.00105229
TTAG,Variance,0.01929060,0.00684236,2.61599354,0.00628447,0.03498929,0.00082291,0.01339914,0.63145732,0.00743973,0.51111105,0.00338907,0.69650349,0.01726238,0.00242591,1.51723499,0.01173211,0.04202847,0.00109897
TTAT,Variance,0.01787957,0.01025223,3.05267891,0.00644626,0.04415856,0.00070103,0.01162485,0.65528717,0.00707503,0.46194650,0.00430267,0.68218635,0.01936395,0.00302486,1.22442111,0.01168777,0.04865160,0.00091188
TTCA,Variance,0.01876651,0.00937427,3.11908521,0.00564872,0.05086285,0.00081478,0.00835420,0.60783937,0.00676440,0.55218531,0.00438536,0.63617938,0.01555171,0.00260845,0.94212995,0.00926245,0.06563758,0.00109605
TTCC,Variance,0.01834846,0.00956951,2.51553318,0.00669640,0.04626381,0.00073418,0.00924439,0.67523975,0.00597556,0.54345992,0.00326844,0.55785468,0.01883838,0.00337143,1.01818329,0.00981955,0.05486533,0.00090652
TTCG,Variance,0.01756297,0.01223122,2.14401216,0.00603456,0.04910732,0.00082574,0.01081844,0.63552841,0.00609525,0.48676037,0.00341020,0.52563569,0.02111535,0.00329832,1.09915964,0.00715287,0.06270835,0.00093339
TTCT,Variance,0.01716315,0.01251406,2.56272052,0.00746616,0.04877079,0.00071889,0.01205595,0.80380435,0.00613619,0.42689164,0.00412710,0.87908218,0.01975809,0.00416453,1.23988149,0.00616167,0.05232588,0.00120423
TTGA,Variance,0.01851278,0.00896441,2.85912639,0.00944329,0.05123927,0.00080249,0.01272970,0.60675885,0.00776637,0.29540314,0.00369788,1.07971444,0.02021998,0.00445541,1.32010175,0.00648098,0.05769550,0.00118495
TTGC,Variance,0.01826093,0.00840300,2.77767701,0.00674530,0.04126717,0.00058786,0.01220941,0.59746437,0.00637158,0.40153884,0.00327480,0.71241120,0.01378641,0.00456070,1.52065965,0.00852442,0.04723628,0.00150236
TTGG,Variance,0.02808538,0.00830469,2.59310617,0.00674588,0.04747390,0.00062970,0.01159790,0.69663047,0.00603203,0.40444198,0.00675878,0.72194115,0.01056594,0.00364711,1.47973784,0.00795342,0.03376428,0.00098379
TTGT,Variance,0.02238976,0.01037700,2.52933533,0.00705521,0.04408693,0.00083036,0.01336764,0.73232255,0.00496222,0.42672476,0.00539768,0.66821944,0.01293727,0.00405897,1.43328204,0.00667190,0.04563928,0.00096262
TTTA,Variance,0.02471932,0.01094963,2.61536755,0.00678741,0.07412085,0.00059909,0.01058334,0.83647645,0.00543918,0.41973856,0.00496496,0.57452113,0.01605075,0.00382704,1.22457902,0.00664404,0.04206311,0.00127284
TTTC,Variance,0.02862918,0.01116732,2.09968461,0.00554624,0.07024404,0.00077058,0.01199555,1.13264463,0.00694647,0.44189969,0.00476900,0.47917916,0.01206192,0.00360134,1.34761314,0.00824923,0.04432918,0.00079279
TTTG,Variance,0.02349730,0.01228086,1.59630735,0.00625176,0.05961750,0.00086067,0.01595706,1.07991342,0.00637968,0.30335112,0.00441063,0.49632387,0.01364223,0.00501143,1.25609919,0.00595064,0.04237767,0.00086537
TTTT,Variance,0.02136806,0.01071036,1.47011564,0.00955373,0.08918576,0.00100775,0.02078133,1.17352194,0.00871325,0.25844521,0.00402832,0.67169550,0.01567537,0.00564569,1.74826787,0.00480093,0.04012703,0.00105530
AA,Shape,0.16801747,0.05416172,-6.22357143,-0.24659652,0.95842424,3.35673442,-0.11509555,-0.14746107,-0.20840735,35.55143265,0.18949680,2.44497101,0.16399433,-0.15840344,-9.91958917,-0.33647623,0.51300363,3.36294026
AC,Shape,0.38691523,-0.05639332,-8.57374364,-0.22336959,1.13155743,3.34507463,-0.32170041,-0.40463017,-0.03031254,36.89080596,0.19134629,0.93681815,-0.00497053,-0.11657502,-8.75332773,-0.42601210,0.29662993,3.36814632
AG,Shape,0.20819803,-0.10222051,-7.03840957,-0.15523908,0.85955807,3.32730817,-0.34444881,1.34789637,0.16916875,36.63131459,0.07347238,0.53865109,0.11733379,-0.10707203,-11.30814191,-0.53195471,0.47236968,3.39034910
AT,Shape,0.19547164,0.01995724,-6.35616836,-0.33199348,0.37541246,3.32727796,-0.11554846,2.96051365,0.10474911,36.01555830,0.08884903,1.35446752,0.05714617,-0.24048525,-13.49267022,-0.42802993,0.96897076,3.39546538
CA,Shape,0.50075828,0.03208273,-10.28354277,-0.59372170,0.35265300,3.35244703,0.04440284,2.34744598,0.05383666,36.59466688,0.16778472,0.61870540,-0.26277941,-0.33211242,-11.14645719,-0.20530675,1.06722678,3.38961337
CC,Shape,0.52251908,-0.17482720,-13.84612619,-0.54840326,0.77046664,3.35177960,-0.05698188,2.35426870,0.19283148,37.28159050,0.08985228,-1.28925339,-0.39814728,-0.22962267,-8.36969915,-0.21439490,0.90485000,3.39301223
CG,Shape,0.10105105,-0.31795374,-12.33336554,-0.40449289,0.70286617,3.34156661,-0.01365285,4.16441820,0.29772646,36.38528847,-0.08586584,-1.85140788,-0.21950591,-0.14270416,-8.75091841,-0.27010531,1.07109738,3.41020187
CT,Shape,-0.09442073,-0.25997140,-11.43160218,-0.49457896,0.47308562,3.35767493,0.25804371,5.17911196,0.15842066,35.07744967,-0.12084578,-0.87625441,-0.14053576,-0.18966611,-9.54542180,-0.15655454,1.44402990,3.40438136
GA,Shape,0.06280846,-0.23982356,-14.18904480,-0.63606149,0.77530053,3.38028709,0.33177956,3.67134783,-0.01618864,35.16763198,-0.04185268,-0.97209781,-0.32108366,-0.19514322,-6.48358429,0.05964621,1.37730693,3.38614892
GC,Shape,-0.01955913,-0.41036217,-15.97506310,-0.45769984,1.33221534,3.39027435,0.16262584,2.50219062,0.01698387,35.42029839,-0.10171592,-2.27517952,-0.29078774,-0.05102378,-3.30457978,-0.01513012,0.91357624,3.37719913
GG,Shape,-0.45934942,-0.50050338,-12.63373237,-0.19386181,1.46702223,3.37451787,0.11291368,3.16730613,0.07063312,34.74839796,-0.21579927,-1.86942719,0.05110483,0.07166463,-4.53907825,-0.17296530,0.83321587,3.38242405
GT,Shape,-0.57444398,-0.34150228,-9.41322264,-0.20605436,1.16571829,3.37517744,0.25148971,3.22311331,-0.10547244,33.61456002,-0.17980501,-0.00506027,0.23659272,0.00043566,-6.48180201,-0.14950124,1.03021694,3.37458819
TA,Shape,-0.27116692,-0.22332582,-10.11055052,-0.27739972,1.35158667,3.39299411,0.21839410,1.06265186,-0.26093198,34.07604102,-0.02597337,0.59919518,0.10692193,-0.03950654,-5.20106120,-0.06427156,0.79043562,3.35107405
TC,Shape,-0.15299888,-0.30347781,-10.58429316,-0.12223993,1.72335496,3.37940503,-0.07780060,-0.40349218,-0.19670427,35.10880714,-0.00677659,0.04393120,0.12695165,0.05783596,-3.93139107,-0.22744242,0.31117898,3.35372563
TG,Shape,-0.36985230,-0.29021699,-7.39441476,0.08449212,1.52977014,3.35579454,-0.20800057,0.46457641,-0.09845027,34.87897593,-0.05704577,0.55317773,0.37579571,0.09726429,-6.85594090,-0.42872708,0.24397509,3.37019120
TT,Shape,-0.28301638,-0.07739103,-4.35828645,-0.02163777,1.05630852,3.35086908,-0.10487220,0.99615405,-0.14480588,34.59978013,0.02501683,2.25043151,0.42598578,-0.04221356,-10.30065994,-0.42161408,0.55591863,3.37363707
AA,Variance,0.02795995,0.00666841,1.98900025,0.00983609,0.06730532,0.00080067,0.01639052,0.92094416,0.00851690,0.29557923,0.00430749,0.56740007,0.01044873,0.00448001,2.00253898,0.00728327,0.03342883,0.00093252
AC,Variance,0.02874614,0.00753981,1.60662630,0.00931237,0.08226095,0.00113564,0.01820401,1.12717081,0.00949075,0.28773363,0.00318489,0.41330697,0.01273522,0.00393978,1.66657323,0.00709384,0.03734810,0.00067772
AG,Variance,0.02479344,0.00595676,2.12465164,0.01051177,0.05604948,0.00101468,0.01660230,0.82051326,0.01094108,0.32245247,0.00316121,0.50461579,0.01289408,0.00336354,1.74820644,0.00941546,0.03957283,0.00081067
AT,Variance,0.02065524,0.00794105,2.25426580,0.00823967,0.05660371,0.00122335,0.01483383,0.80721450,0.00942765,0.38153822,0.00279526,0.47946357,0.01713434,0.00274411,1.14584275,0.00989713,0.05319354,0.00076957
CA,Variance,0.01812310,0.00784634,3.04362678,0.00770413,0.04361485,0.00088312,0.01219408,0.59158838,0.00840395,0.45691920,0.00326100,0.66298869,0.01748860,0.00298143,1.27807713,0.01060561,0.05328393,0.00099254
CC,Variance,0.01813135,0.01115665,2.67920579,0.00625975,0.05179288,0.00085250,0.01153416,0.72880396,0.00665214,0.50393694,0.00381406,0.63172321,0.01981129,0.00328818,1.04702617,0.00813140,0.05845827,0.00107857
CG,Variance,0.02040605,0.00941717,2.85386883,0.00681728,0.04939115,0.00067582,0.01177319,0.67126805,0.00662746,0.41238039,0.00474544,0.79351487,0.01446193,0.00422908,1.45556972,0.00758688,0.04417942,0.00124217
CT,Variance,0.02493331,0.00942880,2.03981423,0.00743888,0.07069370,0.00077869,0.01500986,0.93885238,0.00665722,0.34453213,0.00450976,0.58495804,0.01402901,0.00468105,1.43008549,0.00605049,0.04238055,0.00099217
GA,Variance,0.02817618,0.00727907,2.07107899,0.00965745,0.06775158,0.00079913,0.01643585,0.91734972,0.00852724,0.29673106,0.00436494,0.57107454,0.01039025,0.00462441,1.96320567,0.00734588,0.03342837,0.00097190
GC,Variance,0.02904786,0.00720930,1.63938398,0.00991223,0.08010785,0.00112708,0.01946183,1.17514193,0.00947786,0.28931017,0.00333232,0.42291672,0.01259198,0.00404847,1.63299584,0.00721471,0.03759043,0.00065030
GG,Variance,0.02615954,0.00589023,2.13953756,0.01082233,0.05950596,0.00103542,0.01698798,0.84491430,0.01069647,0.32890649,0.00317819,0.48634143,0.01242906,0.00358203,1.80442544,0.00996373,0.03980227,0.00077764
GT,Variance,0.02095063,0.00768348,2.24384632,0.00860824,0.05768512,0.00116124,0.01530988,0.81079158,0.00956962,0.40730142,0.00277721,0.47487935,0.01809267,0.00285652,1.26095839,0.00981847,0.05491430,0.00076897
TA,Variance,0.01808649,0.00836400,2.88533077,0.00769464,0.04345012,0.00084989,0.01216412,0.61064411,0.00913892,0.46416882,0.00332288,0.66084597,0.01773041,0.00304000,1.29056540,0.01062025,0.05379140,0.00107180
TC,Variance,0.01857550,0.01112944,2.64945812,0.00620912,0.05185259,0.00083605,0.01128796,0.69820561,0.00636539,0.46652490,0.00371519,0.66090570,0.01929710,0.00328453,1.07924509,0.00827320,0.05947722,0.00102080
TG,Variance,0.02074034,0.00901236,2.84337789,0.00699877,0.04763512,0.00068971,0.01179660,0.65706342,0.00664976,0.41118625,0.00471741,0.78860287,0.01421240,0.00422768,1.42297931,0.00737095,0.04517698,0.00128099
TT,Variance,0.02491026,0.01030597,1.96410734,0.00696576,0.07132527,0.00080713,0.01471422,0.98328443,0.00655504,0.34263054,0.00440779,0.57309977,0.01339615,0.00442541,1.44349906,0.00612402,0.04211188,0.00092352
